lead_id,channel,touchpoint_timestamp,touchpoint_order,converted,conversion_value
1,Email,2024-03-08,1,0,0.0
1,Cold Outbound,2024-03-08,2,0,0.0
1,Google Ads,2024-03-11,3,0,0.0
2,Content/Webinar,2024-11-20,1,0,0.0
2,Email,2024-11-21,2,0,0.0
2,Email,2024-11-26,3,0,0.0
3,Email,2024-10-12,1,0,0.0
3,Organic/SEO,2024-10-16,2,0,0.0
3,LinkedIn Ads,2024-10-17,3,0,0.0
3,Content/Webinar,2024-10-20,4,0,0.0
4,Cold Outbound,2024-08-13,1,0,0.0
4,Cold Outbound,2024-08-17,2,0,0.0
5,Content/Webinar,2024-09-04,1,0,0.0
5,Content/Webinar,2024-09-08,2,0,0.0
6,Email,2024-08-16,1,0,0.0
6,Email,2024-08-18,2,0,0.0
6,LinkedIn Ads,2024-08-19,3,0,0.0
6,Organic/SEO,2024-08-20,4,0,0.0
6,Content/Webinar,2024-08-23,5,0,0.0
7,Google Ads,2024-08-11,1,0,0.0
7,Email,2024-08-16,2,0,0.0
7,Cold Outbound,2024-08-18,3,0,0.0
7,Cold Outbound,2024-08-23,4,0,0.0
8,Organic/SEO,2024-04-06,1,1,10082.32
9,Google Ads,2024-06-17,1,1,7678.82
9,Google Ads,2024-06-20,2,1,7678.82
9,Email,2024-06-20,3,1,7678.82
10,LinkedIn Ads,2024-02-16,1,0,0.0
10,Google Ads,2024-02-19,2,0,0.0
11,Email,2024-07-30,1,1,14944.99
11,Referral,2024-08-01,2,1,14944.99
12,Organic/SEO,2024-05-25,1,0,0.0
12,Content/Webinar,2024-05-27,2,0,0.0
12,Organic/SEO,2024-05-30,3,0,0.0
12,Organic/SEO,2024-05-30,4,0,0.0
13,Email,2024-07-04,1,1,9501.23
13,Cold Outbound,2024-07-06,2,1,9501.23
13,Organic/SEO,2024-07-06,3,1,9501.23
14,Organic/SEO,2024-11-08,1,0,0.0
14,LinkedIn Ads,2024-11-08,2,0,0.0
15,Email,2024-08-15,1,0,0.0
15,Email,2024-08-18,2,0,0.0
16,Content/Webinar,2024-04-22,1,0,0.0
17,Organic/SEO,2024-11-16,1,0,0.0
17,Cold Outbound,2024-11-17,2,0,0.0
17,Google Ads,2024-11-21,3,0,0.0
18,Content/Webinar,2024-05-28,1,0,0.0
19,Email,2024-10-27,1,0,0.0
20,Cold Outbound,2024-01-07,1,0,0.0
21,Google Ads,2024-09-09,1,1,8158.07
21,LinkedIn Ads,2024-09-09,2,1,8158.07
22,LinkedIn Ads,2024-08-04,1,0,0.0
23,Content/Webinar,2024-02-28,1,0,0.0
24,LinkedIn Ads,2024-07-14,1,0,0.0
24,Email,2024-07-14,2,0,0.0
24,LinkedIn Ads,2024-07-19,3,0,0.0
24,Referral,2024-07-21,4,0,0.0
25,LinkedIn Ads,2024-06-09,1,0,0.0
26,LinkedIn Ads,2024-10-09,1,0,0.0
26,LinkedIn Ads,2024-10-11,2,0,0.0
26,Organic/SEO,2024-10-12,3,0,0.0
26,Email,2024-10-12,4,0,0.0
26,LinkedIn Ads,2024-10-14,5,0,0.0
27,LinkedIn Ads,2024-10-02,1,1,10722.4
28,Google Ads,2024-08-31,1,0,0.0
29,Cold Outbound,2024-08-30,1,0,0.0
30,LinkedIn Ads,2024-07-01,1,0,0.0
31,Email,2024-05-03,1,1,4449.11
31,Cold Outbound,2024-05-08,2,1,4449.11
31,Organic/SEO,2024-05-09,3,1,4449.11
31,LinkedIn Ads,2024-05-14,4,1,4449.11
32,Cold Outbound,2024-11-07,1,0,0.0
32,Cold Outbound,2024-11-07,2,0,0.0
33,LinkedIn Ads,2024-09-06,1,0,0.0
33,Email,2024-09-08,2,0,0.0
33,Google Ads,2024-09-10,3,0,0.0
33,Google Ads,2024-09-15,4,0,0.0
34,Cold Outbound,2024-02-01,1,0,0.0
35,Cold Outbound,2024-10-24,1,0,0.0
36,Cold Outbound,2024-02-21,1,0,0.0
36,Organic/SEO,2024-02-26,2,0,0.0
36,Email,2024-03-01,3,0,0.0
37,Content/Webinar,2024-02-28,1,1,19520.2
37,Referral,2024-02-29,2,1,19520.2
38,LinkedIn Ads,2024-11-04,1,0,0.0
39,Cold Outbound,2024-08-19,1,0,0.0
40,Content/Webinar,2024-01-27,1,0,0.0
40,Content/Webinar,2024-01-29,2,0,0.0
40,Cold Outbound,2024-02-03,3,0,0.0
41,Cold Outbound,2024-04-10,1,0,0.0
41,Organic/SEO,2024-04-12,2,0,0.0
41,Cold Outbound,2024-04-12,3,0,0.0
42,Content/Webinar,2024-01-03,1,0,0.0
42,Content/Webinar,2024-01-08,2,0,0.0
42,Email,2024-01-08,3,0,0.0
43,LinkedIn Ads,2024-07-17,1,0,0.0
43,Google Ads,2024-07-18,2,0,0.0
43,Referral,2024-07-22,3,0,0.0
43,Content/Webinar,2024-07-23,4,0,0.0
44,Google Ads,2024-09-22,1,0,0.0
44,Cold Outbound,2024-09-26,2,0,0.0
45,Email,2024-07-19,1,0,0.0
45,Google Ads,2024-07-24,2,0,0.0
46,Organic/SEO,2024-10-15,1,0,0.0
47,Content/Webinar,2024-03-05,1,1,14130.68
47,Content/Webinar,2024-03-09,2,1,14130.68
47,LinkedIn Ads,2024-03-10,3,1,14130.68
47,Content/Webinar,2024-03-11,4,1,14130.68
48,Organic/SEO,2024-07-11,1,1,3190.33
49,Organic/SEO,2024-02-21,1,1,8320.29
50,Email,2024-09-02,1,1,5814.98
50,Email,2024-09-07,2,1,5814.98
50,LinkedIn Ads,2024-09-11,3,1,5814.98
51,Organic/SEO,2024-10-10,1,0,0.0
52,Content/Webinar,2024-11-04,1,1,8834.21
52,Email,2024-11-07,2,1,8834.21
53,Cold Outbound,2024-08-17,1,0,0.0
54,Cold Outbound,2024-02-03,1,0,0.0
54,Cold Outbound,2024-02-06,2,0,0.0
54,Google Ads,2024-02-10,3,0,0.0
54,Google Ads,2024-02-14,4,0,0.0
55,Cold Outbound,2024-02-14,1,0,0.0
55,LinkedIn Ads,2024-02-18,2,0,0.0
56,Content/Webinar,2024-05-08,1,0,0.0
57,Organic/SEO,2024-06-17,1,0,0.0
57,Email,2024-06-19,2,0,0.0
58,Google Ads,2024-09-20,1,0,0.0
58,Organic/SEO,2024-09-25,2,0,0.0
59,Email,2024-11-15,1,0,0.0
59,LinkedIn Ads,2024-11-20,2,0,0.0
60,LinkedIn Ads,2024-01-12,1,0,0.0
60,Google Ads,2024-01-13,2,0,0.0
60,Organic/SEO,2024-01-16,3,0,0.0
60,Google Ads,2024-01-20,4,0,0.0
61,Google Ads,2024-07-30,1,0,0.0
62,Cold Outbound,2024-02-01,1,0,0.0
63,Cold Outbound,2024-01-31,1,0,0.0
63,LinkedIn Ads,2024-02-01,2,0,0.0
63,Google Ads,2024-02-05,3,0,0.0
63,Google Ads,2024-02-08,4,0,0.0
63,Cold Outbound,2024-02-08,5,0,0.0
64,LinkedIn Ads,2024-02-01,1,0,0.0
65,LinkedIn Ads,2024-11-02,1,0,0.0
65,Google Ads,2024-11-06,2,0,0.0
66,Cold Outbound,2024-08-28,1,0,0.0
66,Content/Webinar,2024-08-28,2,0,0.0
66,Content/Webinar,2024-08-30,3,0,0.0
67,Google Ads,2024-08-07,1,0,0.0
67,Email,2024-08-11,2,0,0.0
67,Cold Outbound,2024-08-15,3,0,0.0
68,Email,2024-11-16,1,0,0.0
68,Content/Webinar,2024-11-16,2,0,0.0
69,Email,2024-02-28,1,0,0.0
69,Google Ads,2024-03-02,2,0,0.0
70,LinkedIn Ads,2024-01-02,1,0,0.0
70,Email,2024-01-06,2,0,0.0
70,Cold Outbound,2024-01-11,3,0,0.0
71,Google Ads,2024-11-12,1,0,0.0
71,Content/Webinar,2024-11-15,2,0,0.0
71,LinkedIn Ads,2024-11-15,3,0,0.0
71,Google Ads,2024-11-15,4,0,0.0
72,Email,2024-05-31,1,0,0.0
73,Cold Outbound,2024-06-30,1,0,0.0
73,Google Ads,2024-06-30,2,0,0.0
74,Organic/SEO,2024-01-08,1,1,7382.2
74,Cold Outbound,2024-01-11,2,1,7382.2
74,Content/Webinar,2024-01-11,3,1,7382.2
74,Cold Outbound,2024-01-14,4,1,7382.2
75,Organic/SEO,2024-05-30,1,0,0.0
76,Cold Outbound,2024-02-17,1,0,0.0
77,Referral,2024-02-22,1,0,0.0
78,Organic/SEO,2024-01-18,1,0,0.0
78,Cold Outbound,2024-01-23,2,0,0.0
78,Content/Webinar,2024-01-28,3,0,0.0
78,Cold Outbound,2024-01-28,4,0,0.0
79,Content/Webinar,2024-09-14,1,0,0.0
79,Organic/SEO,2024-09-17,2,0,0.0
79,Content/Webinar,2024-09-21,3,0,0.0
79,LinkedIn Ads,2024-09-24,4,0,0.0
80,Google Ads,2024-07-28,1,0,0.0
81,Google Ads,2024-06-23,1,0,0.0
82,Google Ads,2024-11-22,1,1,10073.17
83,Organic/SEO,2024-05-05,1,0,0.0
83,Content/Webinar,2024-05-10,2,0,0.0
83,Organic/SEO,2024-05-13,3,0,0.0
84,LinkedIn Ads,2024-06-01,1,0,0.0
84,Content/Webinar,2024-06-04,2,0,0.0
84,Cold Outbound,2024-06-05,3,0,0.0
85,Google Ads,2024-06-02,1,0,0.0
85,Cold Outbound,2024-06-05,2,0,0.0
85,Content/Webinar,2024-06-09,3,0,0.0
86,Content/Webinar,2024-05-14,1,0,0.0
87,Email,2024-05-13,1,0,0.0
87,Google Ads,2024-05-16,2,0,0.0
88,Organic/SEO,2024-07-19,1,1,8184.0
88,LinkedIn Ads,2024-07-20,2,1,8184.0
89,Organic/SEO,2024-04-26,1,0,0.0
89,LinkedIn Ads,2024-04-29,2,0,0.0
90,Google Ads,2024-04-24,1,0,0.0
90,Email,2024-04-27,2,0,0.0
90,Google Ads,2024-04-28,3,0,0.0
91,LinkedIn Ads,2024-05-23,1,0,0.0
91,Google Ads,2024-05-26,2,0,0.0
92,LinkedIn Ads,2024-10-22,1,0,0.0
92,Google Ads,2024-10-23,2,0,0.0
93,Content/Webinar,2024-04-14,1,1,7086.73
93,Content/Webinar,2024-04-19,2,1,7086.73
94,Organic/SEO,2024-10-07,1,1,8790.21
94,Email,2024-10-07,2,1,8790.21
95,Email,2024-09-04,1,0,0.0
95,Content/Webinar,2024-09-07,2,0,0.0
95,Google Ads,2024-09-09,3,0,0.0
95,Content/Webinar,2024-09-12,4,0,0.0
96,Email,2024-11-15,1,0,0.0
96,Google Ads,2024-11-19,2,0,0.0
96,Google Ads,2024-11-21,3,0,0.0
97,Organic/SEO,2024-09-08,1,0,0.0
98,Cold Outbound,2024-06-23,1,0,0.0
99,Cold Outbound,2024-08-04,1,0,0.0
99,Cold Outbound,2024-08-04,2,0,0.0
100,Content/Webinar,2024-01-14,1,0,0.0
100,Google Ads,2024-01-16,2,0,0.0
101,Organic/SEO,2024-03-22,1,1,5095.67
102,LinkedIn Ads,2024-10-29,1,0,0.0
103,Content/Webinar,2024-10-06,1,0,0.0
103,Organic/SEO,2024-10-11,2,0,0.0
104,Google Ads,2024-08-29,1,0,0.0
104,Google Ads,2024-08-31,2,0,0.0
104,Content/Webinar,2024-09-04,3,0,0.0
105,LinkedIn Ads,2024-06-28,1,0,0.0
105,Google Ads,2024-06-30,2,0,0.0
105,Cold Outbound,2024-07-05,3,0,0.0
105,LinkedIn Ads,2024-07-06,4,0,0.0
106,LinkedIn Ads,2024-07-14,1,0,0.0
106,LinkedIn Ads,2024-07-17,2,0,0.0
107,Google Ads,2024-02-04,1,0,0.0
107,Organic/SEO,2024-02-05,2,0,0.0
107,Email,2024-02-05,3,0,0.0
107,Organic/SEO,2024-02-08,4,0,0.0
108,LinkedIn Ads,2024-11-04,1,0,0.0
108,Referral,2024-11-06,2,0,0.0
109,Cold Outbound,2024-04-02,1,0,0.0
109,Google Ads,2024-04-07,2,0,0.0
109,LinkedIn Ads,2024-04-11,3,0,0.0
110,Cold Outbound,2024-01-25,1,0,0.0
110,Google Ads,2024-01-25,2,0,0.0
110,Cold Outbound,2024-01-28,3,0,0.0
111,Google Ads,2024-08-31,1,0,0.0
111,Cold Outbound,2024-08-31,2,0,0.0
112,Google Ads,2024-11-23,1,0,0.0
112,Email,2024-11-24,2,0,0.0
112,Content/Webinar,2024-11-24,3,0,0.0
113,Cold Outbound,2024-04-18,1,0,0.0
113,LinkedIn Ads,2024-04-23,2,0,0.0
114,Content/Webinar,2024-03-29,1,1,4236.21
114,LinkedIn Ads,2024-04-03,2,1,4236.21
114,Cold Outbound,2024-04-05,3,1,4236.21
115,Content/Webinar,2024-09-30,1,0,0.0
116,Google Ads,2024-05-11,1,0,0.0
116,Cold Outbound,2024-05-15,2,0,0.0
116,Google Ads,2024-05-17,3,0,0.0
117,Cold Outbound,2024-01-17,1,1,8013.56
117,Referral,2024-01-18,2,1,8013.56
117,LinkedIn Ads,2024-01-22,3,1,8013.56
118,Google Ads,2024-09-16,1,0,0.0
118,Organic/SEO,2024-09-21,2,0,0.0
118,Cold Outbound,2024-09-26,3,0,0.0
118,Email,2024-09-27,4,0,0.0
119,Organic/SEO,2024-10-15,1,1,4051.56
119,Cold Outbound,2024-10-16,2,1,4051.56
120,Cold Outbound,2024-09-15,1,0,0.0
120,Cold Outbound,2024-09-17,2,0,0.0
120,Organic/SEO,2024-09-20,3,0,0.0
121,Google Ads,2024-02-15,1,1,6019.79
121,LinkedIn Ads,2024-02-17,2,1,6019.79
121,Email,2024-02-17,3,1,6019.79
121,Cold Outbound,2024-02-17,4,1,6019.79
121,LinkedIn Ads,2024-02-19,5,1,6019.79
122,Email,2024-11-16,1,0,0.0
123,Cold Outbound,2024-07-30,1,0,0.0
123,Google Ads,2024-08-02,2,0,0.0
124,Organic/SEO,2024-06-29,1,0,0.0
124,Email,2024-07-04,2,0,0.0
124,Cold Outbound,2024-07-08,3,0,0.0
124,LinkedIn Ads,2024-07-09,4,0,0.0
125,Organic/SEO,2024-07-15,1,0,0.0
126,Cold Outbound,2024-01-01,1,0,0.0
127,Google Ads,2024-04-04,1,0,0.0
127,Email,2024-04-09,2,0,0.0
127,LinkedIn Ads,2024-04-14,3,0,0.0
128,Cold Outbound,2024-04-16,1,0,0.0
128,Google Ads,2024-04-16,2,0,0.0
128,Organic/SEO,2024-04-18,3,0,0.0
128,LinkedIn Ads,2024-04-21,4,0,0.0
129,Email,2024-11-08,1,1,8698.34
129,Referral,2024-11-13,2,1,8698.34
130,Content/Webinar,2024-11-23,1,0,0.0
131,Content/Webinar,2024-05-31,1,1,11680.09
131,Content/Webinar,2024-06-03,2,1,11680.09
132,Email,2024-05-08,1,0,0.0
133,Referral,2024-05-18,1,1,9589.84
133,Content/Webinar,2024-05-23,2,1,9589.84
134,Email,2024-07-02,1,0,0.0
134,Email,2024-07-06,2,0,0.0
135,Email,2024-07-17,1,0,0.0
136,Organic/SEO,2024-03-21,1,0,0.0
136,Email,2024-03-23,2,0,0.0
136,Cold Outbound,2024-03-23,3,0,0.0
137,Content/Webinar,2024-01-07,1,0,0.0
137,Content/Webinar,2024-01-12,2,0,0.0
137,Content/Webinar,2024-01-12,3,0,0.0
138,Content/Webinar,2024-01-04,1,0,0.0
139,LinkedIn Ads,2024-03-17,1,0,0.0
140,Cold Outbound,2024-07-15,1,0,0.0
141,Google Ads,2024-11-27,1,0,0.0
142,Email,2024-10-11,1,0,0.0
142,Google Ads,2024-10-15,2,0,0.0
142,Cold Outbound,2024-10-19,3,0,0.0
142,Email,2024-10-19,4,0,0.0
143,Organic/SEO,2024-04-16,1,1,5425.35
143,Email,2024-04-20,2,1,5425.35
143,Email,2024-04-20,3,1,5425.35
144,Organic/SEO,2024-08-07,1,0,0.0
145,Email,2024-08-29,1,1,10930.95
145,Cold Outbound,2024-08-30,2,1,10930.95
145,LinkedIn Ads,2024-08-30,3,1,10930.95
146,LinkedIn Ads,2024-02-10,1,1,4165.8
147,LinkedIn Ads,2024-11-26,1,1,9945.68
147,Content/Webinar,2024-11-26,2,1,9945.68
147,Cold Outbound,2024-11-29,3,1,9945.68
147,Cold Outbound,2024-11-30,4,1,9945.68
147,LinkedIn Ads,2024-12-01,5,1,9945.68
148,Google Ads,2024-11-21,1,1,7765.71
149,Cold Outbound,2024-10-05,1,0,0.0
150,LinkedIn Ads,2024-06-26,1,0,0.0
150,Email,2024-06-30,2,0,0.0
150,Google Ads,2024-07-04,3,0,0.0
151,Email,2024-07-07,1,0,0.0
151,LinkedIn Ads,2024-07-09,2,0,0.0
151,Referral,2024-07-11,3,0,0.0
151,Google Ads,2024-07-16,4,0,0.0
151,LinkedIn Ads,2024-07-16,5,0,0.0
152,Google Ads,2024-04-29,1,0,0.0
152,Content/Webinar,2024-05-04,2,0,0.0
153,Cold Outbound,2024-11-23,1,0,0.0
154,Google Ads,2024-10-30,1,0,0.0
154,Cold Outbound,2024-11-02,2,0,0.0
155,Google Ads,2024-05-06,1,0,0.0
155,Google Ads,2024-05-08,2,0,0.0
155,LinkedIn Ads,2024-05-08,3,0,0.0
156,Google Ads,2024-05-31,1,0,0.0
156,Content/Webinar,2024-05-31,2,0,0.0
156,Organic/SEO,2024-06-01,3,0,0.0
156,Google Ads,2024-06-06,4,0,0.0
157,Cold Outbound,2024-04-25,1,0,0.0
157,Email,2024-04-28,2,0,0.0
157,Email,2024-05-01,3,0,0.0
158,Cold Outbound,2024-07-12,1,0,0.0
158,LinkedIn Ads,2024-07-14,2,0,0.0
158,Organic/SEO,2024-07-16,3,0,0.0
159,Organic/SEO,2024-04-12,1,0,0.0
160,Organic/SEO,2024-08-15,1,0,0.0
160,Content/Webinar,2024-08-17,2,0,0.0
160,Google Ads,2024-08-18,3,0,0.0
160,Cold Outbound,2024-08-23,4,0,0.0
160,Organic/SEO,2024-08-24,5,0,0.0
161,Organic/SEO,2024-01-03,1,0,0.0
161,Content/Webinar,2024-01-05,2,0,0.0
162,LinkedIn Ads,2024-02-15,1,0,0.0
162,Content/Webinar,2024-02-16,2,0,0.0
162,Organic/SEO,2024-02-17,3,0,0.0
163,Cold Outbound,2024-09-11,1,0,0.0
163,Cold Outbound,2024-09-13,2,0,0.0
163,Cold Outbound,2024-09-13,3,0,0.0
163,Content/Webinar,2024-09-18,4,0,0.0
164,Cold Outbound,2024-04-11,1,0,0.0
165,Organic/SEO,2024-05-31,1,0,0.0
165,Organic/SEO,2024-05-31,2,0,0.0
166,Google Ads,2024-10-05,1,0,0.0
166,Organic/SEO,2024-10-07,2,0,0.0
166,Email,2024-10-07,3,0,0.0
167,Cold Outbound,2024-09-10,1,0,0.0
168,Content/Webinar,2024-08-04,1,0,0.0
168,Organic/SEO,2024-08-06,2,0,0.0
168,Cold Outbound,2024-08-06,3,0,0.0
168,Organic/SEO,2024-08-08,4,0,0.0
169,Cold Outbound,2024-06-27,1,0,0.0
169,Cold Outbound,2024-06-30,2,0,0.0
169,Email,2024-07-04,3,0,0.0
170,Cold Outbound,2024-03-23,1,0,0.0
171,LinkedIn Ads,2024-05-10,1,1,5256.64
171,LinkedIn Ads,2024-05-13,2,1,5256.64
171,LinkedIn Ads,2024-05-17,3,1,5256.64
172,LinkedIn Ads,2024-05-24,1,1,11251.64
172,Cold Outbound,2024-05-24,2,1,11251.64
172,Organic/SEO,2024-05-25,3,1,11251.64
172,LinkedIn Ads,2024-05-30,4,1,11251.64
172,Organic/SEO,2024-05-30,5,1,11251.64
173,Google Ads,2024-11-19,1,0,0.0
173,LinkedIn Ads,2024-11-21,2,0,0.0
174,Cold Outbound,2024-02-17,1,0,0.0
175,Content/Webinar,2024-09-29,1,1,4054.42
175,Cold Outbound,2024-10-03,2,1,4054.42
176,Google Ads,2024-04-23,1,0,0.0
176,Google Ads,2024-04-27,2,0,0.0
176,Google Ads,2024-04-28,3,0,0.0
177,Google Ads,2024-07-03,1,0,0.0
177,Referral,2024-07-08,2,0,0.0
178,Email,2024-09-22,1,0,0.0
179,Email,2024-02-12,1,0,0.0
179,Cold Outbound,2024-02-14,2,0,0.0
179,Email,2024-02-18,3,0,0.0
180,LinkedIn Ads,2024-06-24,1,0,0.0
180,LinkedIn Ads,2024-06-26,2,0,0.0
180,Cold Outbound,2024-06-29,3,0,0.0
181,Content/Webinar,2024-02-29,1,0,0.0
181,Email,2024-03-01,2,0,0.0
181,Cold Outbound,2024-03-06,3,0,0.0
181,Google Ads,2024-03-08,4,0,0.0
182,Cold Outbound,2024-06-25,1,0,0.0
182,Email,2024-06-29,2,0,0.0
183,Google Ads,2024-09-02,1,0,0.0
183,LinkedIn Ads,2024-09-06,2,0,0.0
184,Email,2024-10-29,1,1,7672.43
184,Email,2024-10-30,2,1,7672.43
184,Email,2024-10-30,3,1,7672.43
185,Google Ads,2024-09-25,1,0,0.0
185,Referral,2024-09-26,2,0,0.0
185,Email,2024-09-26,3,0,0.0
186,Google Ads,2024-09-16,1,0,0.0
187,Content/Webinar,2024-04-03,1,0,0.0
188,Organic/SEO,2024-04-04,1,0,0.0
188,LinkedIn Ads,2024-04-07,2,0,0.0
188,Google Ads,2024-04-10,3,0,0.0
188,Cold Outbound,2024-04-14,4,0,0.0
189,Cold Outbound,2024-03-25,1,1,5800.43
189,Email,2024-03-27,2,1,5800.43
190,Google Ads,2024-08-16,1,0,0.0
190,Email,2024-08-17,2,0,0.0
190,Cold Outbound,2024-08-18,3,0,0.0
190,Cold Outbound,2024-08-23,4,0,0.0
191,Email,2024-06-30,1,0,0.0
191,Organic/SEO,2024-07-05,2,0,0.0
191,Cold Outbound,2024-07-10,3,0,0.0
192,Google Ads,2024-08-21,1,0,0.0
192,Google Ads,2024-08-22,2,0,0.0
192,Google Ads,2024-08-25,3,0,0.0
192,LinkedIn Ads,2024-08-28,4,0,0.0
192,Email,2024-08-31,5,0,0.0
193,Email,2024-04-06,1,0,0.0
193,Organic/SEO,2024-04-07,2,0,0.0
193,Cold Outbound,2024-04-12,3,0,0.0
194,Email,2024-05-31,1,0,0.0
195,Google Ads,2024-09-22,1,1,6120.5
196,Organic/SEO,2024-04-06,1,0,0.0
196,Content/Webinar,2024-04-11,2,0,0.0
196,Email,2024-04-14,3,0,0.0
196,Google Ads,2024-04-14,4,0,0.0
196,Cold Outbound,2024-04-19,5,0,0.0
197,Cold Outbound,2024-02-15,1,0,0.0
198,Cold Outbound,2024-07-10,1,0,0.0
199,LinkedIn Ads,2024-02-28,1,0,0.0
199,Google Ads,2024-03-03,2,0,0.0
200,LinkedIn Ads,2024-08-05,1,1,7705.85
200,Content/Webinar,2024-08-06,2,1,7705.85
200,Google Ads,2024-08-08,3,1,7705.85
200,Cold Outbound,2024-08-09,4,1,7705.85
200,Email,2024-08-11,5,1,7705.85
201,Google Ads,2024-10-28,1,0,0.0
201,Cold Outbound,2024-11-01,2,0,0.0
202,Google Ads,2024-02-25,1,0,0.0
202,Cold Outbound,2024-02-27,2,0,0.0
203,Cold Outbound,2024-10-31,1,0,0.0
204,Content/Webinar,2024-02-01,1,0,0.0
204,Content/Webinar,2024-02-02,2,0,0.0
205,Referral,2024-01-01,1,0,0.0
205,Google Ads,2024-01-03,2,0,0.0
205,Cold Outbound,2024-01-04,3,0,0.0
206,Cold Outbound,2024-05-20,1,0,0.0
206,LinkedIn Ads,2024-05-22,2,0,0.0
206,Cold Outbound,2024-05-25,3,0,0.0
206,Content/Webinar,2024-05-29,4,0,0.0
207,LinkedIn Ads,2024-04-12,1,0,0.0
207,Google Ads,2024-04-14,2,0,0.0
207,LinkedIn Ads,2024-04-16,3,0,0.0
208,Content/Webinar,2024-03-13,1,0,0.0
208,Content/Webinar,2024-03-13,2,0,0.0
208,Organic/SEO,2024-03-14,3,0,0.0
209,Cold Outbound,2024-11-24,1,0,0.0
209,Content/Webinar,2024-11-27,2,0,0.0
210,Cold Outbound,2024-11-14,1,0,0.0
210,Cold Outbound,2024-11-19,2,0,0.0
211,Google Ads,2024-11-11,1,0,0.0
212,LinkedIn Ads,2024-04-06,1,1,2296.75
212,Cold Outbound,2024-04-08,2,1,2296.75
213,LinkedIn Ads,2024-08-24,1,0,0.0
213,Organic/SEO,2024-08-25,2,0,0.0
213,Email,2024-08-29,3,0,0.0
214,Email,2024-02-14,1,0,0.0
214,Organic/SEO,2024-02-17,2,0,0.0
215,Google Ads,2024-04-30,1,0,0.0
215,Content/Webinar,2024-04-30,2,0,0.0
216,Google Ads,2024-10-03,1,1,6151.78
216,Organic/SEO,2024-10-05,2,1,6151.78
216,Cold Outbound,2024-10-10,3,1,6151.78
216,LinkedIn Ads,2024-10-15,4,1,6151.78
217,Organic/SEO,2024-10-24,1,0,0.0
217,Google Ads,2024-10-24,2,0,0.0
217,Organic/SEO,2024-10-26,3,0,0.0
218,Content/Webinar,2024-03-09,1,0,0.0
219,Email,2024-06-23,1,0,0.0
219,Content/Webinar,2024-06-25,2,0,0.0
220,Organic/SEO,2024-08-20,1,0,0.0
220,Cold Outbound,2024-08-20,2,0,0.0
220,Cold Outbound,2024-08-24,3,0,0.0
221,Content/Webinar,2024-02-05,1,0,0.0
221,Cold Outbound,2024-02-05,2,0,0.0
221,Google Ads,2024-02-09,3,0,0.0
222,Content/Webinar,2024-10-31,1,0,0.0
222,Email,2024-11-04,2,0,0.0
222,Email,2024-11-09,3,0,0.0
222,Cold Outbound,2024-11-10,4,0,0.0
222,LinkedIn Ads,2024-11-14,5,0,0.0
223,Cold Outbound,2024-11-21,1,0,0.0
223,Email,2024-11-25,2,0,0.0
224,Email,2024-05-12,1,0,0.0
225,Cold Outbound,2024-01-11,1,0,0.0
226,Email,2024-07-15,1,0,0.0
226,Google Ads,2024-07-17,2,0,0.0
227,Email,2024-11-04,1,0,0.0
227,Email,2024-11-09,2,0,0.0
228,LinkedIn Ads,2024-07-08,1,1,4162.44
228,Email,2024-07-08,2,1,4162.44
228,Email,2024-07-10,3,1,4162.44
229,Email,2024-09-09,1,0,0.0
229,Organic/SEO,2024-09-13,2,0,0.0
229,LinkedIn Ads,2024-09-16,3,0,0.0
230,LinkedIn Ads,2024-03-26,1,0,0.0
230,Google Ads,2024-03-31,2,0,0.0
230,Content/Webinar,2024-04-02,3,0,0.0
230,Cold Outbound,2024-04-02,4,0,0.0
231,Referral,2024-11-03,1,0,0.0
232,Referral,2024-02-20,1,0,0.0
232,Google Ads,2024-02-25,2,0,0.0
233,Referral,2024-11-07,1,0,0.0
233,Google Ads,2024-11-08,2,0,0.0
234,LinkedIn Ads,2024-08-11,1,0,0.0
234,Organic/SEO,2024-08-11,2,0,0.0
235,LinkedIn Ads,2024-01-26,1,0,0.0
235,Cold Outbound,2024-01-31,2,0,0.0
236,LinkedIn Ads,2024-11-16,1,0,0.0
237,Cold Outbound,2024-10-19,1,0,0.0
238,Cold Outbound,2024-10-30,1,0,0.0
238,Google Ads,2024-11-01,2,0,0.0
239,Content/Webinar,2024-03-14,1,0,0.0
239,Google Ads,2024-03-19,2,0,0.0
240,Cold Outbound,2024-11-09,1,0,0.0
240,Referral,2024-11-12,2,0,0.0
241,Organic/SEO,2024-09-20,1,0,0.0
241,Google Ads,2024-09-23,2,0,0.0
241,Email,2024-09-23,3,0,0.0
242,Organic/SEO,2024-01-14,1,0,0.0
242,Content/Webinar,2024-01-17,2,0,0.0
243,Cold Outbound,2024-03-03,1,0,0.0
244,Cold Outbound,2024-10-21,1,0,0.0
244,Content/Webinar,2024-10-24,2,0,0.0
244,Google Ads,2024-10-26,3,0,0.0
244,Cold Outbound,2024-10-28,4,0,0.0
245,LinkedIn Ads,2024-05-02,1,0,0.0
246,Google Ads,2024-11-26,1,0,0.0
247,Content/Webinar,2024-04-04,1,1,9883.88
247,Cold Outbound,2024-04-04,2,1,9883.88
247,Cold Outbound,2024-04-04,3,1,9883.88
247,Content/Webinar,2024-04-09,4,1,9883.88
248,LinkedIn Ads,2024-02-27,1,0,0.0
248,Email,2024-03-03,2,0,0.0
248,Email,2024-03-04,3,0,0.0
248,Content/Webinar,2024-03-05,4,0,0.0
249,Cold Outbound,2024-03-07,1,0,0.0
250,Cold Outbound,2024-02-01,1,0,0.0
250,Cold Outbound,2024-02-03,2,0,0.0
250,Cold Outbound,2024-02-08,3,0,0.0
251,LinkedIn Ads,2024-03-12,1,0,0.0
251,LinkedIn Ads,2024-03-17,2,0,0.0
251,Cold Outbound,2024-03-19,3,0,0.0
252,Email,2024-08-22,1,1,3542.05
252,Email,2024-08-23,2,1,3542.05
253,Email,2024-05-10,1,0,0.0
253,Cold Outbound,2024-05-10,2,0,0.0
253,Google Ads,2024-05-10,3,0,0.0
254,Cold Outbound,2024-09-29,1,0,0.0
255,Cold Outbound,2024-03-13,1,0,0.0
255,Organic/SEO,2024-03-13,2,0,0.0
255,Content/Webinar,2024-03-14,3,0,0.0
255,Content/Webinar,2024-03-14,4,0,0.0
255,Content/Webinar,2024-03-17,5,0,0.0
256,Google Ads,2024-06-17,1,0,0.0
256,Organic/SEO,2024-06-21,2,0,0.0
257,Cold Outbound,2024-05-15,1,0,0.0
257,Email,2024-05-17,2,0,0.0
257,Content/Webinar,2024-05-20,3,0,0.0
257,Organic/SEO,2024-05-25,4,0,0.0
258,LinkedIn Ads,2024-03-02,1,0,0.0
258,Organic/SEO,2024-03-05,2,0,0.0
258,Email,2024-03-06,3,0,0.0
259,Google Ads,2024-08-12,1,0,0.0
260,Organic/SEO,2024-11-07,1,0,0.0
260,Content/Webinar,2024-11-09,2,0,0.0
260,LinkedIn Ads,2024-11-10,3,0,0.0
260,LinkedIn Ads,2024-11-15,4,0,0.0
260,LinkedIn Ads,2024-11-15,5,0,0.0
261,Content/Webinar,2024-06-10,1,0,0.0
261,LinkedIn Ads,2024-06-11,2,0,0.0
262,Cold Outbound,2024-03-16,1,0,0.0
263,LinkedIn Ads,2024-09-05,1,0,0.0
263,Content/Webinar,2024-09-09,2,0,0.0
263,Cold Outbound,2024-09-14,3,0,0.0
263,Google Ads,2024-09-16,4,0,0.0
264,Google Ads,2024-11-05,1,0,0.0
264,Email,2024-11-10,2,0,0.0
264,Google Ads,2024-11-14,3,0,0.0
264,Google Ads,2024-11-16,4,0,0.0
265,LinkedIn Ads,2024-07-18,1,0,0.0
265,Google Ads,2024-07-22,2,0,0.0
265,Email,2024-07-24,3,0,0.0
265,Organic/SEO,2024-07-24,4,0,0.0
266,Google Ads,2024-07-06,1,0,0.0
266,Cold Outbound,2024-07-06,2,0,0.0
266,Organic/SEO,2024-07-06,3,0,0.0
267,Organic/SEO,2024-11-14,1,0,0.0
268,Google Ads,2024-09-19,1,0,0.0
268,Google Ads,2024-09-21,2,0,0.0
268,Organic/SEO,2024-09-25,3,0,0.0
268,Email,2024-09-25,4,0,0.0
269,Content/Webinar,2024-10-03,1,1,8811.23
269,LinkedIn Ads,2024-10-07,2,1,8811.23
270,Google Ads,2024-05-26,1,0,0.0
270,Cold Outbound,2024-05-30,2,0,0.0
270,Email,2024-05-31,3,0,0.0
271,LinkedIn Ads,2024-03-21,1,0,0.0
272,Google Ads,2024-02-28,1,0,0.0
273,Email,2024-04-14,1,0,0.0
274,Organic/SEO,2024-01-20,1,0,0.0
274,Google Ads,2024-01-25,2,0,0.0
275,Cold Outbound,2024-05-26,1,0,0.0
275,Cold Outbound,2024-05-31,2,0,0.0
275,Google Ads,2024-06-04,3,0,0.0
276,Content/Webinar,2024-10-29,1,0,0.0
276,Referral,2024-11-01,2,0,0.0
277,LinkedIn Ads,2024-06-07,1,1,6251.78
277,LinkedIn Ads,2024-06-10,2,1,6251.78
278,Cold Outbound,2024-10-05,1,0,0.0
278,Cold Outbound,2024-10-05,2,0,0.0
278,Cold Outbound,2024-10-10,3,0,0.0
279,Organic/SEO,2024-07-28,1,0,0.0
279,Google Ads,2024-08-02,2,0,0.0
280,Organic/SEO,2024-03-15,1,1,11543.64
280,Organic/SEO,2024-03-16,2,1,11543.64
281,Cold Outbound,2024-08-11,1,0,0.0
281,Google Ads,2024-08-12,2,0,0.0
282,Organic/SEO,2024-11-28,1,0,0.0
282,Cold Outbound,2024-12-02,2,0,0.0
282,Content/Webinar,2024-12-04,3,0,0.0
282,Google Ads,2024-12-05,4,0,0.0
283,Organic/SEO,2024-07-21,1,0,0.0
283,Email,2024-07-25,2,0,0.0
283,Email,2024-07-28,3,0,0.0
283,Organic/SEO,2024-07-30,4,0,0.0
283,Google Ads,2024-08-03,5,0,0.0
284,LinkedIn Ads,2024-10-05,1,0,0.0
285,Organic/SEO,2024-10-25,1,0,0.0
286,Email,2024-06-21,1,0,0.0
287,Organic/SEO,2024-07-06,1,0,0.0
287,Organic/SEO,2024-07-08,2,0,0.0
288,Google Ads,2024-08-05,1,0,0.0
288,Google Ads,2024-08-07,2,0,0.0
288,Cold Outbound,2024-08-08,3,0,0.0
288,Email,2024-08-13,4,0,0.0
289,Google Ads,2024-02-13,1,0,0.0
289,Content/Webinar,2024-02-14,2,0,0.0
289,LinkedIn Ads,2024-02-15,3,0,0.0
290,Google Ads,2024-03-02,1,0,0.0
291,Organic/SEO,2024-01-08,1,0,0.0
291,Organic/SEO,2024-01-13,2,0,0.0
291,Organic/SEO,2024-01-16,3,0,0.0
291,Content/Webinar,2024-01-18,4,0,0.0
292,Email,2024-05-24,1,0,0.0
292,Referral,2024-05-28,2,0,0.0
292,Organic/SEO,2024-05-28,3,0,0.0
292,Google Ads,2024-05-29,4,0,0.0
293,Cold Outbound,2024-06-29,1,0,0.0
293,Organic/SEO,2024-06-30,2,0,0.0
293,Content/Webinar,2024-06-30,3,0,0.0
293,Cold Outbound,2024-07-03,4,0,0.0
294,Google Ads,2024-02-22,1,0,0.0
295,Cold Outbound,2024-11-08,1,0,0.0
295,LinkedIn Ads,2024-11-13,2,0,0.0
296,Organic/SEO,2024-09-05,1,0,0.0
296,Content/Webinar,2024-09-06,2,0,0.0
296,Organic/SEO,2024-09-09,3,0,0.0
297,Email,2024-09-22,1,0,0.0
297,Google Ads,2024-09-23,2,0,0.0
297,Cold Outbound,2024-09-27,3,0,0.0
298,Organic/SEO,2024-09-02,1,0,0.0
298,Google Ads,2024-09-04,2,0,0.0
299,Cold Outbound,2024-11-15,1,0,0.0
299,Email,2024-11-15,2,0,0.0
299,Google Ads,2024-11-20,3,0,0.0
299,LinkedIn Ads,2024-11-21,4,0,0.0
300,Organic/SEO,2024-02-01,1,0,0.0
300,Google Ads,2024-02-03,2,0,0.0
300,Email,2024-02-08,3,0,0.0
300,Cold Outbound,2024-02-12,4,0,0.0
301,Google Ads,2024-04-10,1,1,4761.26
301,Google Ads,2024-04-15,2,1,4761.26
302,LinkedIn Ads,2024-10-03,1,0,0.0
302,LinkedIn Ads,2024-10-05,2,0,0.0
302,Content/Webinar,2024-10-07,3,0,0.0
303,Email,2024-05-18,1,1,8247.94
304,Cold Outbound,2024-11-10,1,0,0.0
305,Organic/SEO,2024-09-21,1,0,0.0
305,LinkedIn Ads,2024-09-22,2,0,0.0
305,Google Ads,2024-09-24,3,0,0.0
305,Organic/SEO,2024-09-24,4,0,0.0
306,Google Ads,2024-02-04,1,0,0.0
306,Google Ads,2024-02-06,2,0,0.0
306,LinkedIn Ads,2024-02-06,3,0,0.0
307,Cold Outbound,2024-05-29,1,0,0.0
308,LinkedIn Ads,2024-03-28,1,0,0.0
308,Content/Webinar,2024-04-02,2,0,0.0
309,Email,2024-03-03,1,0,0.0
309,Organic/SEO,2024-03-03,2,0,0.0
309,Organic/SEO,2024-03-05,3,0,0.0
309,Content/Webinar,2024-03-05,4,0,0.0
310,Content/Webinar,2024-06-24,1,0,0.0
311,Google Ads,2024-10-02,1,0,0.0
311,Cold Outbound,2024-10-04,2,0,0.0
311,Google Ads,2024-10-07,3,0,0.0
312,Email,2024-01-23,1,0,0.0
312,LinkedIn Ads,2024-01-24,2,0,0.0
313,Content/Webinar,2024-09-08,1,0,0.0
314,Google Ads,2024-03-23,1,0,0.0
314,Cold Outbound,2024-03-28,2,0,0.0
315,Organic/SEO,2024-01-26,1,0,0.0
315,Google Ads,2024-01-29,2,0,0.0
316,Organic/SEO,2024-10-29,1,0,0.0
316,LinkedIn Ads,2024-10-30,2,0,0.0
317,Content/Webinar,2024-07-26,1,1,6574.71
317,Google Ads,2024-07-29,2,1,6574.71
317,Google Ads,2024-08-02,3,1,6574.71
318,Content/Webinar,2024-04-20,1,0,0.0
318,Organic/SEO,2024-04-22,2,0,0.0
319,Cold Outbound,2024-06-03,1,0,0.0
320,LinkedIn Ads,2024-06-30,1,0,0.0
320,Google Ads,2024-07-04,2,0,0.0
321,Google Ads,2024-11-05,1,0,0.0
321,Google Ads,2024-11-05,2,0,0.0
322,Cold Outbound,2024-01-24,1,0,0.0
322,LinkedIn Ads,2024-01-27,2,0,0.0
323,Organic/SEO,2024-06-04,1,1,6887.51
323,Organic/SEO,2024-06-04,2,1,6887.51
324,Google Ads,2024-02-01,1,0,0.0
324,Referral,2024-02-06,2,0,0.0
324,LinkedIn Ads,2024-02-06,3,0,0.0
325,Google Ads,2024-03-06,1,0,0.0
326,Google Ads,2024-04-18,1,0,0.0
326,Organic/SEO,2024-04-19,2,0,0.0
327,Cold Outbound,2024-10-28,1,0,0.0
327,Cold Outbound,2024-11-01,2,0,0.0
327,Organic/SEO,2024-11-02,3,0,0.0
328,LinkedIn Ads,2024-09-07,1,0,0.0
329,Google Ads,2024-11-26,1,0,0.0
329,Cold Outbound,2024-11-28,2,0,0.0
330,Cold Outbound,2024-11-06,1,0,0.0
330,Email,2024-11-11,2,0,0.0
331,Cold Outbound,2024-05-26,1,0,0.0
331,Google Ads,2024-05-26,2,0,0.0
331,Organic/SEO,2024-05-29,3,0,0.0
331,Email,2024-05-30,4,0,0.0
331,LinkedIn Ads,2024-06-02,5,0,0.0
332,Google Ads,2024-05-21,1,1,4320.99
332,Email,2024-05-22,2,1,4320.99
333,Email,2024-02-28,1,1,10558.73
333,Organic/SEO,2024-02-28,2,1,10558.73
333,Google Ads,2024-03-04,3,1,10558.73
333,LinkedIn Ads,2024-03-05,4,1,10558.73
334,Content/Webinar,2024-01-04,1,0,0.0
335,Cold Outbound,2024-01-19,1,0,0.0
336,Email,2024-05-30,1,1,5964.65
336,Email,2024-06-03,2,1,5964.65
336,Content/Webinar,2024-06-06,3,1,5964.65
337,LinkedIn Ads,2024-10-24,1,0,0.0
337,Content/Webinar,2024-10-24,2,0,0.0
337,Organic/SEO,2024-10-28,3,0,0.0
337,Google Ads,2024-10-29,4,0,0.0
338,Email,2024-07-18,1,0,0.0
338,LinkedIn Ads,2024-07-22,2,0,0.0
339,Email,2024-04-29,1,0,0.0
340,Email,2024-06-30,1,0,0.0
341,Cold Outbound,2024-08-02,1,0,0.0
341,Google Ads,2024-08-07,2,0,0.0
341,Content/Webinar,2024-08-09,3,0,0.0
342,Content/Webinar,2024-10-14,1,0,0.0
343,Organic/SEO,2024-03-15,1,0,0.0
343,Cold Outbound,2024-03-18,2,0,0.0
344,Referral,2024-11-04,1,0,0.0
344,Cold Outbound,2024-11-09,2,0,0.0
344,Cold Outbound,2024-11-13,3,0,0.0
344,Referral,2024-11-17,4,0,0.0
345,LinkedIn Ads,2024-11-19,1,1,8918.16
345,Content/Webinar,2024-11-21,2,1,8918.16
345,Cold Outbound,2024-11-23,3,1,8918.16
345,Google Ads,2024-11-26,4,1,8918.16
345,Google Ads,2024-11-29,5,1,8918.16
346,Google Ads,2024-03-02,1,0,0.0
347,Email,2024-10-09,1,0,0.0
347,Cold Outbound,2024-10-09,2,0,0.0
348,Organic/SEO,2024-09-01,1,0,0.0
349,Google Ads,2024-09-18,1,0,0.0
349,Organic/SEO,2024-09-19,2,0,0.0
349,Cold Outbound,2024-09-22,3,0,0.0
349,Email,2024-09-25,4,0,0.0
349,Cold Outbound,2024-09-27,5,0,0.0
350,Cold Outbound,2024-11-04,1,0,0.0
350,Content/Webinar,2024-11-08,2,0,0.0
350,Content/Webinar,2024-11-12,3,0,0.0
351,LinkedIn Ads,2024-09-08,1,0,0.0
352,Cold Outbound,2024-09-08,1,0,0.0
352,LinkedIn Ads,2024-09-09,2,0,0.0
353,Google Ads,2024-10-07,1,1,7152.53
353,Content/Webinar,2024-10-08,2,1,7152.53
353,Cold Outbound,2024-10-08,3,1,7152.53
353,LinkedIn Ads,2024-10-09,4,1,7152.53
353,Content/Webinar,2024-10-13,5,1,7152.53
354,Email,2024-08-17,1,0,0.0
355,Referral,2024-05-17,1,0,0.0
356,Google Ads,2024-05-17,1,0,0.0
356,Content/Webinar,2024-05-17,2,0,0.0
357,Email,2024-01-02,1,0,0.0
357,Cold Outbound,2024-01-04,2,0,0.0
358,Referral,2024-10-11,1,0,0.0
358,LinkedIn Ads,2024-10-13,2,0,0.0
358,Email,2024-10-17,3,0,0.0
359,Referral,2024-02-03,1,0,0.0
359,Google Ads,2024-02-06,2,0,0.0
359,Google Ads,2024-02-09,3,0,0.0
359,Organic/SEO,2024-02-10,4,0,0.0
359,Google Ads,2024-02-15,5,0,0.0
360,Email,2024-11-15,1,0,0.0
361,Cold Outbound,2024-07-01,1,0,0.0
361,Referral,2024-07-01,2,0,0.0
362,LinkedIn Ads,2024-05-30,1,0,0.0
362,Cold Outbound,2024-05-31,2,0,0.0
363,Cold Outbound,2024-06-07,1,0,0.0
364,Content/Webinar,2024-01-03,1,0,0.0
364,Email,2024-01-08,2,0,0.0
365,Organic/SEO,2024-05-17,1,0,0.0
365,LinkedIn Ads,2024-05-22,2,0,0.0
365,Cold Outbound,2024-05-27,3,0,0.0
365,Email,2024-05-29,4,0,0.0
365,Organic/SEO,2024-05-30,5,0,0.0
366,Email,2024-06-25,1,1,5742.86
367,Google Ads,2024-06-02,1,0,0.0
368,Email,2024-03-01,1,0,0.0
369,LinkedIn Ads,2024-01-19,1,0,0.0
369,Email,2024-01-22,2,0,0.0
369,Cold Outbound,2024-01-23,3,0,0.0
370,Referral,2024-03-12,1,0,0.0
370,LinkedIn Ads,2024-03-15,2,0,0.0
371,Content/Webinar,2024-02-11,1,0,0.0
371,Cold Outbound,2024-02-12,2,0,0.0
371,Cold Outbound,2024-02-15,3,0,0.0
372,Cold Outbound,2024-02-07,1,0,0.0
372,Email,2024-02-10,2,0,0.0
372,Organic/SEO,2024-02-14,3,0,0.0
373,Referral,2024-06-26,1,1,5162.24
373,Cold Outbound,2024-06-27,2,1,5162.24
373,Organic/SEO,2024-06-27,3,1,5162.24
374,Referral,2024-04-27,1,1,14436.56
375,Email,2024-04-03,1,1,4414.8
375,Email,2024-04-04,2,1,4414.8
376,Cold Outbound,2024-01-30,1,0,0.0
376,Cold Outbound,2024-02-03,2,0,0.0
376,LinkedIn Ads,2024-02-06,3,0,0.0
377,Google Ads,2024-02-26,1,0,0.0
377,Cold Outbound,2024-02-28,2,0,0.0
377,Cold Outbound,2024-02-28,3,0,0.0
378,Cold Outbound,2024-09-12,1,0,0.0
378,Content/Webinar,2024-09-17,2,0,0.0
379,Google Ads,2024-11-27,1,1,9161.5
380,Google Ads,2024-09-07,1,1,8930.38
380,Cold Outbound,2024-09-08,2,1,8930.38
380,Content/Webinar,2024-09-13,3,1,8930.38
381,Email,2024-05-17,1,0,0.0
382,Organic/SEO,2024-09-03,1,0,0.0
382,Cold Outbound,2024-09-06,2,0,0.0
382,Email,2024-09-06,3,0,0.0
382,Email,2024-09-08,4,0,0.0
383,Content/Webinar,2024-07-21,1,0,0.0
383,Email,2024-07-24,2,0,0.0
384,Organic/SEO,2024-07-11,1,0,0.0
384,Cold Outbound,2024-07-16,2,0,0.0
384,Google Ads,2024-07-16,3,0,0.0
384,Cold Outbound,2024-07-16,4,0,0.0
385,Cold Outbound,2024-04-11,1,0,0.0
386,Content/Webinar,2024-07-13,1,1,9634.67
386,LinkedIn Ads,2024-07-15,2,1,9634.67
386,Google Ads,2024-07-18,3,1,9634.67
386,Content/Webinar,2024-07-19,4,1,9634.67
387,Google Ads,2024-09-28,1,1,10496.41
388,Organic/SEO,2024-06-12,1,1,10998.12
388,Email,2024-06-14,2,1,10998.12
388,LinkedIn Ads,2024-06-16,3,1,10998.12
388,Google Ads,2024-06-16,4,1,10998.12
389,Cold Outbound,2024-09-13,1,1,5140.19
389,LinkedIn Ads,2024-09-18,2,1,5140.19
390,Cold Outbound,2024-09-02,1,0,0.0
390,Email,2024-09-04,2,0,0.0
390,Email,2024-09-05,3,0,0.0
390,Email,2024-09-06,4,0,0.0
391,Google Ads,2024-07-22,1,1,8229.84
392,Google Ads,2024-01-23,1,0,0.0
392,Content/Webinar,2024-01-27,2,0,0.0
393,Content/Webinar,2024-11-12,1,0,0.0
393,Email,2024-11-14,2,0,0.0
393,Email,2024-11-15,3,0,0.0
393,LinkedIn Ads,2024-11-20,4,0,0.0
394,Email,2024-01-21,1,0,0.0
395,Google Ads,2024-04-19,1,0,0.0
396,Google Ads,2024-05-09,1,0,0.0
396,Email,2024-05-10,2,0,0.0
397,Cold Outbound,2024-07-14,1,0,0.0
397,Google Ads,2024-07-16,2,0,0.0
398,Cold Outbound,2024-01-20,1,1,12266.72
398,Email,2024-01-22,2,1,12266.72
398,Content/Webinar,2024-01-25,3,1,12266.72
399,Google Ads,2024-07-18,1,0,0.0
399,Cold Outbound,2024-07-21,2,0,0.0
400,Cold Outbound,2024-02-02,1,0,0.0
400,Cold Outbound,2024-02-05,2,0,0.0
400,Referral,2024-02-09,3,0,0.0
401,Email,2024-03-13,1,0,0.0
401,Organic/SEO,2024-03-17,2,0,0.0
401,Email,2024-03-21,3,0,0.0
402,Cold Outbound,2024-08-24,1,0,0.0
403,Cold Outbound,2024-09-11,1,0,0.0
404,Email,2024-01-25,1,1,20401.42
404,Organic/SEO,2024-01-29,2,1,20401.42
404,Referral,2024-02-01,3,1,20401.42
405,Google Ads,2024-01-15,1,0,0.0
405,LinkedIn Ads,2024-01-19,2,0,0.0
405,LinkedIn Ads,2024-01-22,3,0,0.0
405,Email,2024-01-25,4,0,0.0
405,Email,2024-01-27,5,0,0.0
406,Cold Outbound,2024-09-10,1,1,9876.68
406,Content/Webinar,2024-09-12,2,1,9876.68
406,Email,2024-09-12,3,1,9876.68
406,Organic/SEO,2024-09-13,4,1,9876.68
407,Cold Outbound,2024-11-13,1,0,0.0
407,Referral,2024-11-13,2,0,0.0
408,Organic/SEO,2024-05-12,1,0,0.0
409,LinkedIn Ads,2024-11-24,1,0,0.0
410,Email,2024-09-02,1,0,0.0
410,Cold Outbound,2024-09-04,2,0,0.0
410,Content/Webinar,2024-09-04,3,0,0.0
411,LinkedIn Ads,2024-08-17,1,1,12006.69
411,Content/Webinar,2024-08-18,2,1,12006.69
412,Google Ads,2024-02-26,1,1,9900.38
413,Content/Webinar,2024-09-01,1,0,0.0
413,Referral,2024-09-02,2,0,0.0
413,Content/Webinar,2024-09-04,3,0,0.0
413,Cold Outbound,2024-09-07,4,0,0.0
414,LinkedIn Ads,2024-05-13,1,1,4865.89
414,LinkedIn Ads,2024-05-13,2,1,4865.89
414,Cold Outbound,2024-05-16,3,1,4865.89
415,Google Ads,2024-10-03,1,0,0.0
415,Google Ads,2024-10-03,2,0,0.0
415,Organic/SEO,2024-10-05,3,0,0.0
415,Email,2024-10-07,4,0,0.0
416,Email,2024-06-22,1,0,0.0
416,Organic/SEO,2024-06-27,2,0,0.0
417,Google Ads,2024-05-01,1,1,2283.5
417,Content/Webinar,2024-05-01,2,1,2283.5
417,Google Ads,2024-05-02,3,1,2283.5
417,Cold Outbound,2024-05-04,4,1,2283.5
418,Cold Outbound,2024-02-20,1,0,0.0
418,Content/Webinar,2024-02-20,2,0,0.0
418,Google Ads,2024-02-20,3,0,0.0
419,Email,2024-03-06,1,0,0.0
419,Referral,2024-03-11,2,0,0.0
419,LinkedIn Ads,2024-03-16,3,0,0.0
420,LinkedIn Ads,2024-03-26,1,0,0.0
421,Google Ads,2024-03-08,1,0,0.0
421,Cold Outbound,2024-03-09,2,0,0.0
421,Cold Outbound,2024-03-12,3,0,0.0
422,Cold Outbound,2024-07-04,1,0,0.0
422,Google Ads,2024-07-09,2,0,0.0
423,LinkedIn Ads,2024-11-20,1,0,0.0
423,Content/Webinar,2024-11-22,2,0,0.0
424,Cold Outbound,2024-03-19,1,0,0.0
425,Google Ads,2024-10-06,1,0,0.0
426,Content/Webinar,2024-02-02,1,0,0.0
426,Google Ads,2024-02-03,2,0,0.0
426,Google Ads,2024-02-07,3,0,0.0
427,LinkedIn Ads,2024-03-04,1,0,0.0
427,Email,2024-03-09,2,0,0.0
427,Google Ads,2024-03-09,3,0,0.0
428,Google Ads,2024-07-14,1,0,0.0
428,Cold Outbound,2024-07-16,2,0,0.0
429,LinkedIn Ads,2024-02-23,1,0,0.0
429,LinkedIn Ads,2024-02-23,2,0,0.0
430,LinkedIn Ads,2024-01-17,1,0,0.0
430,Google Ads,2024-01-18,2,0,0.0
430,Google Ads,2024-01-21,3,0,0.0
431,LinkedIn Ads,2024-02-04,1,0,0.0
431,Google Ads,2024-02-05,2,0,0.0
431,Content/Webinar,2024-02-10,3,0,0.0
432,Content/Webinar,2024-06-24,1,0,0.0
432,LinkedIn Ads,2024-06-24,2,0,0.0
432,Organic/SEO,2024-06-28,3,0,0.0
433,LinkedIn Ads,2024-10-05,1,0,0.0
433,Email,2024-10-10,2,0,0.0
433,Email,2024-10-10,3,0,0.0
434,Content/Webinar,2024-08-28,1,0,0.0
434,Content/Webinar,2024-08-30,2,0,0.0
435,LinkedIn Ads,2024-03-05,1,0,0.0
435,Organic/SEO,2024-03-10,2,0,0.0
435,Content/Webinar,2024-03-12,3,0,0.0
435,Email,2024-03-17,4,0,0.0
435,Cold Outbound,2024-03-21,5,0,0.0
436,Google Ads,2024-10-27,1,0,0.0
437,Cold Outbound,2024-11-15,1,0,0.0
438,LinkedIn Ads,2024-09-05,1,0,0.0
438,Organic/SEO,2024-09-09,2,0,0.0
439,Google Ads,2024-09-14,1,0,0.0
440,Content/Webinar,2024-11-12,1,0,0.0
441,LinkedIn Ads,2024-03-25,1,1,6493.69
441,Google Ads,2024-03-25,2,1,6493.69
441,LinkedIn Ads,2024-03-29,3,1,6493.69
441,Email,2024-03-30,4,1,6493.69
441,Content/Webinar,2024-03-31,5,1,6493.69
442,Organic/SEO,2024-10-05,1,0,0.0
442,Organic/SEO,2024-10-07,2,0,0.0
443,Cold Outbound,2024-07-06,1,0,0.0
443,Content/Webinar,2024-07-06,2,0,0.0
443,Cold Outbound,2024-07-11,3,0,0.0
444,Google Ads,2024-06-24,1,0,0.0
444,Google Ads,2024-06-24,2,0,0.0
444,Google Ads,2024-06-24,3,0,0.0
445,Email,2024-11-15,1,0,0.0
445,Referral,2024-11-16,2,0,0.0
445,LinkedIn Ads,2024-11-19,3,0,0.0
446,Organic/SEO,2024-10-22,1,0,0.0
446,LinkedIn Ads,2024-10-24,2,0,0.0
447,Email,2024-11-08,1,0,0.0
448,Google Ads,2024-04-07,1,0,0.0
448,Cold Outbound,2024-04-08,2,0,0.0
449,Organic/SEO,2024-04-04,1,0,0.0
450,Google Ads,2024-07-23,1,0,0.0
451,Google Ads,2024-08-13,1,1,7584.97
451,Email,2024-08-15,2,1,7584.97
452,Referral,2024-01-14,1,0,0.0
452,LinkedIn Ads,2024-01-14,2,0,0.0
452,Google Ads,2024-01-17,3,0,0.0
452,Cold Outbound,2024-01-18,4,0,0.0
452,LinkedIn Ads,2024-01-22,5,0,0.0
453,Cold Outbound,2024-05-06,1,0,0.0
454,Organic/SEO,2024-01-09,1,1,7007.31
455,Organic/SEO,2024-01-30,1,0,0.0
455,Email,2024-02-01,2,0,0.0
456,Google Ads,2024-06-14,1,0,0.0
456,Content/Webinar,2024-06-14,2,0,0.0
456,Organic/SEO,2024-06-16,3,0,0.0
456,Cold Outbound,2024-06-18,4,0,0.0
457,Email,2024-02-03,1,0,0.0
457,Google Ads,2024-02-03,2,0,0.0
457,Email,2024-02-05,3,0,0.0
457,Google Ads,2024-02-08,4,0,0.0
457,Referral,2024-02-12,5,0,0.0
458,Cold Outbound,2024-03-18,1,0,0.0
458,Cold Outbound,2024-03-21,2,0,0.0
459,LinkedIn Ads,2024-06-13,1,0,0.0
460,Cold Outbound,2024-04-26,1,0,0.0
460,Cold Outbound,2024-04-27,2,0,0.0
460,Cold Outbound,2024-04-30,3,0,0.0
460,Cold Outbound,2024-05-05,4,0,0.0
461,LinkedIn Ads,2024-01-20,1,0,0.0
461,Email,2024-01-21,2,0,0.0
462,LinkedIn Ads,2024-10-04,1,0,0.0
463,Email,2024-10-22,1,0,0.0
463,LinkedIn Ads,2024-10-25,2,0,0.0
464,Google Ads,2024-03-10,1,0,0.0
465,Cold Outbound,2024-10-02,1,0,0.0
465,Organic/SEO,2024-10-07,2,0,0.0
466,Google Ads,2024-02-29,1,0,0.0
466,Cold Outbound,2024-03-02,2,0,0.0
466,Cold Outbound,2024-03-03,3,0,0.0
467,Cold Outbound,2024-09-28,1,1,4580.43
467,Email,2024-09-30,2,1,4580.43
468,Email,2024-07-07,1,1,9748.21
468,Email,2024-07-10,2,1,9748.21
468,Organic/SEO,2024-07-14,3,1,9748.21
468,LinkedIn Ads,2024-07-16,4,1,9748.21
469,Google Ads,2024-10-25,1,0,0.0
469,Email,2024-10-26,2,0,0.0
470,LinkedIn Ads,2024-05-12,1,0,0.0
470,LinkedIn Ads,2024-05-16,2,0,0.0
470,Cold Outbound,2024-05-20,3,0,0.0
471,Cold Outbound,2024-09-17,1,0,0.0
471,Content/Webinar,2024-09-21,2,0,0.0
471,LinkedIn Ads,2024-09-23,3,0,0.0
471,Organic/SEO,2024-09-24,4,0,0.0
472,LinkedIn Ads,2024-02-25,1,0,0.0
473,Cold Outbound,2024-11-11,1,0,0.0
473,Cold Outbound,2024-11-14,2,0,0.0
473,Organic/SEO,2024-11-14,3,0,0.0
473,Cold Outbound,2024-11-19,4,0,0.0
474,LinkedIn Ads,2024-05-10,1,0,0.0
474,Email,2024-05-13,2,0,0.0
474,Cold Outbound,2024-05-17,3,0,0.0
475,Organic/SEO,2024-01-25,1,0,0.0
475,Organic/SEO,2024-01-26,2,0,0.0
475,Google Ads,2024-01-27,3,0,0.0
475,Cold Outbound,2024-01-28,4,0,0.0
476,Organic/SEO,2024-05-20,1,0,0.0
476,LinkedIn Ads,2024-05-23,2,0,0.0
476,Cold Outbound,2024-05-26,3,0,0.0
476,Referral,2024-05-29,4,0,0.0
477,Email,2024-03-25,1,0,0.0
477,Organic/SEO,2024-03-29,2,0,0.0
478,Email,2024-06-21,1,1,5091.31
479,Email,2024-10-24,1,0,0.0
479,Organic/SEO,2024-10-27,2,0,0.0
480,Google Ads,2024-06-02,1,0,0.0
480,LinkedIn Ads,2024-06-07,2,0,0.0
481,Google Ads,2024-02-01,1,0,0.0
482,Organic/SEO,2024-11-25,1,0,0.0
482,Organic/SEO,2024-11-25,2,0,0.0
482,LinkedIn Ads,2024-11-30,3,0,0.0
483,Content/Webinar,2024-03-16,1,0,0.0
483,Cold Outbound,2024-03-19,2,0,0.0
483,Google Ads,2024-03-23,3,0,0.0
483,Cold Outbound,2024-03-26,4,0,0.0
484,Cold Outbound,2024-08-12,1,0,0.0
484,Content/Webinar,2024-08-12,2,0,0.0
484,Email,2024-08-12,3,0,0.0
485,Google Ads,2024-09-28,1,0,0.0
485,Cold Outbound,2024-10-03,2,0,0.0
486,Cold Outbound,2024-07-19,1,0,0.0
486,Content/Webinar,2024-07-21,2,0,0.0
486,Google Ads,2024-07-24,3,0,0.0
487,Content/Webinar,2024-08-03,1,1,5136.55
488,Email,2024-03-20,1,0,0.0
488,Organic/SEO,2024-03-24,2,0,0.0
488,Google Ads,2024-03-28,3,0,0.0
489,Cold Outbound,2024-06-28,1,0,0.0
489,Content/Webinar,2024-06-30,2,0,0.0
490,LinkedIn Ads,2024-09-03,1,0,0.0
490,Google Ads,2024-09-07,2,0,0.0
490,Email,2024-09-11,3,0,0.0
490,Google Ads,2024-09-13,4,0,0.0
491,LinkedIn Ads,2024-11-28,1,1,6447.65
492,Google Ads,2024-10-27,1,1,10859.16
492,Organic/SEO,2024-10-27,2,1,10859.16
493,Referral,2024-06-22,1,0,0.0
493,Referral,2024-06-23,2,0,0.0
493,LinkedIn Ads,2024-06-27,3,0,0.0
494,Organic/SEO,2024-07-17,1,0,0.0
494,Google Ads,2024-07-22,2,0,0.0
494,Content/Webinar,2024-07-27,3,0,0.0
494,Cold Outbound,2024-08-01,4,0,0.0
495,Cold Outbound,2024-09-03,1,0,0.0
496,Email,2024-07-01,1,0,0.0
497,Google Ads,2024-06-03,1,1,10082.47
497,Google Ads,2024-06-06,2,1,10082.47
497,Organic/SEO,2024-06-08,3,1,10082.47
498,Email,2024-09-09,1,0,0.0
498,Organic/SEO,2024-09-10,2,0,0.0
499,Content/Webinar,2024-01-26,1,0,0.0
500,Email,2024-09-12,1,0,0.0
500,Cold Outbound,2024-09-14,2,0,0.0
501,Google Ads,2024-04-16,1,1,5903.96
501,Email,2024-04-20,2,1,5903.96
501,Google Ads,2024-04-23,3,1,5903.96
501,Email,2024-04-24,4,1,5903.96
501,Email,2024-04-25,5,1,5903.96
502,Email,2024-08-04,1,0,0.0
503,Google Ads,2024-07-04,1,0,0.0
504,Organic/SEO,2024-11-03,1,0,0.0
505,Email,2024-02-09,1,0,0.0
506,Organic/SEO,2024-03-05,1,0,0.0
507,LinkedIn Ads,2024-02-01,1,0,0.0
507,Organic/SEO,2024-02-03,2,0,0.0
508,Content/Webinar,2024-01-09,1,1,14794.04
509,Google Ads,2024-05-10,1,0,0.0
509,Cold Outbound,2024-05-15,2,0,0.0
509,Content/Webinar,2024-05-17,3,0,0.0
510,Email,2024-03-08,1,0,0.0
510,Cold Outbound,2024-03-09,2,0,0.0
511,Google Ads,2024-02-19,1,0,0.0
511,Cold Outbound,2024-02-22,2,0,0.0
512,Google Ads,2024-01-20,1,0,0.0
512,Content/Webinar,2024-01-23,2,0,0.0
513,Content/Webinar,2024-06-26,1,1,9379.76
513,Organic/SEO,2024-06-27,2,1,9379.76
514,Referral,2024-10-11,1,0,0.0
514,Organic/SEO,2024-10-12,2,0,0.0
514,Google Ads,2024-10-16,3,0,0.0
514,Content/Webinar,2024-10-18,4,0,0.0
514,LinkedIn Ads,2024-10-21,5,0,0.0
515,LinkedIn Ads,2024-08-27,1,0,0.0
515,Organic/SEO,2024-09-01,2,0,0.0
515,LinkedIn Ads,2024-09-06,3,0,0.0
516,Content/Webinar,2024-08-10,1,0,0.0
516,Organic/SEO,2024-08-13,2,0,0.0
517,Cold Outbound,2024-01-04,1,0,0.0
518,Email,2024-02-11,1,0,0.0
519,Cold Outbound,2024-04-18,1,0,0.0
519,Content/Webinar,2024-04-22,2,0,0.0
519,Google Ads,2024-04-25,3,0,0.0
519,Content/Webinar,2024-04-26,4,0,0.0
519,Cold Outbound,2024-04-28,5,0,0.0
520,Organic/SEO,2024-08-14,1,0,0.0
521,Content/Webinar,2024-10-31,1,1,6283.93
521,LinkedIn Ads,2024-11-05,2,1,6283.93
521,Organic/SEO,2024-11-06,3,1,6283.93
521,LinkedIn Ads,2024-11-06,4,1,6283.93
521,Email,2024-11-09,5,1,6283.93
522,Content/Webinar,2024-05-13,1,0,0.0
522,Cold Outbound,2024-05-17,2,0,0.0
522,LinkedIn Ads,2024-05-18,3,0,0.0
523,Cold Outbound,2024-08-05,1,0,0.0
523,Google Ads,2024-08-09,2,0,0.0
523,Organic/SEO,2024-08-09,3,0,0.0
524,Organic/SEO,2024-06-14,1,0,0.0
525,Google Ads,2024-01-21,1,0,0.0
526,Email,2024-10-01,1,0,0.0
526,LinkedIn Ads,2024-10-04,2,0,0.0
526,LinkedIn Ads,2024-10-04,3,0,0.0
526,LinkedIn Ads,2024-10-05,4,0,0.0
527,Cold Outbound,2024-08-01,1,0,0.0
528,Content/Webinar,2024-07-16,1,1,11508.36
528,Google Ads,2024-07-19,2,1,11508.36
528,LinkedIn Ads,2024-07-19,3,1,11508.36
529,Cold Outbound,2024-06-11,1,0,0.0
530,Google Ads,2024-09-10,1,0,0.0
531,Email,2024-05-25,1,0,0.0
532,LinkedIn Ads,2024-03-19,1,0,0.0
532,LinkedIn Ads,2024-03-21,2,0,0.0
532,Email,2024-03-21,3,0,0.0
533,Google Ads,2024-05-04,1,0,0.0
533,Email,2024-05-05,2,0,0.0
533,Google Ads,2024-05-07,3,0,0.0
533,Content/Webinar,2024-05-08,4,0,0.0
534,Google Ads,2024-07-11,1,0,0.0
534,Referral,2024-07-14,2,0,0.0
534,Organic/SEO,2024-07-19,3,0,0.0
535,Email,2024-05-06,1,0,0.0
535,Google Ads,2024-05-07,2,0,0.0
535,Cold Outbound,2024-05-09,3,0,0.0
536,Organic/SEO,2024-01-09,1,0,0.0
536,Cold Outbound,2024-01-13,2,0,0.0
536,Content/Webinar,2024-01-16,3,0,0.0
536,Google Ads,2024-01-19,4,0,0.0
537,Content/Webinar,2024-03-17,1,0,0.0
537,Organic/SEO,2024-03-20,2,0,0.0
537,Organic/SEO,2024-03-24,3,0,0.0
538,Email,2024-05-27,1,1,11676.12
538,Email,2024-05-27,2,1,11676.12
538,Email,2024-05-31,3,1,11676.12
538,Organic/SEO,2024-05-31,4,1,11676.12
539,Google Ads,2024-05-29,1,0,0.0
539,Cold Outbound,2024-05-29,2,0,0.0
539,Cold Outbound,2024-06-01,3,0,0.0
539,Email,2024-06-01,4,0,0.0
540,Content/Webinar,2024-07-21,1,0,0.0
541,Google Ads,2024-06-03,1,0,0.0
541,Email,2024-06-05,2,0,0.0
541,Organic/SEO,2024-06-09,3,0,0.0
542,Cold Outbound,2024-07-01,1,0,0.0
542,Cold Outbound,2024-07-06,2,0,0.0
542,Cold Outbound,2024-07-06,3,0,0.0
542,LinkedIn Ads,2024-07-07,4,0,0.0
543,Organic/SEO,2024-01-28,1,0,0.0
544,Cold Outbound,2024-08-23,1,0,0.0
545,Email,2024-09-10,1,0,0.0
545,Google Ads,2024-09-10,2,0,0.0
545,Organic/SEO,2024-09-15,3,0,0.0
546,Google Ads,2024-07-17,1,0,0.0
547,Content/Webinar,2024-08-06,1,1,5991.39
547,Google Ads,2024-08-11,2,1,5991.39
547,Organic/SEO,2024-08-12,3,1,5991.39
548,Email,2024-08-15,1,0,0.0
548,Organic/SEO,2024-08-16,2,0,0.0
549,Google Ads,2024-09-01,1,0,0.0
550,Content/Webinar,2024-11-10,1,0,0.0
550,Content/Webinar,2024-11-13,2,0,0.0
550,Google Ads,2024-11-18,3,0,0.0
550,Google Ads,2024-11-21,4,0,0.0
551,Email,2024-01-19,1,1,10443.07
551,Organic/SEO,2024-01-21,2,1,10443.07
552,Google Ads,2024-11-27,1,1,5591.17
552,Google Ads,2024-11-28,2,1,5591.17
552,Cold Outbound,2024-11-29,3,1,5591.17
553,Content/Webinar,2024-06-09,1,1,3512.22
553,Organic/SEO,2024-06-10,2,1,3512.22
554,Email,2024-01-19,1,0,0.0
554,Cold Outbound,2024-01-23,2,0,0.0
554,Cold Outbound,2024-01-23,3,0,0.0
554,Content/Webinar,2024-01-26,4,0,0.0
555,Organic/SEO,2024-06-29,1,0,0.0
556,Google Ads,2024-01-26,1,1,9579.58
556,Google Ads,2024-01-26,2,1,9579.58
556,Cold Outbound,2024-01-31,3,1,9579.58
556,Google Ads,2024-02-04,4,1,9579.58
556,Content/Webinar,2024-02-06,5,1,9579.58
557,Organic/SEO,2024-11-08,1,0,0.0
557,LinkedIn Ads,2024-11-12,2,0,0.0
557,Organic/SEO,2024-11-12,3,0,0.0
557,Content/Webinar,2024-11-17,4,0,0.0
557,Content/Webinar,2024-11-17,5,0,0.0
558,Referral,2024-02-17,1,0,0.0
559,Google Ads,2024-07-11,1,0,0.0
559,Email,2024-07-11,2,0,0.0
559,LinkedIn Ads,2024-07-14,3,0,0.0
560,Cold Outbound,2024-02-21,1,0,0.0
560,Cold Outbound,2024-02-24,2,0,0.0
560,Google Ads,2024-02-29,3,0,0.0
561,Content/Webinar,2024-03-11,1,1,7868.73
562,Google Ads,2024-02-06,1,0,0.0
562,LinkedIn Ads,2024-02-11,2,0,0.0
562,Content/Webinar,2024-02-15,3,0,0.0
563,Organic/SEO,2024-01-25,1,0,0.0
564,Google Ads,2024-04-20,1,0,0.0
564,Google Ads,2024-04-25,2,0,0.0
564,Content/Webinar,2024-04-29,3,0,0.0
564,Cold Outbound,2024-05-01,4,0,0.0
565,Email,2024-03-05,1,1,5806.79
565,Content/Webinar,2024-03-05,2,1,5806.79
566,Cold Outbound,2024-06-21,1,0,0.0
567,Email,2024-11-11,1,0,0.0
567,Cold Outbound,2024-11-14,2,0,0.0
568,Content/Webinar,2024-10-20,1,0,0.0
569,Cold Outbound,2024-07-04,1,1,12040.01
569,LinkedIn Ads,2024-07-06,2,1,12040.01
569,Cold Outbound,2024-07-07,3,1,12040.01
569,LinkedIn Ads,2024-07-12,4,1,12040.01
570,Email,2024-06-11,1,0,0.0
571,Content/Webinar,2024-02-22,1,1,9247.91
572,Organic/SEO,2024-08-19,1,0,0.0
572,Organic/SEO,2024-08-24,2,0,0.0
573,Cold Outbound,2024-09-11,1,0,0.0
574,Google Ads,2024-02-29,1,0,0.0
574,Google Ads,2024-03-02,2,0,0.0
574,Cold Outbound,2024-03-04,3,0,0.0
575,Google Ads,2024-06-26,1,1,5205.08
576,Organic/SEO,2024-10-06,1,0,0.0
577,Content/Webinar,2024-07-31,1,0,0.0
577,Email,2024-08-02,2,0,0.0
578,LinkedIn Ads,2024-04-27,1,0,0.0
578,LinkedIn Ads,2024-04-27,2,0,0.0
579,LinkedIn Ads,2024-11-17,1,0,0.0
579,Referral,2024-11-17,2,0,0.0
580,Cold Outbound,2024-11-09,1,0,0.0
581,Content/Webinar,2024-03-09,1,0,0.0
582,Cold Outbound,2024-01-09,1,0,0.0
583,Google Ads,2024-06-10,1,0,0.0
583,Organic/SEO,2024-06-10,2,0,0.0
584,Content/Webinar,2024-09-20,1,1,8774.39
585,Cold Outbound,2024-04-13,1,0,0.0
585,Google Ads,2024-04-18,2,0,0.0
585,Cold Outbound,2024-04-20,3,0,0.0
586,Organic/SEO,2024-06-09,1,1,3456.04
586,Cold Outbound,2024-06-10,2,1,3456.04
587,Email,2024-07-06,1,0,0.0
587,LinkedIn Ads,2024-07-11,2,0,0.0
588,Email,2024-05-04,1,0,0.0
588,Cold Outbound,2024-05-04,2,0,0.0
589,Google Ads,2024-02-15,1,0,0.0
589,Google Ads,2024-02-18,2,0,0.0
590,Referral,2024-10-24,1,0,0.0
590,Content/Webinar,2024-10-24,2,0,0.0
591,Email,2024-11-07,1,0,0.0
591,LinkedIn Ads,2024-11-09,2,0,0.0
592,Email,2024-10-14,1,0,0.0
592,Email,2024-10-17,2,0,0.0
592,LinkedIn Ads,2024-10-17,3,0,0.0
593,Google Ads,2024-04-14,1,1,8986.15
593,Content/Webinar,2024-04-14,2,1,8986.15
593,Email,2024-04-19,3,1,8986.15
594,LinkedIn Ads,2024-08-29,1,1,13153.97
595,Cold Outbound,2024-05-21,1,0,0.0
595,Organic/SEO,2024-05-21,2,0,0.0
596,Organic/SEO,2024-10-15,1,0,0.0
596,Google Ads,2024-10-20,2,0,0.0
597,Organic/SEO,2024-07-01,1,0,0.0
597,Content/Webinar,2024-07-03,2,0,0.0
598,Google Ads,2024-08-20,1,0,0.0
599,Content/Webinar,2024-01-26,1,0,0.0
600,Cold Outbound,2024-08-18,1,0,0.0
601,Cold Outbound,2024-10-18,1,0,0.0
601,Cold Outbound,2024-10-21,2,0,0.0
601,LinkedIn Ads,2024-10-25,3,0,0.0
601,Organic/SEO,2024-10-25,4,0,0.0
602,LinkedIn Ads,2024-06-28,1,0,0.0
603,Google Ads,2024-01-19,1,0,0.0
604,Cold Outbound,2024-04-04,1,0,0.0
605,Email,2024-10-13,1,0,0.0
605,Content/Webinar,2024-10-17,2,0,0.0
605,LinkedIn Ads,2024-10-17,3,0,0.0
606,Cold Outbound,2024-05-29,1,0,0.0
606,LinkedIn Ads,2024-05-30,2,0,0.0
606,LinkedIn Ads,2024-06-03,3,0,0.0
606,Cold Outbound,2024-06-03,4,0,0.0
607,Email,2024-07-17,1,0,0.0
607,Referral,2024-07-20,2,0,0.0
608,Content/Webinar,2024-10-20,1,0,0.0
609,Google Ads,2024-05-01,1,0,0.0
609,Google Ads,2024-05-02,2,0,0.0
610,LinkedIn Ads,2024-04-19,1,0,0.0
610,Referral,2024-04-19,2,0,0.0
610,Referral,2024-04-24,3,0,0.0
611,Cold Outbound,2024-04-26,1,0,0.0
611,Referral,2024-04-26,2,0,0.0
611,Google Ads,2024-04-28,3,0,0.0
611,Email,2024-04-29,4,0,0.0
611,Google Ads,2024-05-03,5,0,0.0
612,Email,2024-09-07,1,0,0.0
612,Email,2024-09-11,2,0,0.0
612,Cold Outbound,2024-09-13,3,0,0.0
613,Email,2024-08-17,1,0,0.0
613,LinkedIn Ads,2024-08-19,2,0,0.0
614,Cold Outbound,2024-01-28,1,0,0.0
614,LinkedIn Ads,2024-02-02,2,0,0.0
614,Email,2024-02-07,3,0,0.0
614,Google Ads,2024-02-10,4,0,0.0
615,Google Ads,2024-07-24,1,1,10703.66
615,Google Ads,2024-07-26,2,1,10703.66
615,Organic/SEO,2024-07-27,3,1,10703.66
616,Content/Webinar,2024-07-14,1,0,0.0
616,Cold Outbound,2024-07-18,2,0,0.0
616,Google Ads,2024-07-22,3,0,0.0
617,Email,2024-11-18,1,0,0.0
617,LinkedIn Ads,2024-11-22,2,0,0.0
617,Referral,2024-11-22,3,0,0.0
617,Google Ads,2024-11-25,4,0,0.0
618,Google Ads,2024-02-11,1,0,0.0
618,Organic/SEO,2024-02-16,2,0,0.0
618,Cold Outbound,2024-02-17,3,0,0.0
618,Google Ads,2024-02-22,4,0,0.0
619,Google Ads,2024-09-26,1,0,0.0
619,Organic/SEO,2024-09-30,2,0,0.0
619,LinkedIn Ads,2024-10-03,3,0,0.0
620,Email,2024-06-22,1,0,0.0
621,Content/Webinar,2024-05-05,1,0,0.0
621,Content/Webinar,2024-05-10,2,0,0.0
622,Referral,2024-01-09,1,1,19987.14
623,Organic/SEO,2024-06-06,1,0,0.0
623,LinkedIn Ads,2024-06-07,2,0,0.0
623,Content/Webinar,2024-06-08,3,0,0.0
624,Cold Outbound,2024-02-15,1,0,0.0
624,Organic/SEO,2024-02-16,2,0,0.0
625,Cold Outbound,2024-03-22,1,0,0.0
625,Content/Webinar,2024-03-27,2,0,0.0
626,Email,2024-04-03,1,0,0.0
626,LinkedIn Ads,2024-04-04,2,0,0.0
627,Cold Outbound,2024-05-22,1,0,0.0
627,Google Ads,2024-05-25,2,0,0.0
628,Cold Outbound,2024-04-07,1,0,0.0
628,Organic/SEO,2024-04-12,2,0,0.0
629,LinkedIn Ads,2024-11-28,1,0,0.0
629,Cold Outbound,2024-11-28,2,0,0.0
629,Email,2024-11-29,3,0,0.0
629,Google Ads,2024-11-30,4,0,0.0
630,Email,2024-05-20,1,0,0.0
630,Cold Outbound,2024-05-21,2,0,0.0
631,Google Ads,2024-07-27,1,0,0.0
632,Cold Outbound,2024-09-20,1,0,0.0
632,Cold Outbound,2024-09-20,2,0,0.0
632,Email,2024-09-22,3,0,0.0
633,Cold Outbound,2024-01-21,1,0,0.0
634,Content/Webinar,2024-04-19,1,0,0.0
635,Cold Outbound,2024-03-29,1,0,0.0
635,Cold Outbound,2024-03-29,2,0,0.0
635,Email,2024-03-29,3,0,0.0
635,Organic/SEO,2024-04-01,4,0,0.0
636,Referral,2024-04-28,1,0,0.0
636,Content/Webinar,2024-05-01,2,0,0.0
636,Organic/SEO,2024-05-03,3,0,0.0
636,Organic/SEO,2024-05-04,4,0,0.0
636,Organic/SEO,2024-05-07,5,0,0.0
637,Google Ads,2024-07-23,1,0,0.0
637,Email,2024-07-28,2,0,0.0
637,Content/Webinar,2024-07-29,3,0,0.0
638,Organic/SEO,2024-05-14,1,0,0.0
638,Email,2024-05-18,2,0,0.0
638,Cold Outbound,2024-05-20,3,0,0.0
639,Google Ads,2024-07-05,1,0,0.0
639,Organic/SEO,2024-07-09,2,0,0.0
639,Content/Webinar,2024-07-14,3,0,0.0
640,LinkedIn Ads,2024-07-08,1,0,0.0
640,Content/Webinar,2024-07-12,2,0,0.0
641,LinkedIn Ads,2024-08-07,1,0,0.0
641,Organic/SEO,2024-08-08,2,0,0.0
641,Referral,2024-08-10,3,0,0.0
641,Cold Outbound,2024-08-10,4,0,0.0
642,Email,2024-05-23,1,0,0.0
642,Organic/SEO,2024-05-28,2,0,0.0
643,Email,2024-06-28,1,0,0.0
644,Content/Webinar,2024-03-08,1,0,0.0
645,Content/Webinar,2024-03-22,1,0,0.0
645,Organic/SEO,2024-03-26,2,0,0.0
645,Cold Outbound,2024-03-28,3,0,0.0
645,Cold Outbound,2024-03-29,4,0,0.0
646,Content/Webinar,2024-11-18,1,0,0.0
647,Google Ads,2024-05-06,1,0,0.0
647,Organic/SEO,2024-05-06,2,0,0.0
648,Email,2024-04-25,1,0,0.0
648,LinkedIn Ads,2024-04-25,2,0,0.0
648,Organic/SEO,2024-04-29,3,0,0.0
648,Content/Webinar,2024-04-29,4,0,0.0
649,Organic/SEO,2024-02-26,1,0,0.0
649,Content/Webinar,2024-02-29,2,0,0.0
650,Email,2024-04-25,1,0,0.0
650,Referral,2024-04-28,2,0,0.0
650,Google Ads,2024-04-28,3,0,0.0
651,Email,2024-06-09,1,0,0.0
651,Organic/SEO,2024-06-09,2,0,0.0
651,Content/Webinar,2024-06-09,3,0,0.0
652,LinkedIn Ads,2024-05-23,1,0,0.0
653,Content/Webinar,2024-08-08,1,0,0.0
654,Google Ads,2024-04-20,1,0,0.0
654,Cold Outbound,2024-04-21,2,0,0.0
655,Cold Outbound,2024-09-09,1,0,0.0
655,Cold Outbound,2024-09-11,2,0,0.0
655,Google Ads,2024-09-15,3,0,0.0
656,Google Ads,2024-08-13,1,0,0.0
656,LinkedIn Ads,2024-08-18,2,0,0.0
657,Google Ads,2024-02-03,1,0,0.0
657,Cold Outbound,2024-02-07,2,0,0.0
657,Organic/SEO,2024-02-10,3,0,0.0
657,Google Ads,2024-02-15,4,0,0.0
658,LinkedIn Ads,2024-08-31,1,0,0.0
658,Organic/SEO,2024-09-05,2,0,0.0
659,Google Ads,2024-06-03,1,0,0.0
659,Email,2024-06-04,2,0,0.0
659,Organic/SEO,2024-06-04,3,0,0.0
660,Google Ads,2024-10-12,1,0,0.0
661,Email,2024-09-09,1,0,0.0
661,Organic/SEO,2024-09-11,2,0,0.0
661,Content/Webinar,2024-09-11,3,0,0.0
661,LinkedIn Ads,2024-09-15,4,0,0.0
662,Organic/SEO,2024-01-05,1,0,0.0
662,Organic/SEO,2024-01-10,2,0,0.0
663,Email,2024-10-04,1,0,0.0
663,Content/Webinar,2024-10-07,2,0,0.0
663,Organic/SEO,2024-10-08,3,0,0.0
663,Content/Webinar,2024-10-10,4,0,0.0
663,Google Ads,2024-10-11,5,0,0.0
664,Cold Outbound,2024-08-08,1,0,0.0
664,Google Ads,2024-08-10,2,0,0.0
664,Cold Outbound,2024-08-14,3,0,0.0
664,Google Ads,2024-08-17,4,0,0.0
664,LinkedIn Ads,2024-08-17,5,0,0.0
665,Content/Webinar,2024-08-17,1,0,0.0
665,Cold Outbound,2024-08-22,2,0,0.0
665,Cold Outbound,2024-08-23,3,0,0.0
665,Organic/SEO,2024-08-28,4,0,0.0
665,LinkedIn Ads,2024-08-31,5,0,0.0
666,Organic/SEO,2024-02-12,1,0,0.0
666,Email,2024-02-16,2,0,0.0
666,Referral,2024-02-16,3,0,0.0
667,Google Ads,2024-01-06,1,0,0.0
667,Google Ads,2024-01-07,2,0,0.0
667,Email,2024-01-07,3,0,0.0
668,Organic/SEO,2024-01-06,1,0,0.0
668,Referral,2024-01-06,2,0,0.0
669,Cold Outbound,2024-02-22,1,0,0.0
669,Google Ads,2024-02-27,2,0,0.0
669,LinkedIn Ads,2024-02-27,3,0,0.0
670,Email,2024-04-13,1,0,0.0
671,Google Ads,2024-05-09,1,0,0.0
672,Google Ads,2024-07-01,1,0,0.0
672,LinkedIn Ads,2024-07-05,2,0,0.0
672,Referral,2024-07-07,3,0,0.0
673,Cold Outbound,2024-06-30,1,0,0.0
673,Google Ads,2024-07-03,2,0,0.0
674,LinkedIn Ads,2024-06-07,1,0,0.0
674,Organic/SEO,2024-06-07,2,0,0.0
675,Google Ads,2024-05-26,1,0,0.0
676,Google Ads,2024-01-15,1,0,0.0
676,Google Ads,2024-01-20,2,0,0.0
676,Google Ads,2024-01-25,3,0,0.0
677,Organic/SEO,2024-06-18,1,0,0.0
677,Organic/SEO,2024-06-21,2,0,0.0
677,Email,2024-06-22,3,0,0.0
678,Google Ads,2024-05-06,1,0,0.0
678,Organic/SEO,2024-05-10,2,0,0.0
679,Content/Webinar,2024-10-22,1,0,0.0
679,LinkedIn Ads,2024-10-26,2,0,0.0
679,Referral,2024-10-26,3,0,0.0
680,LinkedIn Ads,2024-04-24,1,0,0.0
680,Organic/SEO,2024-04-24,2,0,0.0
681,Organic/SEO,2024-07-25,1,0,0.0
681,Content/Webinar,2024-07-29,2,0,0.0
682,Referral,2024-02-09,1,0,0.0
682,Cold Outbound,2024-02-09,2,0,0.0
683,Cold Outbound,2024-01-07,1,1,13868.92
683,Google Ads,2024-01-08,2,1,13868.92
683,LinkedIn Ads,2024-01-13,3,1,13868.92
684,Cold Outbound,2024-06-09,1,0,0.0
684,Organic/SEO,2024-06-12,2,0,0.0
684,Content/Webinar,2024-06-16,3,0,0.0
684,Google Ads,2024-06-19,4,0,0.0
685,Email,2024-06-30,1,0,0.0
685,Email,2024-07-01,2,0,0.0
685,Content/Webinar,2024-07-03,3,0,0.0
686,LinkedIn Ads,2024-02-17,1,0,0.0
686,Email,2024-02-17,2,0,0.0
686,Google Ads,2024-02-21,3,0,0.0
687,Cold Outbound,2024-01-10,1,0,0.0
687,LinkedIn Ads,2024-01-12,2,0,0.0
688,Email,2024-05-14,1,0,0.0
688,Email,2024-05-17,2,0,0.0
689,Email,2024-02-28,1,0,0.0
689,Organic/SEO,2024-03-01,2,0,0.0
689,Cold Outbound,2024-03-02,3,0,0.0
690,LinkedIn Ads,2024-11-03,1,0,0.0
690,Cold Outbound,2024-11-03,2,0,0.0
691,LinkedIn Ads,2024-02-16,1,0,0.0
691,LinkedIn Ads,2024-02-20,2,0,0.0
692,Email,2024-01-12,1,0,0.0
693,Content/Webinar,2024-11-04,1,0,0.0
693,Content/Webinar,2024-11-05,2,0,0.0
694,Organic/SEO,2024-09-04,1,0,0.0
694,Cold Outbound,2024-09-04,2,0,0.0
694,Organic/SEO,2024-09-09,3,0,0.0
695,Cold Outbound,2024-10-18,1,1,5560.04
695,Cold Outbound,2024-10-22,2,1,5560.04
696,Cold Outbound,2024-08-26,1,0,0.0
696,Content/Webinar,2024-08-26,2,0,0.0
696,Email,2024-08-30,3,0,0.0
696,Email,2024-09-04,4,0,0.0
696,Content/Webinar,2024-09-05,5,0,0.0
697,LinkedIn Ads,2024-08-09,1,0,0.0
698,Cold Outbound,2024-02-22,1,0,0.0
699,Organic/SEO,2024-07-27,1,1,5533.37
699,Content/Webinar,2024-07-28,2,1,5533.37
700,Google Ads,2024-07-17,1,0,0.0
700,Content/Webinar,2024-07-19,2,0,0.0
701,Email,2024-03-13,1,0,0.0
702,Cold Outbound,2024-01-24,1,0,0.0
702,Cold Outbound,2024-01-29,2,0,0.0
703,Email,2024-11-22,1,0,0.0
704,Content/Webinar,2024-10-08,1,0,0.0
705,Google Ads,2024-05-30,1,0,0.0
706,Organic/SEO,2024-09-22,1,0,0.0
706,LinkedIn Ads,2024-09-22,2,0,0.0
706,Organic/SEO,2024-09-24,3,0,0.0
706,LinkedIn Ads,2024-09-24,4,0,0.0
707,Organic/SEO,2024-03-04,1,1,8086.33
708,Organic/SEO,2024-11-05,1,0,0.0
708,Email,2024-11-10,2,0,0.0
709,Organic/SEO,2024-01-30,1,0,0.0
710,Google Ads,2024-07-19,1,0,0.0
710,Cold Outbound,2024-07-21,2,0,0.0
710,Google Ads,2024-07-24,3,0,0.0
710,Google Ads,2024-07-29,4,0,0.0
711,Google Ads,2024-09-27,1,0,0.0
711,LinkedIn Ads,2024-09-27,2,0,0.0
712,Cold Outbound,2024-01-14,1,0,0.0
712,Email,2024-01-18,2,0,0.0
713,Content/Webinar,2024-06-23,1,0,0.0
713,Cold Outbound,2024-06-24,2,0,0.0
713,LinkedIn Ads,2024-06-27,3,0,0.0
714,Google Ads,2024-03-21,1,0,0.0
714,Cold Outbound,2024-03-22,2,0,0.0
715,Cold Outbound,2024-08-10,1,0,0.0
715,Cold Outbound,2024-08-11,2,0,0.0
716,Cold Outbound,2024-04-07,1,0,0.0
716,Cold Outbound,2024-04-11,2,0,0.0
717,Content/Webinar,2024-08-22,1,0,0.0
717,Google Ads,2024-08-26,2,0,0.0
717,Organic/SEO,2024-08-30,3,0,0.0
718,Email,2024-05-14,1,0,0.0
719,Referral,2024-08-03,1,0,0.0
720,LinkedIn Ads,2024-02-25,1,0,0.0
720,Content/Webinar,2024-02-27,2,0,0.0
720,Email,2024-02-29,3,0,0.0
721,LinkedIn Ads,2024-04-01,1,0,0.0
721,Cold Outbound,2024-04-02,2,0,0.0
722,Organic/SEO,2024-06-28,1,1,9883.32
723,Organic/SEO,2024-02-19,1,0,0.0
723,Organic/SEO,2024-02-22,2,0,0.0
723,Email,2024-02-24,3,0,0.0
723,LinkedIn Ads,2024-02-28,4,0,0.0
724,Google Ads,2024-05-26,1,0,0.0
725,Content/Webinar,2024-07-05,1,0,0.0
725,Google Ads,2024-07-07,2,0,0.0
725,Google Ads,2024-07-10,3,0,0.0
725,Cold Outbound,2024-07-11,4,0,0.0
726,LinkedIn Ads,2024-04-17,1,0,0.0
726,Google Ads,2024-04-22,2,0,0.0
726,Organic/SEO,2024-04-25,3,0,0.0
727,LinkedIn Ads,2024-07-01,1,0,0.0
727,Cold Outbound,2024-07-05,2,0,0.0
728,Cold Outbound,2024-01-14,1,0,0.0
728,Content/Webinar,2024-01-17,2,0,0.0
729,Cold Outbound,2024-01-17,1,0,0.0
729,Google Ads,2024-01-19,2,0,0.0
729,Google Ads,2024-01-19,3,0,0.0
730,LinkedIn Ads,2024-06-18,1,0,0.0
731,Google Ads,2024-09-22,1,0,0.0
731,Email,2024-09-22,2,0,0.0
731,LinkedIn Ads,2024-09-22,3,0,0.0
732,Referral,2024-05-07,1,0,0.0
733,Email,2024-06-12,1,0,0.0
733,Organic/SEO,2024-06-15,2,0,0.0
734,LinkedIn Ads,2024-05-16,1,1,15665.72
734,Referral,2024-05-21,2,1,15665.72
735,LinkedIn Ads,2024-07-31,1,0,0.0
736,Google Ads,2024-04-03,1,0,0.0
736,Organic/SEO,2024-04-07,2,0,0.0
737,Email,2024-01-07,1,0,0.0
737,Cold Outbound,2024-01-08,2,0,0.0
738,Google Ads,2024-08-23,1,0,0.0
739,Cold Outbound,2024-03-02,1,0,0.0
739,Google Ads,2024-03-06,2,0,0.0
739,Cold Outbound,2024-03-10,3,0,0.0
740,Cold Outbound,2024-02-12,1,0,0.0
740,Cold Outbound,2024-02-15,2,0,0.0
741,LinkedIn Ads,2024-02-04,1,1,11236.78
742,Cold Outbound,2024-11-26,1,1,10961.49
742,Organic/SEO,2024-11-29,2,1,10961.49
743,Content/Webinar,2024-08-15,1,0,0.0
744,Google Ads,2024-03-09,1,0,0.0
745,Organic/SEO,2024-09-04,1,0,0.0
745,Content/Webinar,2024-09-05,2,0,0.0
745,Email,2024-09-09,3,0,0.0
746,Content/Webinar,2024-08-20,1,0,0.0
746,LinkedIn Ads,2024-08-20,2,0,0.0
747,Cold Outbound,2024-03-02,1,0,0.0
748,Referral,2024-09-05,1,1,11712.99
749,Google Ads,2024-04-21,1,0,0.0
749,Organic/SEO,2024-04-25,2,0,0.0
749,LinkedIn Ads,2024-04-30,3,0,0.0
749,Organic/SEO,2024-05-04,4,0,0.0
750,Content/Webinar,2024-01-11,1,0,0.0
750,Organic/SEO,2024-01-15,2,0,0.0
750,Email,2024-01-20,3,0,0.0
751,Google Ads,2024-06-02,1,0,0.0
751,Cold Outbound,2024-06-05,2,0,0.0
751,LinkedIn Ads,2024-06-08,3,0,0.0
752,Referral,2024-08-27,1,0,0.0
752,Organic/SEO,2024-08-28,2,0,0.0
752,Cold Outbound,2024-08-28,3,0,0.0
752,Email,2024-08-28,4,0,0.0
753,Content/Webinar,2024-03-03,1,0,0.0
753,Referral,2024-03-08,2,0,0.0
753,LinkedIn Ads,2024-03-09,3,0,0.0
753,Cold Outbound,2024-03-12,4,0,0.0
754,Cold Outbound,2024-11-15,1,0,0.0
755,Email,2024-07-03,1,0,0.0
755,Cold Outbound,2024-07-07,2,0,0.0
756,LinkedIn Ads,2024-06-18,1,0,0.0
756,Cold Outbound,2024-06-20,2,0,0.0
756,Cold Outbound,2024-06-25,3,0,0.0
756,Organic/SEO,2024-06-30,4,0,0.0
756,Content/Webinar,2024-07-05,5,0,0.0
757,Email,2024-04-06,1,0,0.0
758,Cold Outbound,2024-11-06,1,0,0.0
759,Cold Outbound,2024-02-22,1,0,0.0
760,Content/Webinar,2024-03-06,1,0,0.0
761,Email,2024-01-25,1,0,0.0
761,Email,2024-01-26,2,0,0.0
761,LinkedIn Ads,2024-01-30,3,0,0.0
761,LinkedIn Ads,2024-02-03,4,0,0.0
762,Email,2024-06-06,1,0,0.0
762,Referral,2024-06-10,2,0,0.0
762,Content/Webinar,2024-06-15,3,0,0.0
762,LinkedIn Ads,2024-06-15,4,0,0.0
762,Email,2024-06-18,5,0,0.0
763,Organic/SEO,2024-05-28,1,0,0.0
763,Cold Outbound,2024-05-31,2,0,0.0
763,Referral,2024-06-02,3,0,0.0
764,Email,2024-11-07,1,0,0.0
764,Cold Outbound,2024-11-11,2,0,0.0
764,LinkedIn Ads,2024-11-11,3,0,0.0
764,Google Ads,2024-11-15,4,0,0.0
765,Google Ads,2024-03-08,1,0,0.0
766,Content/Webinar,2024-01-10,1,1,4249.48
766,Cold Outbound,2024-01-15,2,1,4249.48
766,Content/Webinar,2024-01-19,3,1,4249.48
766,LinkedIn Ads,2024-01-19,4,1,4249.48
767,Cold Outbound,2024-01-06,1,0,0.0
767,Content/Webinar,2024-01-06,2,0,0.0
768,Google Ads,2024-04-24,1,0,0.0
769,LinkedIn Ads,2024-11-12,1,0,0.0
769,Cold Outbound,2024-11-16,2,0,0.0
769,Organic/SEO,2024-11-19,3,0,0.0
769,Content/Webinar,2024-11-22,4,0,0.0
770,Cold Outbound,2024-01-18,1,0,0.0
770,Email,2024-01-21,2,0,0.0
770,LinkedIn Ads,2024-01-25,3,0,0.0
771,Google Ads,2024-11-27,1,0,0.0
771,Cold Outbound,2024-12-01,2,0,0.0
772,LinkedIn Ads,2024-08-26,1,0,0.0
772,Content/Webinar,2024-08-28,2,0,0.0
773,LinkedIn Ads,2024-01-28,1,0,0.0
774,Google Ads,2024-02-25,1,0,0.0
775,Referral,2024-03-13,1,0,0.0
775,LinkedIn Ads,2024-03-15,2,0,0.0
775,Email,2024-03-15,3,0,0.0
775,Organic/SEO,2024-03-20,4,0,0.0
776,Content/Webinar,2024-02-19,1,0,0.0
776,Google Ads,2024-02-22,2,0,0.0
777,LinkedIn Ads,2024-07-01,1,0,0.0
777,Google Ads,2024-07-03,2,0,0.0
777,Email,2024-07-06,3,0,0.0
778,Google Ads,2024-03-01,1,0,0.0
779,Referral,2024-10-28,1,0,0.0
779,Organic/SEO,2024-10-31,2,0,0.0
779,LinkedIn Ads,2024-11-03,3,0,0.0
780,Organic/SEO,2024-11-02,1,0,0.0
780,Email,2024-11-03,2,0,0.0
780,Content/Webinar,2024-11-03,3,0,0.0
780,Google Ads,2024-11-06,4,0,0.0
781,Referral,2024-03-26,1,0,0.0
781,Referral,2024-03-30,2,0,0.0
782,Google Ads,2024-06-19,1,0,0.0
783,Email,2024-02-17,1,0,0.0
783,Organic/SEO,2024-02-18,2,0,0.0
783,Content/Webinar,2024-02-19,3,0,0.0
784,Cold Outbound,2024-01-10,1,0,0.0
784,Email,2024-01-14,2,0,0.0
784,LinkedIn Ads,2024-01-18,3,0,0.0
784,LinkedIn Ads,2024-01-20,4,0,0.0
785,Content/Webinar,2024-03-19,1,0,0.0
785,Email,2024-03-19,2,0,0.0
786,Email,2024-10-19,1,0,0.0
787,LinkedIn Ads,2024-02-13,1,0,0.0
787,Referral,2024-02-18,2,0,0.0
788,Google Ads,2024-08-14,1,1,8771.52
788,LinkedIn Ads,2024-08-14,2,1,8771.52
788,Email,2024-08-18,3,1,8771.52
789,Email,2024-07-13,1,0,0.0
789,Email,2024-07-14,2,0,0.0
790,Organic/SEO,2024-11-18,1,0,0.0
791,Organic/SEO,2024-11-08,1,0,0.0
791,Cold Outbound,2024-11-10,2,0,0.0
791,Organic/SEO,2024-11-10,3,0,0.0
791,Google Ads,2024-11-13,4,0,0.0
791,Content/Webinar,2024-11-15,5,0,0.0
792,Cold Outbound,2024-06-27,1,0,0.0
792,Email,2024-07-01,2,0,0.0
792,Google Ads,2024-07-02,3,0,0.0
792,Google Ads,2024-07-04,4,0,0.0
793,Content/Webinar,2024-10-14,1,0,0.0
793,Organic/SEO,2024-10-19,2,0,0.0
793,LinkedIn Ads,2024-10-22,3,0,0.0
794,Content/Webinar,2024-03-13,1,0,0.0
794,Organic/SEO,2024-03-18,2,0,0.0
794,Email,2024-03-18,3,0,0.0
794,LinkedIn Ads,2024-03-22,4,0,0.0
794,LinkedIn Ads,2024-03-24,5,0,0.0
795,LinkedIn Ads,2024-01-07,1,0,0.0
795,Content/Webinar,2024-01-11,2,0,0.0
795,Email,2024-01-13,3,0,0.0
796,Email,2024-10-13,1,1,7003.2
796,LinkedIn Ads,2024-10-18,2,1,7003.2
796,LinkedIn Ads,2024-10-23,3,1,7003.2
797,Organic/SEO,2024-02-10,1,1,6310.4
797,Google Ads,2024-02-15,2,1,6310.4
798,Cold Outbound,2024-03-22,1,0,0.0
798,Google Ads,2024-03-22,2,0,0.0
798,LinkedIn Ads,2024-03-26,3,0,0.0
799,LinkedIn Ads,2024-08-12,1,0,0.0
800,LinkedIn Ads,2024-09-13,1,0,0.0
800,LinkedIn Ads,2024-09-13,2,0,0.0
800,Content/Webinar,2024-09-16,3,0,0.0
801,Email,2024-11-02,1,1,9927.61
802,Email,2024-01-17,1,0,0.0
802,Organic/SEO,2024-01-21,2,0,0.0
803,Organic/SEO,2024-11-22,1,0,0.0
803,Content/Webinar,2024-11-23,2,0,0.0
803,Google Ads,2024-11-23,3,0,0.0
804,Google Ads,2024-10-13,1,0,0.0
805,Google Ads,2024-09-13,1,0,0.0
806,Organic/SEO,2024-10-18,1,0,0.0
807,Google Ads,2024-09-27,1,0,0.0
807,Referral,2024-10-02,2,0,0.0
807,LinkedIn Ads,2024-10-05,3,0,0.0
808,Organic/SEO,2024-04-12,1,0,0.0
808,Email,2024-04-16,2,0,0.0
808,Cold Outbound,2024-04-21,3,0,0.0
808,Organic/SEO,2024-04-21,4,0,0.0
809,Google Ads,2024-08-08,1,0,0.0
810,Google Ads,2024-09-20,1,0,0.0
810,Google Ads,2024-09-21,2,0,0.0
810,LinkedIn Ads,2024-09-26,3,0,0.0
810,Cold Outbound,2024-10-01,4,0,0.0
810,Google Ads,2024-10-02,5,0,0.0
811,Organic/SEO,2024-10-16,1,0,0.0
811,Organic/SEO,2024-10-18,2,0,0.0
811,Cold Outbound,2024-10-19,3,0,0.0
812,Google Ads,2024-03-01,1,0,0.0
812,Cold Outbound,2024-03-04,2,0,0.0
813,Email,2024-11-24,1,0,0.0
813,Cold Outbound,2024-11-28,2,0,0.0
813,Organic/SEO,2024-11-28,3,0,0.0
814,Email,2024-07-02,1,0,0.0
814,Google Ads,2024-07-03,2,0,0.0
814,LinkedIn Ads,2024-07-06,3,0,0.0
814,Email,2024-07-06,4,0,0.0
815,LinkedIn Ads,2024-08-03,1,0,0.0
815,Organic/SEO,2024-08-08,2,0,0.0
816,Content/Webinar,2024-06-07,1,0,0.0
816,Google Ads,2024-06-08,2,0,0.0
816,Cold Outbound,2024-06-09,3,0,0.0
816,Email,2024-06-10,4,0,0.0
817,Email,2024-08-22,1,1,6063.27
817,Organic/SEO,2024-08-25,2,1,6063.27
818,Organic/SEO,2024-02-11,1,1,5456.46
818,Organic/SEO,2024-02-11,2,1,5456.46
818,Organic/SEO,2024-02-11,3,1,5456.46
819,Cold Outbound,2024-06-06,1,1,4500.39
819,Organic/SEO,2024-06-09,2,1,4500.39
819,Email,2024-06-13,3,1,4500.39
819,LinkedIn Ads,2024-06-15,4,1,4500.39
819,Cold Outbound,2024-06-15,5,1,4500.39
820,Cold Outbound,2024-04-06,1,0,0.0
820,Content/Webinar,2024-04-10,2,0,0.0
820,LinkedIn Ads,2024-04-14,3,0,0.0
820,Content/Webinar,2024-04-19,4,0,0.0
821,LinkedIn Ads,2024-02-04,1,0,0.0
822,Cold Outbound,2024-05-16,1,0,0.0
822,Organic/SEO,2024-05-20,2,0,0.0
823,Organic/SEO,2024-02-22,1,0,0.0
824,Content/Webinar,2024-05-16,1,1,13620.99
825,Content/Webinar,2024-02-14,1,0,0.0
825,Google Ads,2024-02-14,2,0,0.0
825,Google Ads,2024-02-15,3,0,0.0
825,Cold Outbound,2024-02-16,4,0,0.0
825,Email,2024-02-18,5,0,0.0
826,LinkedIn Ads,2024-09-21,1,0,0.0
826,Organic/SEO,2024-09-26,2,0,0.0
826,Google Ads,2024-09-28,3,0,0.0
827,LinkedIn Ads,2024-05-13,1,0,0.0
827,LinkedIn Ads,2024-05-18,2,0,0.0
828,Email,2024-09-15,1,0,0.0
828,Email,2024-09-16,2,0,0.0
829,Email,2024-02-14,1,0,0.0
830,Google Ads,2024-03-28,1,0,0.0
830,Organic/SEO,2024-03-31,2,0,0.0
831,Organic/SEO,2024-05-20,1,0,0.0
831,Email,2024-05-23,2,0,0.0
832,Email,2024-03-03,1,0,0.0
833,Content/Webinar,2024-06-29,1,0,0.0
833,Email,2024-06-30,2,0,0.0
833,Cold Outbound,2024-07-01,3,0,0.0
834,Email,2024-02-11,1,0,0.0
834,Cold Outbound,2024-02-13,2,0,0.0
835,Google Ads,2024-04-07,1,0,0.0
835,Google Ads,2024-04-10,2,0,0.0
835,Content/Webinar,2024-04-13,3,0,0.0
835,Content/Webinar,2024-04-14,4,0,0.0
836,Organic/SEO,2024-06-24,1,0,0.0
836,Content/Webinar,2024-06-26,2,0,0.0
836,Referral,2024-06-29,3,0,0.0
837,Organic/SEO,2024-07-24,1,0,0.0
838,LinkedIn Ads,2024-03-11,1,0,0.0
838,Cold Outbound,2024-03-14,2,0,0.0
839,Content/Webinar,2024-10-02,1,0,0.0
839,Cold Outbound,2024-10-05,2,0,0.0
839,LinkedIn Ads,2024-10-05,3,0,0.0
839,LinkedIn Ads,2024-10-07,4,0,0.0
839,Cold Outbound,2024-10-11,5,0,0.0
840,Organic/SEO,2024-03-31,1,0,0.0
840,Google Ads,2024-03-31,2,0,0.0
841,Email,2024-08-02,1,1,3524.99
842,Content/Webinar,2024-09-13,1,0,0.0
842,Organic/SEO,2024-09-16,2,0,0.0
843,Cold Outbound,2024-08-24,1,0,0.0
843,LinkedIn Ads,2024-08-28,2,0,0.0
843,Cold Outbound,2024-08-30,3,0,0.0
843,Cold Outbound,2024-08-30,4,0,0.0
843,Email,2024-08-30,5,0,0.0
844,Organic/SEO,2024-08-15,1,0,0.0
845,Organic/SEO,2024-05-28,1,0,0.0
845,Organic/SEO,2024-05-30,2,0,0.0
846,Email,2024-04-15,1,0,0.0
846,Organic/SEO,2024-04-17,2,0,0.0
846,Content/Webinar,2024-04-19,3,0,0.0
847,LinkedIn Ads,2024-09-28,1,0,0.0
847,Email,2024-09-30,2,0,0.0
848,LinkedIn Ads,2024-07-11,1,0,0.0
848,Cold Outbound,2024-07-11,2,0,0.0
848,Email,2024-07-11,3,0,0.0
849,LinkedIn Ads,2024-04-29,1,0,0.0
849,LinkedIn Ads,2024-05-03,2,0,0.0
850,Google Ads,2024-10-06,1,0,0.0
850,Email,2024-10-07,2,0,0.0
850,Email,2024-10-12,3,0,0.0
851,LinkedIn Ads,2024-05-17,1,1,3086.03
851,Organic/SEO,2024-05-18,2,1,3086.03
851,Google Ads,2024-05-19,3,1,3086.03
851,Google Ads,2024-05-23,4,1,3086.03
852,Content/Webinar,2024-10-02,1,0,0.0
853,Organic/SEO,2024-03-31,1,0,0.0
853,Email,2024-04-02,2,0,0.0
854,Google Ads,2024-05-22,1,0,0.0
855,Google Ads,2024-02-15,1,0,0.0
856,Content/Webinar,2024-02-13,1,0,0.0
857,Referral,2024-11-12,1,0,0.0
857,Organic/SEO,2024-11-12,2,0,0.0
857,LinkedIn Ads,2024-11-17,3,0,0.0
858,Google Ads,2024-05-12,1,0,0.0
858,Content/Webinar,2024-05-13,2,0,0.0
858,Organic/SEO,2024-05-14,3,0,0.0
859,Organic/SEO,2024-05-27,1,0,0.0
859,Google Ads,2024-05-28,2,0,0.0
860,Organic/SEO,2024-07-13,1,0,0.0
860,Google Ads,2024-07-14,2,0,0.0
861,LinkedIn Ads,2024-05-09,1,0,0.0
862,Cold Outbound,2024-10-03,1,0,0.0
862,Cold Outbound,2024-10-03,2,0,0.0
863,Cold Outbound,2024-11-26,1,0,0.0
863,Organic/SEO,2024-11-27,2,0,0.0
864,Google Ads,2024-03-07,1,0,0.0
865,Cold Outbound,2024-06-09,1,0,0.0
865,Google Ads,2024-06-13,2,0,0.0
866,Cold Outbound,2024-06-15,1,0,0.0
867,Cold Outbound,2024-03-24,1,0,0.0
867,Content/Webinar,2024-03-28,2,0,0.0
868,LinkedIn Ads,2024-01-14,1,0,0.0
869,Cold Outbound,2024-05-09,1,0,0.0
869,Google Ads,2024-05-09,2,0,0.0
870,Email,2024-08-10,1,0,0.0
870,Organic/SEO,2024-08-14,2,0,0.0
871,Email,2024-04-01,1,0,0.0
871,Organic/SEO,2024-04-04,2,0,0.0
872,Google Ads,2024-06-10,1,0,0.0
873,Organic/SEO,2024-09-16,1,0,0.0
873,Google Ads,2024-09-18,2,0,0.0
873,Content/Webinar,2024-09-23,3,0,0.0
874,Cold Outbound,2024-08-29,1,1,5571.29
875,LinkedIn Ads,2024-08-06,1,0,0.0
875,Cold Outbound,2024-08-10,2,0,0.0
875,LinkedIn Ads,2024-08-13,3,0,0.0
875,Google Ads,2024-08-14,4,0,0.0
875,Google Ads,2024-08-15,5,0,0.0
876,Organic/SEO,2024-09-04,1,1,6404.51
876,Organic/SEO,2024-09-08,2,1,6404.51
876,Cold Outbound,2024-09-12,3,1,6404.51
876,Organic/SEO,2024-09-13,4,1,6404.51
876,Email,2024-09-13,5,1,6404.51
877,Organic/SEO,2024-04-24,1,0,0.0
878,Referral,2024-01-04,1,1,5536.33
878,Google Ads,2024-01-07,2,1,5536.33
879,LinkedIn Ads,2024-07-27,1,0,0.0
879,Email,2024-07-31,2,0,0.0
879,LinkedIn Ads,2024-08-04,3,0,0.0
879,Organic/SEO,2024-08-05,4,0,0.0
880,Email,2024-10-31,1,0,0.0
881,Email,2024-07-03,1,0,0.0
881,Google Ads,2024-07-04,2,0,0.0
882,Referral,2024-04-24,1,0,0.0
883,LinkedIn Ads,2024-10-11,1,0,0.0
883,Organic/SEO,2024-10-16,2,0,0.0
884,Google Ads,2024-02-26,1,0,0.0
884,Organic/SEO,2024-02-29,2,0,0.0
885,Content/Webinar,2024-08-08,1,0,0.0
886,Google Ads,2024-03-08,1,0,0.0
886,Google Ads,2024-03-09,2,0,0.0
886,Email,2024-03-12,3,0,0.0
887,Organic/SEO,2024-06-26,1,0,0.0
887,Organic/SEO,2024-06-30,2,0,0.0
887,LinkedIn Ads,2024-07-02,3,0,0.0
888,Cold Outbound,2024-06-27,1,0,0.0
888,Cold Outbound,2024-07-02,2,0,0.0
889,Google Ads,2024-08-31,1,1,8961.49
889,Email,2024-09-03,2,1,8961.49
889,Email,2024-09-06,3,1,8961.49
890,LinkedIn Ads,2024-01-09,1,0,0.0
891,Cold Outbound,2024-09-12,1,0,0.0
892,Organic/SEO,2024-03-04,1,0,0.0
892,Content/Webinar,2024-03-07,2,0,0.0
892,Email,2024-03-09,3,0,0.0
893,Organic/SEO,2024-10-24,1,0,0.0
893,Cold Outbound,2024-10-26,2,0,0.0
893,Content/Webinar,2024-10-28,3,0,0.0
893,Cold Outbound,2024-10-31,4,0,0.0
893,Organic/SEO,2024-11-04,5,0,0.0
894,LinkedIn Ads,2024-02-10,1,0,0.0
895,Content/Webinar,2024-10-28,1,0,0.0
895,Organic/SEO,2024-10-29,2,0,0.0
895,Organic/SEO,2024-10-31,3,0,0.0
896,Google Ads,2024-02-18,1,0,0.0
896,Email,2024-02-20,2,0,0.0
897,Email,2024-04-01,1,0,0.0
898,Cold Outbound,2024-05-12,1,0,0.0
898,Organic/SEO,2024-05-14,2,0,0.0
899,Google Ads,2024-05-17,1,0,0.0
899,Organic/SEO,2024-05-20,2,0,0.0
900,Cold Outbound,2024-01-27,1,0,0.0
901,Cold Outbound,2024-05-17,1,0,0.0
901,Organic/SEO,2024-05-21,2,0,0.0
902,Email,2024-05-17,1,0,0.0
902,Cold Outbound,2024-05-17,2,0,0.0
903,Cold Outbound,2024-07-04,1,1,10144.03
903,Cold Outbound,2024-07-08,2,1,10144.03
903,LinkedIn Ads,2024-07-09,3,1,10144.03
904,Email,2024-08-16,1,0,0.0
904,Organic/SEO,2024-08-21,2,0,0.0
904,Organic/SEO,2024-08-23,3,0,0.0
904,LinkedIn Ads,2024-08-24,4,0,0.0
905,Cold Outbound,2024-02-29,1,1,5036.89
905,Content/Webinar,2024-03-03,2,1,5036.89
905,Cold Outbound,2024-03-07,3,1,5036.89
906,Email,2024-09-12,1,1,8394.82
906,Email,2024-09-16,2,1,8394.82
906,LinkedIn Ads,2024-09-19,3,1,8394.82
907,Cold Outbound,2024-06-18,1,0,0.0
908,Organic/SEO,2024-11-21,1,0,0.0
909,LinkedIn Ads,2024-04-23,1,0,0.0
909,Content/Webinar,2024-04-28,2,0,0.0
909,Referral,2024-05-02,3,0,0.0
909,Organic/SEO,2024-05-05,4,0,0.0
910,Cold Outbound,2024-04-17,1,0,0.0
910,Email,2024-04-22,2,0,0.0
911,Cold Outbound,2024-01-17,1,1,7265.41
911,Organic/SEO,2024-01-20,2,1,7265.41
912,Content/Webinar,2024-04-28,1,0,0.0
913,Email,2024-01-02,1,0,0.0
913,Email,2024-01-04,2,0,0.0
913,Cold Outbound,2024-01-09,3,0,0.0
914,Google Ads,2024-06-15,1,0,0.0
914,Google Ads,2024-06-17,2,0,0.0
915,Email,2024-08-01,1,0,0.0
916,Content/Webinar,2024-08-26,1,0,0.0
916,Organic/SEO,2024-08-29,2,0,0.0
916,Content/Webinar,2024-08-29,3,0,0.0
916,Organic/SEO,2024-08-29,4,0,0.0
917,Email,2024-06-16,1,0,0.0
917,Referral,2024-06-18,2,0,0.0
917,Google Ads,2024-06-18,3,0,0.0
918,LinkedIn Ads,2024-05-30,1,0,0.0
919,Google Ads,2024-10-25,1,0,0.0
919,Content/Webinar,2024-10-25,2,0,0.0
919,Google Ads,2024-10-30,3,0,0.0
920,Email,2024-03-10,1,0,0.0
920,Google Ads,2024-03-13,2,0,0.0
921,Organic/SEO,2024-04-09,1,0,0.0
922,Content/Webinar,2024-06-01,1,0,0.0
923,Content/Webinar,2024-10-26,1,0,0.0
924,Cold Outbound,2024-05-30,1,1,17534.65
924,Email,2024-06-01,2,1,17534.65
924,Email,2024-06-02,3,1,17534.65
924,Email,2024-06-02,4,1,17534.65
924,Referral,2024-06-02,5,1,17534.65
925,Content/Webinar,2024-05-22,1,0,0.0
926,Referral,2024-06-09,1,1,12010.17
927,Cold Outbound,2024-07-16,1,1,6500.9
927,Email,2024-07-19,2,1,6500.9
927,Email,2024-07-23,3,1,6500.9
927,Google Ads,2024-07-24,4,1,6500.9
928,Content/Webinar,2024-02-06,1,0,0.0
928,Organic/SEO,2024-02-07,2,0,0.0
929,Google Ads,2024-05-18,1,1,12218.7
929,LinkedIn Ads,2024-05-19,2,1,12218.7
930,Content/Webinar,2024-01-14,1,0,0.0
930,Organic/SEO,2024-01-18,2,0,0.0
931,Google Ads,2024-11-25,1,0,0.0
931,Email,2024-11-28,2,0,0.0
931,Email,2024-11-29,3,0,0.0
931,Organic/SEO,2024-12-02,4,0,0.0
932,Email,2024-02-12,1,0,0.0
932,Content/Webinar,2024-02-17,2,0,0.0
932,Email,2024-02-17,3,0,0.0
932,Cold Outbound,2024-02-19,4,0,0.0
933,Cold Outbound,2024-11-01,1,0,0.0
933,Cold Outbound,2024-11-04,2,0,0.0
933,Email,2024-11-09,3,0,0.0
933,Google Ads,2024-11-13,4,0,0.0
934,Cold Outbound,2024-02-29,1,0,0.0
934,Email,2024-03-02,2,0,0.0
934,Cold Outbound,2024-03-07,3,0,0.0
935,LinkedIn Ads,2024-03-07,1,0,0.0
935,Email,2024-03-11,2,0,0.0
935,Google Ads,2024-03-12,3,0,0.0
936,Google Ads,2024-08-02,1,1,5324.12
936,Google Ads,2024-08-03,2,1,5324.12
936,LinkedIn Ads,2024-08-04,3,1,5324.12
936,Cold Outbound,2024-08-05,4,1,5324.12
937,Google Ads,2024-04-29,1,0,0.0
937,Email,2024-05-02,2,0,0.0
937,Referral,2024-05-02,3,0,0.0
938,Organic/SEO,2024-11-28,1,0,0.0
939,Email,2024-04-04,1,0,0.0
940,Content/Webinar,2024-07-31,1,0,0.0
940,Cold Outbound,2024-07-31,2,0,0.0
941,Google Ads,2024-05-15,1,0,0.0
942,Content/Webinar,2024-06-26,1,0,0.0
943,Email,2024-02-18,1,0,0.0
943,Email,2024-02-19,2,0,0.0
943,Google Ads,2024-02-20,3,0,0.0
943,Google Ads,2024-02-22,4,0,0.0
944,Google Ads,2024-02-23,1,0,0.0
944,Google Ads,2024-02-24,2,0,0.0
944,Cold Outbound,2024-02-25,3,0,0.0
945,Cold Outbound,2024-08-23,1,0,0.0
946,Google Ads,2024-07-12,1,0,0.0
947,Organic/SEO,2024-06-25,1,0,0.0
947,Cold Outbound,2024-06-28,2,0,0.0
947,Google Ads,2024-07-01,3,0,0.0
948,LinkedIn Ads,2024-08-04,1,0,0.0
948,Email,2024-08-06,2,0,0.0
948,Email,2024-08-09,3,0,0.0
948,Cold Outbound,2024-08-09,4,0,0.0
949,Cold Outbound,2024-01-26,1,1,10976.21
949,Cold Outbound,2024-01-26,2,1,10976.21
949,Email,2024-01-30,3,1,10976.21
949,Google Ads,2024-01-30,4,1,10976.21
950,LinkedIn Ads,2024-04-15,1,0,0.0
951,Organic/SEO,2024-07-14,1,0,0.0
951,Google Ads,2024-07-18,2,0,0.0
951,Organic/SEO,2024-07-19,3,0,0.0
952,Organic/SEO,2024-03-13,1,0,0.0
952,Organic/SEO,2024-03-16,2,0,0.0
952,Google Ads,2024-03-16,3,0,0.0
953,Cold Outbound,2024-05-25,1,0,0.0
953,LinkedIn Ads,2024-05-27,2,0,0.0
954,Email,2024-04-12,1,0,0.0
954,Email,2024-04-13,2,0,0.0
955,Content/Webinar,2024-07-27,1,0,0.0
955,Google Ads,2024-07-29,2,0,0.0
955,Organic/SEO,2024-08-02,3,0,0.0
956,Email,2024-02-18,1,0,0.0
956,Organic/SEO,2024-02-21,2,0,0.0
956,Organic/SEO,2024-02-25,3,0,0.0
957,Email,2024-04-09,1,0,0.0
957,Organic/SEO,2024-04-11,2,0,0.0
957,Google Ads,2024-04-13,3,0,0.0
958,Email,2024-01-11,1,0,0.0
959,Google Ads,2024-11-03,1,0,0.0
959,Referral,2024-11-08,2,0,0.0
960,Cold Outbound,2024-09-27,1,1,8809.91
960,Cold Outbound,2024-09-30,2,1,8809.91
960,Google Ads,2024-10-01,3,1,8809.91
960,Email,2024-10-03,4,1,8809.91
960,Email,2024-10-05,5,1,8809.91
961,Cold Outbound,2024-08-31,1,0,0.0
962,Cold Outbound,2024-02-23,1,0,0.0
963,Organic/SEO,2024-09-29,1,0,0.0
963,Cold Outbound,2024-09-29,2,0,0.0
963,Email,2024-09-29,3,0,0.0
963,LinkedIn Ads,2024-09-29,4,0,0.0
963,Email,2024-10-02,5,0,0.0
964,Cold Outbound,2024-07-24,1,0,0.0
965,Organic/SEO,2024-06-25,1,1,8919.55
965,Content/Webinar,2024-06-28,2,1,8919.55
965,Google Ads,2024-06-28,3,1,8919.55
966,Cold Outbound,2024-02-17,1,0,0.0
967,Content/Webinar,2024-09-22,1,0,0.0
967,Google Ads,2024-09-25,2,0,0.0
968,Google Ads,2024-01-21,1,0,0.0
969,Email,2024-06-24,1,0,0.0
970,Referral,2024-07-09,1,0,0.0
971,Cold Outbound,2024-09-14,1,0,0.0
971,Cold Outbound,2024-09-19,2,0,0.0
972,Google Ads,2024-11-01,1,0,0.0
972,Email,2024-11-04,2,0,0.0
973,Cold Outbound,2024-10-31,1,0,0.0
973,Organic/SEO,2024-11-05,2,0,0.0
974,Organic/SEO,2024-10-09,1,0,0.0
975,Google Ads,2024-02-27,1,0,0.0
976,Organic/SEO,2024-10-17,1,0,0.0
976,Email,2024-10-21,2,0,0.0
977,LinkedIn Ads,2024-01-30,1,0,0.0
978,Cold Outbound,2024-06-04,1,0,0.0
979,Content/Webinar,2024-07-25,1,0,0.0
980,Email,2024-07-08,1,0,0.0
981,Cold Outbound,2024-11-05,1,0,0.0
982,Cold Outbound,2024-04-12,1,0,0.0
982,Email,2024-04-14,2,0,0.0
982,Cold Outbound,2024-04-19,3,0,0.0
982,LinkedIn Ads,2024-04-21,4,0,0.0
982,Email,2024-04-25,5,0,0.0
983,Email,2024-08-08,1,0,0.0
983,Referral,2024-08-11,2,0,0.0
983,Cold Outbound,2024-08-11,3,0,0.0
984,Organic/SEO,2024-07-18,1,0,0.0
984,Cold Outbound,2024-07-22,2,0,0.0
985,Organic/SEO,2024-07-26,1,1,11282.97
985,Content/Webinar,2024-07-27,2,1,11282.97
986,Email,2024-04-26,1,1,5921.52
986,Email,2024-04-27,2,1,5921.52
986,Google Ads,2024-05-02,3,1,5921.52
986,Content/Webinar,2024-05-03,4,1,5921.52
987,Organic/SEO,2024-05-01,1,0,0.0
987,Google Ads,2024-05-01,2,0,0.0
987,Content/Webinar,2024-05-01,3,0,0.0
987,Organic/SEO,2024-05-05,4,0,0.0
987,Cold Outbound,2024-05-05,5,0,0.0
988,Email,2024-03-17,1,0,0.0
988,Content/Webinar,2024-03-22,2,0,0.0
988,Cold Outbound,2024-03-26,3,0,0.0
988,Google Ads,2024-03-30,4,0,0.0
989,Email,2024-09-03,1,0,0.0
989,Google Ads,2024-09-07,2,0,0.0
990,Organic/SEO,2024-11-09,1,0,0.0
990,LinkedIn Ads,2024-11-12,2,0,0.0
991,LinkedIn Ads,2024-03-21,1,0,0.0
991,Referral,2024-03-24,2,0,0.0
991,LinkedIn Ads,2024-03-28,3,0,0.0
992,LinkedIn Ads,2024-10-31,1,0,0.0
992,LinkedIn Ads,2024-11-02,2,0,0.0
993,LinkedIn Ads,2024-01-23,1,1,11108.88
993,LinkedIn Ads,2024-01-26,2,1,11108.88
993,Content/Webinar,2024-01-28,3,1,11108.88
993,LinkedIn Ads,2024-01-29,4,1,11108.88
994,Google Ads,2024-08-24,1,0,0.0
995,Email,2024-01-28,1,0,0.0
996,Email,2024-10-05,1,0,0.0
997,Google Ads,2024-04-23,1,1,5429.27
997,Referral,2024-04-27,2,1,5429.27
997,Google Ads,2024-04-30,3,1,5429.27
998,Organic/SEO,2024-09-12,1,1,7680.86
998,Email,2024-09-12,2,1,7680.86
999,Google Ads,2024-01-24,1,1,7501.62
1000,Google Ads,2024-01-18,1,0,0.0
1000,Google Ads,2024-01-20,2,0,0.0
1001,LinkedIn Ads,2024-10-01,1,0,0.0
1002,Cold Outbound,2024-01-28,1,0,0.0
1003,Email,2024-08-23,1,1,9720.52
1003,Organic/SEO,2024-08-28,2,1,9720.52
1003,Organic/SEO,2024-09-01,3,1,9720.52
1004,Referral,2024-09-23,1,0,0.0
1004,LinkedIn Ads,2024-09-23,2,0,0.0
1005,Organic/SEO,2024-02-13,1,0,0.0
1005,Cold Outbound,2024-02-17,2,0,0.0
1005,Google Ads,2024-02-21,3,0,0.0
1006,Email,2024-07-12,1,0,0.0
1006,LinkedIn Ads,2024-07-12,2,0,0.0
1006,LinkedIn Ads,2024-07-17,3,0,0.0
1006,Cold Outbound,2024-07-20,4,0,0.0
1007,Cold Outbound,2024-10-14,1,0,0.0
1007,Email,2024-10-15,2,0,0.0
1008,Referral,2024-08-01,1,0,0.0
1008,Content/Webinar,2024-08-02,2,0,0.0
1009,LinkedIn Ads,2024-02-24,1,1,7404.09
1009,Content/Webinar,2024-02-28,2,1,7404.09
1009,LinkedIn Ads,2024-02-28,3,1,7404.09
1009,Cold Outbound,2024-02-29,4,1,7404.09
1010,Content/Webinar,2024-11-15,1,0,0.0
1010,Cold Outbound,2024-11-19,2,0,0.0
1010,Content/Webinar,2024-11-22,3,0,0.0
1010,Content/Webinar,2024-11-25,4,0,0.0
1011,Cold Outbound,2024-10-23,1,0,0.0
1011,Content/Webinar,2024-10-26,2,0,0.0
1011,Google Ads,2024-10-27,3,0,0.0
1011,Google Ads,2024-11-01,4,0,0.0
1012,Organic/SEO,2024-06-20,1,0,0.0
1013,Content/Webinar,2024-10-02,1,0,0.0
1014,Content/Webinar,2024-08-11,1,0,0.0
1015,Google Ads,2024-10-22,1,0,0.0
1015,Email,2024-10-22,2,0,0.0
1015,Cold Outbound,2024-10-23,3,0,0.0
1015,Organic/SEO,2024-10-26,4,0,0.0
1016,Content/Webinar,2024-10-22,1,0,0.0
1016,Cold Outbound,2024-10-22,2,0,0.0
1016,Google Ads,2024-10-27,3,0,0.0
1016,Google Ads,2024-10-28,4,0,0.0
1017,Google Ads,2024-05-06,1,0,0.0
1017,Cold Outbound,2024-05-09,2,0,0.0
1017,Google Ads,2024-05-09,3,0,0.0
1018,Cold Outbound,2024-04-20,1,1,6945.67
1018,Cold Outbound,2024-04-24,2,1,6945.67
1018,Referral,2024-04-25,3,1,6945.67
1018,Email,2024-04-25,4,1,6945.67
1018,Google Ads,2024-04-26,5,1,6945.67
1019,Content/Webinar,2024-07-21,1,1,14019.82
1020,Cold Outbound,2024-11-10,1,0,0.0
1020,LinkedIn Ads,2024-11-12,2,0,0.0
1020,Email,2024-11-17,3,0,0.0
1021,Cold Outbound,2024-07-24,1,0,0.0
1021,Cold Outbound,2024-07-29,2,0,0.0
1021,Organic/SEO,2024-08-01,3,0,0.0
1022,Google Ads,2024-08-10,1,0,0.0
1023,Cold Outbound,2024-07-01,1,0,0.0
1024,Cold Outbound,2024-01-31,1,0,0.0
1024,Organic/SEO,2024-02-04,2,0,0.0
1025,Cold Outbound,2024-04-22,1,0,0.0
1025,LinkedIn Ads,2024-04-22,2,0,0.0
1025,Cold Outbound,2024-04-23,3,0,0.0
1025,Google Ads,2024-04-23,4,0,0.0
1026,LinkedIn Ads,2024-07-09,1,0,0.0
1026,Cold Outbound,2024-07-11,2,0,0.0
1026,Google Ads,2024-07-16,3,0,0.0
1027,LinkedIn Ads,2024-05-17,1,0,0.0
1027,LinkedIn Ads,2024-05-22,2,0,0.0
1027,Google Ads,2024-05-26,3,0,0.0
1028,Google Ads,2024-09-28,1,1,8432.08
1029,LinkedIn Ads,2024-06-20,1,0,0.0
1029,Google Ads,2024-06-22,2,0,0.0
1029,Email,2024-06-23,3,0,0.0
1030,Google Ads,2024-06-08,1,0,0.0
1030,Cold Outbound,2024-06-12,2,0,0.0
1031,Content/Webinar,2024-08-30,1,0,0.0
1031,Google Ads,2024-08-31,2,0,0.0
1032,Google Ads,2024-04-21,1,1,9117.94
1032,Organic/SEO,2024-04-24,2,1,9117.94
1032,Email,2024-04-27,3,1,9117.94
1033,LinkedIn Ads,2024-07-01,1,0,0.0
1033,Organic/SEO,2024-07-02,2,0,0.0
1034,LinkedIn Ads,2024-05-05,1,0,0.0
1035,Cold Outbound,2024-08-14,1,1,5010.11
1035,Organic/SEO,2024-08-19,2,1,5010.11
1035,Content/Webinar,2024-08-24,3,1,5010.11
1035,Google Ads,2024-08-29,4,1,5010.11
1036,Cold Outbound,2024-10-07,1,0,0.0
1037,Organic/SEO,2024-07-12,1,0,0.0
1037,Google Ads,2024-07-15,2,0,0.0
1038,Google Ads,2024-01-11,1,0,0.0
1038,Email,2024-01-13,2,0,0.0
1038,Cold Outbound,2024-01-17,3,0,0.0
1039,Google Ads,2024-07-04,1,1,4239.75
1040,LinkedIn Ads,2024-04-06,1,0,0.0
1041,Google Ads,2024-11-23,1,0,0.0
1042,Google Ads,2024-04-03,1,0,0.0
1043,Content/Webinar,2024-06-08,1,0,0.0
1043,Organic/SEO,2024-06-08,2,0,0.0
1044,Cold Outbound,2024-10-09,1,0,0.0
1045,Referral,2024-07-14,1,0,0.0
1045,Google Ads,2024-07-16,2,0,0.0
1045,Content/Webinar,2024-07-19,3,0,0.0
1045,Cold Outbound,2024-07-24,4,0,0.0
1046,Content/Webinar,2024-01-21,1,0,0.0
1047,Cold Outbound,2024-02-15,1,0,0.0
1047,Google Ads,2024-02-18,2,0,0.0
1048,Cold Outbound,2024-07-07,1,0,0.0
1049,Organic/SEO,2024-02-04,1,0,0.0
1050,Google Ads,2024-06-26,1,0,0.0
1050,Cold Outbound,2024-06-28,2,0,0.0
1050,Organic/SEO,2024-07-02,3,0,0.0
1051,LinkedIn Ads,2024-01-04,1,0,0.0
1051,Organic/SEO,2024-01-07,2,0,0.0
1052,Content/Webinar,2024-09-29,1,0,0.0
1052,Cold Outbound,2024-10-02,2,0,0.0
1052,Organic/SEO,2024-10-03,3,0,0.0
1052,Email,2024-10-03,4,0,0.0
1053,Email,2024-03-30,1,0,0.0
1054,Google Ads,2024-10-24,1,1,6004.57
1054,LinkedIn Ads,2024-10-24,2,1,6004.57
1054,Content/Webinar,2024-10-26,3,1,6004.57
1054,Cold Outbound,2024-10-27,4,1,6004.57
1055,Google Ads,2024-03-20,1,0,0.0
1055,Email,2024-03-22,2,0,0.0
1056,Email,2024-03-11,1,0,0.0
1057,Google Ads,2024-08-01,1,0,0.0
1058,Content/Webinar,2024-11-23,1,0,0.0
1059,Organic/SEO,2024-06-14,1,0,0.0
1059,Google Ads,2024-06-16,2,0,0.0
1059,Organic/SEO,2024-06-19,3,0,0.0
1060,Content/Webinar,2024-06-07,1,0,0.0
1060,LinkedIn Ads,2024-06-12,2,0,0.0
1061,Google Ads,2024-04-30,1,0,0.0
1062,LinkedIn Ads,2024-04-24,1,0,0.0
1062,LinkedIn Ads,2024-04-27,2,0,0.0
1062,Cold Outbound,2024-04-29,3,0,0.0
1063,Content/Webinar,2024-06-27,1,0,0.0
1063,Email,2024-07-02,2,0,0.0
1064,Google Ads,2024-08-15,1,0,0.0
1065,Email,2024-11-16,1,0,0.0
1065,LinkedIn Ads,2024-11-21,2,0,0.0
1066,Email,2024-09-28,1,0,0.0
1066,Content/Webinar,2024-10-01,2,0,0.0
1066,LinkedIn Ads,2024-10-01,3,0,0.0
1066,Content/Webinar,2024-10-01,4,0,0.0
1067,Google Ads,2024-06-15,1,1,3469.34
1067,Cold Outbound,2024-06-20,2,1,3469.34
1067,Google Ads,2024-06-20,3,1,3469.34
1067,Google Ads,2024-06-21,4,1,3469.34
1068,Cold Outbound,2024-07-27,1,0,0.0
1069,Cold Outbound,2024-02-05,1,0,0.0
1069,Cold Outbound,2024-02-10,2,0,0.0
1069,Content/Webinar,2024-02-14,3,0,0.0
1069,Cold Outbound,2024-02-14,4,0,0.0
1069,Cold Outbound,2024-02-18,5,0,0.0
1070,Email,2024-02-08,1,0,0.0
1071,Referral,2024-10-31,1,0,0.0
1072,Organic/SEO,2024-11-27,1,0,0.0
1072,Organic/SEO,2024-12-01,2,0,0.0
1072,Email,2024-12-01,3,0,0.0
1072,Email,2024-12-05,4,0,0.0
1073,Email,2024-09-16,1,0,0.0
1073,Email,2024-09-19,2,0,0.0
1074,Email,2024-02-01,1,0,0.0
1074,LinkedIn Ads,2024-02-01,2,0,0.0
1075,Referral,2024-10-09,1,1,17698.21
1076,Cold Outbound,2024-11-03,1,0,0.0
1076,Google Ads,2024-11-05,2,0,0.0
1076,Email,2024-11-09,3,0,0.0
1076,Content/Webinar,2024-11-10,4,0,0.0
1077,Organic/SEO,2024-07-15,1,0,0.0
1077,Organic/SEO,2024-07-15,2,0,0.0
1078,Referral,2024-01-10,1,0,0.0
1079,Google Ads,2024-03-01,1,0,0.0
1079,Email,2024-03-06,2,0,0.0
1080,Referral,2024-01-23,1,0,0.0
1081,Content/Webinar,2024-08-16,1,0,0.0
1082,Email,2024-09-23,1,0,0.0
1083,Content/Webinar,2024-01-17,1,0,0.0
1084,Email,2024-07-24,1,0,0.0
1084,Content/Webinar,2024-07-27,2,0,0.0
1084,LinkedIn Ads,2024-07-30,3,0,0.0
1084,Google Ads,2024-08-03,4,0,0.0
1084,Content/Webinar,2024-08-04,5,0,0.0
1085,Email,2024-01-15,1,1,8209.21
1085,Cold Outbound,2024-01-17,2,1,8209.21
1085,Cold Outbound,2024-01-22,3,1,8209.21
1085,Content/Webinar,2024-01-25,4,1,8209.21
1086,Cold Outbound,2024-07-04,1,0,0.0
1087,Content/Webinar,2024-05-17,1,1,4186.31
1087,Cold Outbound,2024-05-19,2,1,4186.31
1088,Email,2024-01-01,1,1,6743.61
1088,Content/Webinar,2024-01-04,2,1,6743.61
1088,Email,2024-01-05,3,1,6743.61
1089,Organic/SEO,2024-04-20,1,0,0.0
1090,Email,2024-08-01,1,0,0.0
1091,Organic/SEO,2024-09-17,1,0,0.0
1091,Organic/SEO,2024-09-17,2,0,0.0
1091,Email,2024-09-19,3,0,0.0
1091,Organic/SEO,2024-09-22,4,0,0.0
1091,Content/Webinar,2024-09-23,5,0,0.0
1092,Email,2024-07-22,1,0,0.0
1092,Cold Outbound,2024-07-26,2,0,0.0
1092,Google Ads,2024-07-30,3,0,0.0
1093,Organic/SEO,2024-03-10,1,0,0.0
1093,Email,2024-03-10,2,0,0.0
1094,Referral,2024-04-10,1,0,0.0
1095,Email,2024-11-06,1,0,0.0
1095,LinkedIn Ads,2024-11-07,2,0,0.0
1096,LinkedIn Ads,2024-10-23,1,0,0.0
1096,Email,2024-10-26,2,0,0.0
1096,Google Ads,2024-10-31,3,0,0.0
1097,Email,2024-03-15,1,0,0.0
1097,Email,2024-03-20,2,0,0.0
1098,Email,2024-01-08,1,0,0.0
1098,Email,2024-01-08,2,0,0.0
1099,Google Ads,2024-02-13,1,0,0.0
1099,Organic/SEO,2024-02-14,2,0,0.0
1099,Google Ads,2024-02-18,3,0,0.0
1099,Google Ads,2024-02-21,4,0,0.0
1100,Content/Webinar,2024-02-05,1,1,9059.44
1100,Organic/SEO,2024-02-07,2,1,9059.44
1100,LinkedIn Ads,2024-02-09,3,1,9059.44
1100,Content/Webinar,2024-02-13,4,1,9059.44
1101,LinkedIn Ads,2024-10-07,1,1,13306.56
1101,LinkedIn Ads,2024-10-11,2,1,13306.56
1101,LinkedIn Ads,2024-10-13,3,1,13306.56
1101,Organic/SEO,2024-10-15,4,1,13306.56
1101,Content/Webinar,2024-10-15,5,1,13306.56
1102,Google Ads,2024-04-06,1,0,0.0
1103,Organic/SEO,2024-04-25,1,0,0.0
1103,Content/Webinar,2024-04-29,2,0,0.0
1103,LinkedIn Ads,2024-05-01,3,0,0.0
1104,Organic/SEO,2024-03-06,1,0,0.0
1104,LinkedIn Ads,2024-03-06,2,0,0.0
1105,LinkedIn Ads,2024-02-18,1,0,0.0
1106,Email,2024-11-15,1,0,0.0
1106,Cold Outbound,2024-11-17,2,0,0.0
1107,Email,2024-02-02,1,0,0.0
1108,Cold Outbound,2024-01-26,1,1,9333.51
1108,LinkedIn Ads,2024-01-26,2,1,9333.51
1108,Google Ads,2024-01-27,3,1,9333.51
1109,Content/Webinar,2024-03-26,1,0,0.0
1110,Email,2024-11-08,1,0,0.0
1110,Cold Outbound,2024-11-10,2,0,0.0
1110,Organic/SEO,2024-11-12,3,0,0.0
1111,Cold Outbound,2024-08-25,1,1,4543.1
1111,Google Ads,2024-08-26,2,1,4543.1
1111,Content/Webinar,2024-08-26,3,1,4543.1
1111,LinkedIn Ads,2024-08-31,4,1,4543.1
1112,Email,2024-02-22,1,1,9074.47
1112,Cold Outbound,2024-02-26,2,1,9074.47
1112,Content/Webinar,2024-02-28,3,1,9074.47
1113,LinkedIn Ads,2024-01-13,1,1,4353.9
1114,Organic/SEO,2024-05-20,1,0,0.0
1114,Google Ads,2024-05-20,2,0,0.0
1114,Google Ads,2024-05-22,3,0,0.0
1115,Content/Webinar,2024-09-13,1,0,0.0
1115,Cold Outbound,2024-09-14,2,0,0.0
1116,Email,2024-07-05,1,0,0.0
1116,Cold Outbound,2024-07-10,2,0,0.0
1116,Google Ads,2024-07-15,3,0,0.0
1116,Cold Outbound,2024-07-18,4,0,0.0
1116,Cold Outbound,2024-07-18,5,0,0.0
1117,Google Ads,2024-11-07,1,0,0.0
1117,Organic/SEO,2024-11-09,2,0,0.0
1117,Cold Outbound,2024-11-14,3,0,0.0
1117,Organic/SEO,2024-11-17,4,0,0.0
1118,Content/Webinar,2024-01-23,1,0,0.0
1118,Google Ads,2024-01-25,2,0,0.0
1118,Cold Outbound,2024-01-25,3,0,0.0
1119,Cold Outbound,2024-08-24,1,0,0.0
1119,Content/Webinar,2024-08-24,2,0,0.0
1119,Google Ads,2024-08-27,3,0,0.0
1119,LinkedIn Ads,2024-08-29,4,0,0.0
1120,Organic/SEO,2024-08-23,1,0,0.0
1120,Email,2024-08-24,2,0,0.0
1120,Cold Outbound,2024-08-24,3,0,0.0
1121,Cold Outbound,2024-09-05,1,0,0.0
1122,Email,2024-07-11,1,0,0.0
1123,LinkedIn Ads,2024-10-15,1,0,0.0
1123,Google Ads,2024-10-17,2,0,0.0
1124,Content/Webinar,2024-06-24,1,0,0.0
1124,Google Ads,2024-06-29,2,0,0.0
1125,Email,2024-05-19,1,0,0.0
1125,Organic/SEO,2024-05-23,2,0,0.0
1125,Google Ads,2024-05-26,3,0,0.0
1125,Cold Outbound,2024-05-28,4,0,0.0
1126,Cold Outbound,2024-09-17,1,0,0.0
1126,Google Ads,2024-09-18,2,0,0.0
1126,Email,2024-09-23,3,0,0.0
1127,LinkedIn Ads,2024-06-15,1,0,0.0
1127,LinkedIn Ads,2024-06-17,2,0,0.0
1127,Email,2024-06-17,3,0,0.0
1127,Google Ads,2024-06-22,4,0,0.0
1127,LinkedIn Ads,2024-06-27,5,0,0.0
1128,Organic/SEO,2024-02-10,1,0,0.0
1128,LinkedIn Ads,2024-02-14,2,0,0.0
1129,Cold Outbound,2024-04-17,1,0,0.0
1130,Organic/SEO,2024-08-22,1,0,0.0
1131,LinkedIn Ads,2024-06-19,1,0,0.0
1132,Google Ads,2024-08-23,1,0,0.0
1132,Organic/SEO,2024-08-26,2,0,0.0
1132,Cold Outbound,2024-08-27,3,0,0.0
1133,Organic/SEO,2024-05-05,1,1,10125.54
1133,Content/Webinar,2024-05-08,2,1,10125.54
1133,Google Ads,2024-05-08,3,1,10125.54
1133,Email,2024-05-12,4,1,10125.54
1133,Content/Webinar,2024-05-14,5,1,10125.54
1134,Organic/SEO,2024-09-21,1,0,0.0
1134,Organic/SEO,2024-09-21,2,0,0.0
1134,Referral,2024-09-22,3,0,0.0
1134,LinkedIn Ads,2024-09-22,4,0,0.0
1135,Google Ads,2024-08-29,1,0,0.0
1136,Google Ads,2024-06-24,1,0,0.0
1137,Content/Webinar,2024-05-24,1,0,0.0
1137,Email,2024-05-25,2,0,0.0
1138,Email,2024-03-08,1,1,3180.15
1138,LinkedIn Ads,2024-03-10,2,1,3180.15
1138,Google Ads,2024-03-14,3,1,3180.15
1139,Email,2024-02-13,1,0,0.0
1140,Email,2024-06-04,1,0,0.0
1140,Content/Webinar,2024-06-07,2,0,0.0
1141,LinkedIn Ads,2024-11-01,1,0,0.0
1141,Email,2024-11-06,2,0,0.0
1142,Cold Outbound,2024-10-11,1,0,0.0
1142,Cold Outbound,2024-10-15,2,0,0.0
1143,Google Ads,2024-09-27,1,0,0.0
1144,Google Ads,2024-11-03,1,0,0.0
1144,Organic/SEO,2024-11-05,2,0,0.0
1144,Organic/SEO,2024-11-07,3,0,0.0
1145,LinkedIn Ads,2024-04-01,1,0,0.0
1145,Google Ads,2024-04-01,2,0,0.0
1145,LinkedIn Ads,2024-04-05,3,0,0.0
1146,Google Ads,2024-05-15,1,0,0.0
1146,Organic/SEO,2024-05-20,2,0,0.0
1146,LinkedIn Ads,2024-05-22,3,0,0.0
1147,Cold Outbound,2024-03-24,1,0,0.0
1147,Email,2024-03-27,2,0,0.0
1147,Google Ads,2024-03-27,3,0,0.0
1147,Cold Outbound,2024-03-27,4,0,0.0
1147,LinkedIn Ads,2024-03-27,5,0,0.0
1148,Organic/SEO,2024-08-19,1,0,0.0
1148,Email,2024-08-23,2,0,0.0
1149,Google Ads,2024-01-05,1,0,0.0
1149,Cold Outbound,2024-01-08,2,0,0.0
1149,Cold Outbound,2024-01-10,3,0,0.0
1149,Organic/SEO,2024-01-10,4,0,0.0
1150,Google Ads,2024-04-20,1,0,0.0
1151,Referral,2024-10-09,1,0,0.0
1151,Email,2024-10-10,2,0,0.0
1151,LinkedIn Ads,2024-10-13,3,0,0.0
1151,Email,2024-10-17,4,0,0.0
1152,Cold Outbound,2024-10-31,1,0,0.0
1152,Google Ads,2024-11-01,2,0,0.0
1153,LinkedIn Ads,2024-01-14,1,0,0.0
1154,Content/Webinar,2024-03-09,1,0,0.0
1154,Organic/SEO,2024-03-09,2,0,0.0
1154,Google Ads,2024-03-09,3,0,0.0
1155,Organic/SEO,2024-06-05,1,1,3317.51
1155,Email,2024-06-06,2,1,3317.51
1155,Cold Outbound,2024-06-08,3,1,3317.51
1156,Cold Outbound,2024-03-31,1,0,0.0
1156,Email,2024-03-31,2,0,0.0
1157,Organic/SEO,2024-05-21,1,0,0.0
1158,Email,2024-11-26,1,0,0.0
1159,LinkedIn Ads,2024-01-12,1,0,0.0
1160,Organic/SEO,2024-06-17,1,0,0.0
1160,Cold Outbound,2024-06-17,2,0,0.0
1160,LinkedIn Ads,2024-06-22,3,0,0.0
1160,Organic/SEO,2024-06-27,4,0,0.0
1161,Organic/SEO,2024-01-12,1,1,4439.35
1161,Cold Outbound,2024-01-12,2,1,4439.35
1161,Organic/SEO,2024-01-17,3,1,4439.35
1162,Cold Outbound,2024-07-13,1,0,0.0
1162,Content/Webinar,2024-07-18,2,0,0.0
1163,Email,2024-06-25,1,0,0.0
1163,Content/Webinar,2024-06-30,2,0,0.0
1164,LinkedIn Ads,2024-09-07,1,0,0.0
1164,LinkedIn Ads,2024-09-12,2,0,0.0
1164,Google Ads,2024-09-13,3,0,0.0
1165,Google Ads,2024-08-20,1,0,0.0
1165,Email,2024-08-21,2,0,0.0
1165,Google Ads,2024-08-23,3,0,0.0
1166,Cold Outbound,2024-04-24,1,0,0.0
1166,Cold Outbound,2024-04-26,2,0,0.0
1166,Google Ads,2024-04-30,3,0,0.0
1166,Google Ads,2024-05-01,4,0,0.0
1166,Organic/SEO,2024-05-04,5,0,0.0
1167,LinkedIn Ads,2024-01-02,1,0,0.0
1167,Organic/SEO,2024-01-03,2,0,0.0
1167,Google Ads,2024-01-07,3,0,0.0
1167,Email,2024-01-12,4,0,0.0
1168,Organic/SEO,2024-11-28,1,1,6546.42
1169,Content/Webinar,2024-11-28,1,0,0.0
1170,Content/Webinar,2024-03-31,1,1,9436.85
1170,Cold Outbound,2024-04-03,2,1,9436.85
1170,Organic/SEO,2024-04-03,3,1,9436.85
1171,LinkedIn Ads,2024-02-25,1,0,0.0
1172,Email,2024-02-07,1,0,0.0
1173,Organic/SEO,2024-07-12,1,0,0.0
1174,Email,2024-09-26,1,1,9368.55
1175,LinkedIn Ads,2024-08-08,1,0,0.0
1175,Organic/SEO,2024-08-12,2,0,0.0
1175,Google Ads,2024-08-15,3,0,0.0
1176,Google Ads,2024-01-21,1,0,0.0
1176,Organic/SEO,2024-01-23,2,0,0.0
1177,Email,2024-02-10,1,0,0.0
1177,Referral,2024-02-13,2,0,0.0
1177,Cold Outbound,2024-02-14,3,0,0.0
1178,Content/Webinar,2024-11-08,1,0,0.0
1178,Content/Webinar,2024-11-13,2,0,0.0
1178,Referral,2024-11-14,3,0,0.0
1179,Google Ads,2024-04-13,1,0,0.0
1179,LinkedIn Ads,2024-04-17,2,0,0.0
1179,LinkedIn Ads,2024-04-22,3,0,0.0
1179,Email,2024-04-25,4,0,0.0
1179,LinkedIn Ads,2024-04-29,5,0,0.0
1180,Cold Outbound,2024-10-01,1,0,0.0
1180,Content/Webinar,2024-10-06,2,0,0.0
1181,Cold Outbound,2024-10-22,1,0,0.0
1181,LinkedIn Ads,2024-10-27,2,0,0.0
1181,Organic/SEO,2024-10-27,3,0,0.0
1182,Email,2024-05-02,1,0,0.0
1182,Google Ads,2024-05-02,2,0,0.0
1183,Referral,2024-02-15,1,0,0.0
1183,Email,2024-02-17,2,0,0.0
1183,Google Ads,2024-02-20,3,0,0.0
1183,Cold Outbound,2024-02-20,4,0,0.0
1184,Cold Outbound,2024-10-01,1,0,0.0
1184,Cold Outbound,2024-10-03,2,0,0.0
1185,Content/Webinar,2024-07-04,1,0,0.0
1185,Cold Outbound,2024-07-09,2,0,0.0
1186,Email,2024-09-29,1,0,0.0
1187,LinkedIn Ads,2024-06-08,1,0,0.0
1187,Organic/SEO,2024-06-13,2,0,0.0
1187,Google Ads,2024-06-13,3,0,0.0
1188,Organic/SEO,2024-02-10,1,1,5547.24
1188,LinkedIn Ads,2024-02-13,2,1,5547.24
1189,Email,2024-07-20,1,0,0.0
1189,Google Ads,2024-07-23,2,0,0.0
1189,Google Ads,2024-07-27,3,0,0.0
1189,Cold Outbound,2024-07-29,4,0,0.0
1190,Email,2024-10-06,1,0,0.0
1190,Email,2024-10-08,2,0,0.0
1191,Email,2024-05-19,1,0,0.0
1191,Referral,2024-05-20,2,0,0.0
1192,Cold Outbound,2024-04-01,1,0,0.0
1192,LinkedIn Ads,2024-04-05,2,0,0.0
1193,Cold Outbound,2024-10-11,1,1,5581.03
1194,Email,2024-04-11,1,1,3688.87
1194,LinkedIn Ads,2024-04-11,2,1,3688.87
1194,Email,2024-04-15,3,1,3688.87
1195,LinkedIn Ads,2024-01-03,1,0,0.0
1195,Email,2024-01-04,2,0,0.0
1195,Google Ads,2024-01-04,3,0,0.0
1196,Cold Outbound,2024-04-30,1,0,0.0
1196,Email,2024-05-04,2,0,0.0
1196,Content/Webinar,2024-05-05,3,0,0.0
1197,Content/Webinar,2024-10-21,1,0,0.0
1198,Google Ads,2024-04-29,1,0,0.0
1198,Email,2024-05-01,2,0,0.0
1198,Google Ads,2024-05-03,3,0,0.0
1198,Cold Outbound,2024-05-07,4,0,0.0
1199,LinkedIn Ads,2024-10-30,1,0,0.0
1199,LinkedIn Ads,2024-11-04,2,0,0.0
1200,Email,2024-03-08,1,0,0.0
1200,LinkedIn Ads,2024-03-10,2,0,0.0
1201,Email,2024-04-07,1,0,0.0
1201,Google Ads,2024-04-07,2,0,0.0
1202,Email,2024-08-25,1,0,0.0
1202,Google Ads,2024-08-29,2,0,0.0
1203,Email,2024-08-08,1,0,0.0
1203,Google Ads,2024-08-11,2,0,0.0
1204,Google Ads,2024-02-08,1,0,0.0
1204,Organic/SEO,2024-02-11,2,0,0.0
1205,Google Ads,2024-10-08,1,0,0.0
1205,LinkedIn Ads,2024-10-10,2,0,0.0
1206,LinkedIn Ads,2024-10-11,1,0,0.0
1206,Cold Outbound,2024-10-15,2,0,0.0
1206,Email,2024-10-19,3,0,0.0
1207,Content/Webinar,2024-02-25,1,0,0.0
1207,LinkedIn Ads,2024-02-27,2,0,0.0
1208,Content/Webinar,2024-03-05,1,0,0.0
1209,Cold Outbound,2024-09-12,1,1,22641.11
1209,LinkedIn Ads,2024-09-15,2,1,22641.11
1209,Referral,2024-09-17,3,1,22641.11
1210,Google Ads,2024-07-04,1,0,0.0
1210,LinkedIn Ads,2024-07-04,2,0,0.0
1210,Google Ads,2024-07-05,3,0,0.0
1211,Organic/SEO,2024-03-19,1,0,0.0
1211,Content/Webinar,2024-03-22,2,0,0.0
1212,Google Ads,2024-03-26,1,0,0.0
1212,Cold Outbound,2024-03-29,2,0,0.0
1212,Google Ads,2024-04-02,3,0,0.0
1212,Email,2024-04-02,4,0,0.0
1213,Organic/SEO,2024-04-25,1,0,0.0
1213,Cold Outbound,2024-04-30,2,0,0.0
1214,Email,2024-09-21,1,0,0.0
1214,Content/Webinar,2024-09-22,2,0,0.0
1214,Email,2024-09-23,3,0,0.0
1215,Organic/SEO,2024-04-19,1,0,0.0
1216,Email,2024-06-03,1,0,0.0
1217,Content/Webinar,2024-06-24,1,0,0.0
1217,Google Ads,2024-06-28,2,0,0.0
1218,Email,2024-07-06,1,0,0.0
1218,Email,2024-07-06,2,0,0.0
1219,Email,2024-03-16,1,0,0.0
1220,Content/Webinar,2024-10-19,1,0,0.0
1221,Cold Outbound,2024-08-05,1,0,0.0
1221,Cold Outbound,2024-08-09,2,0,0.0
1221,Email,2024-08-12,3,0,0.0
1221,Organic/SEO,2024-08-14,4,0,0.0
1222,Content/Webinar,2024-07-28,1,1,11336.55
1222,Organic/SEO,2024-07-29,2,1,11336.55
1223,Google Ads,2024-02-21,1,0,0.0
1224,LinkedIn Ads,2024-10-06,1,0,0.0
1224,Google Ads,2024-10-07,2,0,0.0
1225,Google Ads,2024-05-25,1,0,0.0
1225,Cold Outbound,2024-05-29,2,0,0.0
1225,Cold Outbound,2024-05-30,3,0,0.0
1225,Email,2024-06-02,4,0,0.0
1226,Google Ads,2024-01-16,1,0,0.0
1226,Cold Outbound,2024-01-19,2,0,0.0
1226,Email,2024-01-19,3,0,0.0
1227,Google Ads,2024-04-03,1,0,0.0
1227,Email,2024-04-06,2,0,0.0
1227,LinkedIn Ads,2024-04-08,3,0,0.0
1228,Cold Outbound,2024-02-05,1,0,0.0
1229,Google Ads,2024-04-12,1,0,0.0
1230,Google Ads,2024-10-20,1,0,0.0
1230,Google Ads,2024-10-23,2,0,0.0
1230,Cold Outbound,2024-10-26,3,0,0.0
1231,LinkedIn Ads,2024-01-23,1,0,0.0
1231,LinkedIn Ads,2024-01-28,2,0,0.0
1231,LinkedIn Ads,2024-01-30,3,0,0.0
1232,Google Ads,2024-11-23,1,0,0.0
1232,Google Ads,2024-11-26,2,0,0.0
1232,Cold Outbound,2024-11-30,3,0,0.0
1233,Google Ads,2024-11-18,1,0,0.0
1233,LinkedIn Ads,2024-11-23,2,0,0.0
1233,Organic/SEO,2024-11-26,3,0,0.0
1234,Email,2024-08-10,1,0,0.0
1234,Organic/SEO,2024-08-10,2,0,0.0
1234,LinkedIn Ads,2024-08-15,3,0,0.0
1234,Email,2024-08-18,4,0,0.0
1235,LinkedIn Ads,2024-09-26,1,0,0.0
1236,Organic/SEO,2024-07-07,1,1,6924.27
1236,Cold Outbound,2024-07-08,2,1,6924.27
1237,Google Ads,2024-07-05,1,0,0.0
1238,Cold Outbound,2024-03-04,1,1,4023.54
1238,Organic/SEO,2024-03-07,2,1,4023.54
1238,Google Ads,2024-03-11,3,1,4023.54
1238,Email,2024-03-11,4,1,4023.54
1238,Google Ads,2024-03-11,5,1,4023.54
1239,Cold Outbound,2024-01-02,1,0,0.0
1240,Cold Outbound,2024-10-23,1,0,0.0
1240,Google Ads,2024-10-28,2,0,0.0
1240,Email,2024-10-31,3,0,0.0
1241,LinkedIn Ads,2024-09-04,1,1,6698.05
1241,LinkedIn Ads,2024-09-09,2,1,6698.05
1241,Cold Outbound,2024-09-13,3,1,6698.05
1241,Email,2024-09-13,4,1,6698.05
1242,Cold Outbound,2024-01-18,1,1,6308.9
1243,Cold Outbound,2024-06-18,1,1,2161.61
1244,Cold Outbound,2024-05-07,1,0,0.0
1244,Cold Outbound,2024-05-11,2,0,0.0
1245,LinkedIn Ads,2024-04-22,1,0,0.0
1246,Google Ads,2024-11-23,1,1,4831.47
1247,Content/Webinar,2024-10-26,1,0,0.0
1248,Content/Webinar,2024-03-14,1,0,0.0
1248,Google Ads,2024-03-19,2,0,0.0
1248,Cold Outbound,2024-03-19,3,0,0.0
1249,Organic/SEO,2024-08-07,1,0,0.0
1250,Email,2024-04-20,1,1,4296.95
1250,Email,2024-04-21,2,1,4296.95
1250,LinkedIn Ads,2024-04-24,3,1,4296.95
1250,Organic/SEO,2024-04-26,4,1,4296.95
1250,Cold Outbound,2024-05-01,5,1,4296.95
1251,Content/Webinar,2024-05-22,1,1,6390.92
1251,LinkedIn Ads,2024-05-27,2,1,6390.92
1251,Email,2024-05-27,3,1,6390.92
1251,Organic/SEO,2024-05-27,4,1,6390.92
1252,Google Ads,2024-04-01,1,0,0.0
1252,Cold Outbound,2024-04-01,2,0,0.0
1252,Email,2024-04-04,3,0,0.0
1252,Google Ads,2024-04-08,4,0,0.0
1253,Google Ads,2024-03-13,1,0,0.0
1253,LinkedIn Ads,2024-03-17,2,0,0.0
1254,Cold Outbound,2024-03-16,1,0,0.0
1255,Google Ads,2024-02-26,1,0,0.0
1255,Organic/SEO,2024-03-01,2,0,0.0
1255,Google Ads,2024-03-02,3,0,0.0
1255,Google Ads,2024-03-03,4,0,0.0
1256,LinkedIn Ads,2024-06-27,1,0,0.0
1256,LinkedIn Ads,2024-07-02,2,0,0.0
1257,Organic/SEO,2024-01-27,1,0,0.0
1257,LinkedIn Ads,2024-01-28,2,0,0.0
1257,Email,2024-02-01,3,0,0.0
1258,LinkedIn Ads,2024-01-04,1,1,6705.2
1259,Google Ads,2024-11-22,1,0,0.0
1260,Cold Outbound,2024-07-08,1,0,0.0
1261,LinkedIn Ads,2024-07-14,1,0,0.0
1261,Cold Outbound,2024-07-16,2,0,0.0
1261,Cold Outbound,2024-07-18,3,0,0.0
1262,Email,2024-08-17,1,0,0.0
1262,Referral,2024-08-20,2,0,0.0
1262,Cold Outbound,2024-08-25,3,0,0.0
1263,Email,2024-05-23,1,0,0.0
1263,Email,2024-05-26,2,0,0.0
1263,Cold Outbound,2024-05-31,3,0,0.0
1263,Email,2024-05-31,4,0,0.0
1263,Email,2024-06-05,5,0,0.0
1264,Content/Webinar,2024-05-20,1,0,0.0
1264,Organic/SEO,2024-05-24,2,0,0.0
1264,Google Ads,2024-05-24,3,0,0.0
1265,Google Ads,2024-07-06,1,0,0.0
1265,Content/Webinar,2024-07-10,2,0,0.0
1265,Cold Outbound,2024-07-10,3,0,0.0
1266,Google Ads,2024-04-22,1,0,0.0
1266,LinkedIn Ads,2024-04-22,2,0,0.0
1266,Google Ads,2024-04-27,3,0,0.0
1267,Google Ads,2024-02-11,1,0,0.0
1267,Cold Outbound,2024-02-11,2,0,0.0
1267,Cold Outbound,2024-02-16,3,0,0.0
1267,Organic/SEO,2024-02-19,4,0,0.0
1268,Google Ads,2024-01-21,1,0,0.0
1268,Cold Outbound,2024-01-23,2,0,0.0
1269,LinkedIn Ads,2024-06-03,1,0,0.0
1270,Google Ads,2024-01-08,1,1,3923.89
1270,Google Ads,2024-01-13,2,1,3923.89
1271,Cold Outbound,2024-04-29,1,0,0.0
1271,Email,2024-05-01,2,0,0.0
1271,Organic/SEO,2024-05-03,3,0,0.0
1271,Email,2024-05-04,4,0,0.0
1271,Google Ads,2024-05-04,5,0,0.0
1272,Email,2024-04-10,1,0,0.0
1273,Organic/SEO,2024-02-24,1,0,0.0
1273,LinkedIn Ads,2024-02-24,2,0,0.0
1274,Content/Webinar,2024-06-13,1,0,0.0
1274,Cold Outbound,2024-06-15,2,0,0.0
1274,Google Ads,2024-06-17,3,0,0.0
1274,Google Ads,2024-06-22,4,0,0.0
1274,Email,2024-06-22,5,0,0.0
1275,Email,2024-10-25,1,0,0.0
1275,LinkedIn Ads,2024-10-26,2,0,0.0
1275,Content/Webinar,2024-10-28,3,0,0.0
1276,Google Ads,2024-07-26,1,0,0.0
1276,Google Ads,2024-07-31,2,0,0.0
1276,Cold Outbound,2024-07-31,3,0,0.0
1277,Organic/SEO,2024-05-27,1,1,8933.57
1277,Organic/SEO,2024-05-28,2,1,8933.57
1277,Organic/SEO,2024-05-28,3,1,8933.57
1278,Referral,2024-06-23,1,0,0.0
1279,Cold Outbound,2024-11-15,1,0,0.0
1280,Email,2024-04-10,1,0,0.0
1281,Email,2024-05-04,1,0,0.0
1281,Google Ads,2024-05-09,2,0,0.0
1281,LinkedIn Ads,2024-05-14,3,0,0.0
1282,Cold Outbound,2024-07-08,1,0,0.0
1282,LinkedIn Ads,2024-07-08,2,0,0.0
1282,Cold Outbound,2024-07-13,3,0,0.0
1283,Google Ads,2024-04-07,1,0,0.0
1283,LinkedIn Ads,2024-04-12,2,0,0.0
1283,LinkedIn Ads,2024-04-14,3,0,0.0
1284,Email,2024-07-22,1,0,0.0
1285,Content/Webinar,2024-11-05,1,0,0.0
1285,Cold Outbound,2024-11-08,2,0,0.0
1285,Cold Outbound,2024-11-09,3,0,0.0
1286,Email,2024-01-08,1,0,0.0
1287,Email,2024-10-26,1,0,0.0
1287,Cold Outbound,2024-10-27,2,0,0.0
1287,Cold Outbound,2024-11-01,3,0,0.0
1287,Referral,2024-11-05,4,0,0.0
1288,Google Ads,2024-06-07,1,0,0.0
1288,Google Ads,2024-06-11,2,0,0.0
1289,Content/Webinar,2024-09-13,1,0,0.0
1290,Google Ads,2024-02-14,1,0,0.0
1290,Content/Webinar,2024-02-15,2,0,0.0
1290,LinkedIn Ads,2024-02-17,3,0,0.0
1290,Organic/SEO,2024-02-18,4,0,0.0
1291,Google Ads,2024-03-29,1,0,0.0
1292,Content/Webinar,2024-03-10,1,0,0.0
1292,Cold Outbound,2024-03-12,2,0,0.0
1292,Google Ads,2024-03-16,3,0,0.0
1293,LinkedIn Ads,2024-08-07,1,0,0.0
1293,Email,2024-08-07,2,0,0.0
1294,Email,2024-01-25,1,0,0.0
1295,Email,2024-08-28,1,0,0.0
1296,Cold Outbound,2024-07-24,1,0,0.0
1297,Email,2024-08-30,1,0,0.0
1297,Content/Webinar,2024-08-30,2,0,0.0
1298,Google Ads,2024-07-30,1,0,0.0
1298,Email,2024-08-01,2,0,0.0
1298,Cold Outbound,2024-08-04,3,0,0.0
1298,Email,2024-08-05,4,0,0.0
1298,Organic/SEO,2024-08-05,5,0,0.0
1299,Email,2024-10-21,1,1,10215.33
1299,Cold Outbound,2024-10-26,2,1,10215.33
1299,Google Ads,2024-10-28,3,1,10215.33
1300,Organic/SEO,2024-03-20,1,0,0.0
1300,Cold Outbound,2024-03-20,2,0,0.0
1301,Email,2024-07-06,1,1,4368.54
1301,LinkedIn Ads,2024-07-07,2,1,4368.54
1302,Cold Outbound,2024-08-20,1,0,0.0
1303,Google Ads,2024-07-10,1,0,0.0
1303,Content/Webinar,2024-07-10,2,0,0.0
1304,Google Ads,2024-04-01,1,0,0.0
1304,Cold Outbound,2024-04-03,2,0,0.0
1305,Organic/SEO,2024-10-01,1,0,0.0
1306,Cold Outbound,2024-01-24,1,1,4792.2
1306,Organic/SEO,2024-01-28,2,1,4792.2
1306,Cold Outbound,2024-01-29,3,1,4792.2
1306,LinkedIn Ads,2024-02-01,4,1,4792.2
1307,Email,2024-03-09,1,0,0.0
1307,Email,2024-03-09,2,0,0.0
1307,Email,2024-03-12,3,0,0.0
1307,Email,2024-03-12,4,0,0.0
1307,Cold Outbound,2024-03-13,5,0,0.0
1308,Referral,2024-09-19,1,1,12433.78
1309,Organic/SEO,2024-03-16,1,0,0.0
1310,Email,2024-09-02,1,0,0.0
1310,Email,2024-09-07,2,0,0.0
1310,Cold Outbound,2024-09-10,3,0,0.0
1310,Google Ads,2024-09-12,4,0,0.0
1311,LinkedIn Ads,2024-03-25,1,0,0.0
1311,Referral,2024-03-25,2,0,0.0
1312,Organic/SEO,2024-11-15,1,0,0.0
1312,Google Ads,2024-11-19,2,0,0.0
1312,Google Ads,2024-11-19,3,0,0.0
1313,Cold Outbound,2024-08-23,1,1,3186.83
1313,Organic/SEO,2024-08-25,2,1,3186.83
1313,Cold Outbound,2024-08-26,3,1,3186.83
1314,LinkedIn Ads,2024-02-02,1,0,0.0
1315,Cold Outbound,2024-06-28,1,0,0.0
1316,Cold Outbound,2024-02-23,1,1,7935.28
1316,Google Ads,2024-02-28,2,1,7935.28
1316,Google Ads,2024-02-28,3,1,7935.28
1316,Content/Webinar,2024-03-01,4,1,7935.28
1317,Cold Outbound,2024-05-24,1,0,0.0
1318,Google Ads,2024-09-09,1,0,0.0
1318,Content/Webinar,2024-09-12,2,0,0.0
1318,Content/Webinar,2024-09-14,3,0,0.0
1318,Google Ads,2024-09-16,4,0,0.0
1319,Organic/SEO,2024-03-30,1,0,0.0
1319,Email,2024-04-01,2,0,0.0
1320,LinkedIn Ads,2024-06-30,1,0,0.0
1320,Google Ads,2024-07-02,2,0,0.0
1320,Cold Outbound,2024-07-03,3,0,0.0
1320,Content/Webinar,2024-07-06,4,0,0.0
1320,Google Ads,2024-07-10,5,0,0.0
1321,Referral,2024-01-13,1,0,0.0
1321,Organic/SEO,2024-01-15,2,0,0.0
1321,Organic/SEO,2024-01-16,3,0,0.0
1321,Google Ads,2024-01-21,4,0,0.0
1321,LinkedIn Ads,2024-01-25,5,0,0.0
1322,Email,2024-01-14,1,0,0.0
1322,LinkedIn Ads,2024-01-16,2,0,0.0
1323,Cold Outbound,2024-03-28,1,0,0.0
1323,LinkedIn Ads,2024-04-02,2,0,0.0
1324,Organic/SEO,2024-10-08,1,1,11523.56
1324,Google Ads,2024-10-08,2,1,11523.56
1324,Organic/SEO,2024-10-10,3,1,11523.56
1325,Google Ads,2024-02-23,1,1,6510.79
1325,Content/Webinar,2024-02-27,2,1,6510.79
1325,Cold Outbound,2024-03-01,3,1,6510.79
1325,Google Ads,2024-03-04,4,1,6510.79
1325,Email,2024-03-07,5,1,6510.79
1326,Organic/SEO,2024-07-30,1,0,0.0
1326,Email,2024-08-03,2,0,0.0
1326,LinkedIn Ads,2024-08-05,3,0,0.0
1327,LinkedIn Ads,2024-11-17,1,0,0.0
1327,Google Ads,2024-11-18,2,0,0.0
1327,LinkedIn Ads,2024-11-18,3,0,0.0
1328,LinkedIn Ads,2024-10-30,1,1,5814.39
1328,Cold Outbound,2024-11-01,2,1,5814.39
1328,Google Ads,2024-11-04,3,1,5814.39
1329,Organic/SEO,2024-01-07,1,0,0.0
1329,Organic/SEO,2024-01-07,2,0,0.0
1330,Email,2024-03-17,1,0,0.0
1330,Organic/SEO,2024-03-21,2,0,0.0
1330,Content/Webinar,2024-03-21,3,0,0.0
1331,Email,2024-08-31,1,0,0.0
1332,Content/Webinar,2024-11-16,1,0,0.0
1332,Organic/SEO,2024-11-17,2,0,0.0
1332,Cold Outbound,2024-11-20,3,0,0.0
1332,Email,2024-11-21,4,0,0.0
1333,LinkedIn Ads,2024-11-21,1,1,13726.31
1333,Content/Webinar,2024-11-22,2,1,13726.31
1334,Organic/SEO,2024-02-07,1,0,0.0
1334,Organic/SEO,2024-02-12,2,0,0.0
1334,Google Ads,2024-02-17,3,0,0.0
1335,Cold Outbound,2024-10-20,1,0,0.0
1335,Cold Outbound,2024-10-25,2,0,0.0
1336,Email,2024-01-30,1,0,0.0
1337,Google Ads,2024-04-08,1,0,0.0
1338,Google Ads,2024-11-04,1,1,14238.48
1338,Cold Outbound,2024-11-09,2,1,14238.48
1338,Content/Webinar,2024-11-12,3,1,14238.48
1338,Email,2024-11-17,4,1,14238.48
1338,Referral,2024-11-20,5,1,14238.48
1339,Cold Outbound,2024-01-10,1,0,0.0
1340,LinkedIn Ads,2024-07-18,1,0,0.0
1340,Email,2024-07-23,2,0,0.0
1340,Content/Webinar,2024-07-27,3,0,0.0
1341,Cold Outbound,2024-07-24,1,0,0.0
1341,Cold Outbound,2024-07-24,2,0,0.0
1342,Organic/SEO,2024-09-27,1,0,0.0
1342,Google Ads,2024-09-27,2,0,0.0
1342,Email,2024-10-02,3,0,0.0
1342,LinkedIn Ads,2024-10-02,4,0,0.0
1343,Cold Outbound,2024-11-23,1,1,3935.84
1343,Cold Outbound,2024-11-27,2,1,3935.84
1344,Google Ads,2024-09-16,1,0,0.0
1344,Google Ads,2024-09-17,2,0,0.0
1344,Google Ads,2024-09-19,3,0,0.0
1344,Email,2024-09-24,4,0,0.0
1345,Google Ads,2024-09-26,1,1,3966.43
1345,Cold Outbound,2024-09-27,2,1,3966.43
1345,Email,2024-10-01,3,1,3966.43
1346,Content/Webinar,2024-06-27,1,1,7029.87
1346,Cold Outbound,2024-07-02,2,1,7029.87
1347,Google Ads,2024-07-27,1,0,0.0
1347,Cold Outbound,2024-07-30,2,0,0.0
1348,LinkedIn Ads,2024-09-18,1,0,0.0
1349,Referral,2024-11-12,1,0,0.0
1349,Cold Outbound,2024-11-12,2,0,0.0
1350,Organic/SEO,2024-04-18,1,0,0.0
1350,Content/Webinar,2024-04-23,2,0,0.0
1350,Email,2024-04-24,3,0,0.0
1351,Organic/SEO,2024-03-09,1,0,0.0
1351,LinkedIn Ads,2024-03-13,2,0,0.0
1351,Content/Webinar,2024-03-14,3,0,0.0
1351,Organic/SEO,2024-03-18,4,0,0.0
1352,LinkedIn Ads,2024-09-16,1,0,0.0
1353,Cold Outbound,2024-05-20,1,0,0.0
1353,Content/Webinar,2024-05-24,2,0,0.0
1353,Email,2024-05-28,3,0,0.0
1354,LinkedIn Ads,2024-09-23,1,0,0.0
1354,Cold Outbound,2024-09-28,2,0,0.0
1354,Organic/SEO,2024-10-01,3,0,0.0
1355,Organic/SEO,2024-05-13,1,0,0.0
1355,Cold Outbound,2024-05-14,2,0,0.0
1356,Google Ads,2024-10-30,1,0,0.0
1356,Email,2024-11-03,2,0,0.0
1356,Cold Outbound,2024-11-05,3,0,0.0
1356,Referral,2024-11-07,4,0,0.0
1356,Cold Outbound,2024-11-11,5,0,0.0
1357,Referral,2024-06-18,1,0,0.0
1357,Email,2024-06-20,2,0,0.0
1358,LinkedIn Ads,2024-04-13,1,0,0.0
1359,LinkedIn Ads,2024-04-15,1,0,0.0
1360,LinkedIn Ads,2024-01-11,1,0,0.0
1360,Google Ads,2024-01-13,2,0,0.0
1361,LinkedIn Ads,2024-07-10,1,0,0.0
1362,Google Ads,2024-05-04,1,0,0.0
1362,Email,2024-05-05,2,0,0.0
1363,LinkedIn Ads,2024-03-19,1,0,0.0
1364,Email,2024-03-26,1,0,0.0
1364,Organic/SEO,2024-03-26,2,0,0.0
1364,Cold Outbound,2024-03-29,3,0,0.0
1365,Content/Webinar,2024-05-12,1,1,8894.42
1365,Organic/SEO,2024-05-17,2,1,8894.42
1366,Email,2024-07-18,1,0,0.0
1366,Organic/SEO,2024-07-18,2,0,0.0
1367,Email,2024-10-01,1,0,0.0
1367,Content/Webinar,2024-10-04,2,0,0.0
1367,Email,2024-10-07,3,0,0.0
1368,Cold Outbound,2024-10-12,1,0,0.0
1368,Google Ads,2024-10-15,2,0,0.0
1368,LinkedIn Ads,2024-10-15,3,0,0.0
1368,LinkedIn Ads,2024-10-16,4,0,0.0
1369,Organic/SEO,2024-01-16,1,1,5435.07
1369,Cold Outbound,2024-01-21,2,1,5435.07
1369,Cold Outbound,2024-01-24,3,1,5435.07
1369,Email,2024-01-24,4,1,5435.07
1370,Email,2024-09-06,1,0,0.0
1370,Cold Outbound,2024-09-07,2,0,0.0
1371,Referral,2024-03-28,1,1,3648.39
1371,Google Ads,2024-04-02,2,1,3648.39
1371,Email,2024-04-07,3,1,3648.39
1372,Cold Outbound,2024-08-18,1,0,0.0
1373,Organic/SEO,2024-08-08,1,0,0.0
1373,Cold Outbound,2024-08-09,2,0,0.0
1374,Organic/SEO,2024-03-26,1,0,0.0
1374,LinkedIn Ads,2024-03-28,2,0,0.0
1374,Organic/SEO,2024-04-02,3,0,0.0
1375,LinkedIn Ads,2024-11-17,1,0,0.0
1375,Organic/SEO,2024-11-22,2,0,0.0
1375,Google Ads,2024-11-23,3,0,0.0
1375,LinkedIn Ads,2024-11-27,4,0,0.0
1376,Organic/SEO,2024-05-17,1,0,0.0
1376,Cold Outbound,2024-05-17,2,0,0.0
1376,Email,2024-05-18,3,0,0.0
1377,Email,2024-06-22,1,0,0.0
1377,LinkedIn Ads,2024-06-26,2,0,0.0
1377,Organic/SEO,2024-06-30,3,0,0.0
1377,Google Ads,2024-07-02,4,0,0.0
1378,Content/Webinar,2024-10-13,1,0,0.0
1379,LinkedIn Ads,2024-07-15,1,0,0.0
1380,Google Ads,2024-08-14,1,0,0.0
1380,Cold Outbound,2024-08-16,2,0,0.0
1381,Email,2024-07-08,1,0,0.0
1381,Organic/SEO,2024-07-13,2,0,0.0
1382,Content/Webinar,2024-02-22,1,1,9238.59
1382,Cold Outbound,2024-02-27,2,1,9238.59
1382,Organic/SEO,2024-02-29,3,1,9238.59
1383,Email,2024-08-16,1,0,0.0
1383,Organic/SEO,2024-08-18,2,0,0.0
1383,Google Ads,2024-08-22,3,0,0.0
1384,Organic/SEO,2024-01-01,1,0,0.0
1384,Content/Webinar,2024-01-02,2,0,0.0
1384,LinkedIn Ads,2024-01-02,3,0,0.0
1384,Content/Webinar,2024-01-05,4,0,0.0
1385,Google Ads,2024-03-26,1,0,0.0
1386,LinkedIn Ads,2024-07-01,1,0,0.0
1386,Organic/SEO,2024-07-02,2,0,0.0
1386,Google Ads,2024-07-03,3,0,0.0
1387,Google Ads,2024-10-25,1,0,0.0
1387,Google Ads,2024-10-27,2,0,0.0
1387,Referral,2024-10-27,3,0,0.0
1387,Content/Webinar,2024-10-31,4,0,0.0
1388,Organic/SEO,2024-10-07,1,0,0.0
1389,Content/Webinar,2024-07-15,1,0,0.0
1390,LinkedIn Ads,2024-11-13,1,0,0.0
1391,Cold Outbound,2024-02-11,1,0,0.0
1391,Cold Outbound,2024-02-13,2,0,0.0
1391,Organic/SEO,2024-02-13,3,0,0.0
1392,Content/Webinar,2024-04-30,1,0,0.0
1392,Email,2024-05-01,2,0,0.0
1392,Organic/SEO,2024-05-02,3,0,0.0
1393,Cold Outbound,2024-08-23,1,0,0.0
1393,Content/Webinar,2024-08-27,2,0,0.0
1394,LinkedIn Ads,2024-02-19,1,0,0.0
1394,Content/Webinar,2024-02-24,2,0,0.0
1394,Cold Outbound,2024-02-25,3,0,0.0
1395,Cold Outbound,2024-04-27,1,0,0.0
1395,Google Ads,2024-04-28,2,0,0.0
1395,Cold Outbound,2024-04-30,3,0,0.0
1396,Email,2024-07-25,1,0,0.0
1396,Cold Outbound,2024-07-25,2,0,0.0
1397,Cold Outbound,2024-02-16,1,0,0.0
1397,Cold Outbound,2024-02-20,2,0,0.0
1397,Cold Outbound,2024-02-25,3,0,0.0
1397,Content/Webinar,2024-02-26,4,0,0.0
1398,Cold Outbound,2024-05-22,1,0,0.0
1398,LinkedIn Ads,2024-05-22,2,0,0.0
1399,Email,2024-10-08,1,1,7849.97
1400,LinkedIn Ads,2024-09-17,1,0,0.0
1401,Email,2024-01-24,1,0,0.0
1401,Organic/SEO,2024-01-24,2,0,0.0
1401,Organic/SEO,2024-01-25,3,0,0.0
1402,Email,2024-01-24,1,0,0.0
1403,Organic/SEO,2024-08-17,1,0,0.0
1403,Cold Outbound,2024-08-22,2,0,0.0
1403,Email,2024-08-23,3,0,0.0
1404,Google Ads,2024-07-19,1,0,0.0
1404,Cold Outbound,2024-07-24,2,0,0.0
1404,Content/Webinar,2024-07-28,3,0,0.0
1405,Content/Webinar,2024-08-13,1,0,0.0
1406,Organic/SEO,2024-04-03,1,0,0.0
1407,Cold Outbound,2024-08-18,1,0,0.0
1408,Content/Webinar,2024-06-12,1,0,0.0
1408,Content/Webinar,2024-06-15,2,0,0.0
1408,Google Ads,2024-06-19,3,0,0.0
1408,Content/Webinar,2024-06-19,4,0,0.0
1409,Cold Outbound,2024-08-16,1,0,0.0
1409,Cold Outbound,2024-08-18,2,0,0.0
1409,Cold Outbound,2024-08-18,3,0,0.0
1409,Email,2024-08-23,4,0,0.0
1410,Google Ads,2024-06-07,1,1,9911.71
1410,Organic/SEO,2024-06-12,2,1,9911.71
1410,Cold Outbound,2024-06-13,3,1,9911.71
1410,Cold Outbound,2024-06-16,4,1,9911.71
1410,Google Ads,2024-06-20,5,1,9911.71
1411,Email,2024-11-10,1,0,0.0
1412,Organic/SEO,2024-11-27,1,0,0.0
1412,Cold Outbound,2024-11-30,2,0,0.0
1413,Referral,2024-09-23,1,0,0.0
1414,Cold Outbound,2024-09-15,1,0,0.0
1414,Cold Outbound,2024-09-15,2,0,0.0
1415,Google Ads,2024-07-14,1,0,0.0
1415,Email,2024-07-17,2,0,0.0
1415,Referral,2024-07-18,3,0,0.0
1416,Email,2024-07-12,1,0,0.0
1416,Google Ads,2024-07-13,2,0,0.0
1416,Organic/SEO,2024-07-14,3,0,0.0
1417,LinkedIn Ads,2024-11-11,1,0,0.0
1418,Cold Outbound,2024-08-18,1,0,0.0
1418,LinkedIn Ads,2024-08-20,2,0,0.0
1418,LinkedIn Ads,2024-08-20,3,0,0.0
1419,Cold Outbound,2024-07-07,1,0,0.0
1420,Content/Webinar,2024-07-08,1,0,0.0
1420,Cold Outbound,2024-07-09,2,0,0.0
1421,Email,2024-03-18,1,0,0.0
1421,Cold Outbound,2024-03-23,2,0,0.0
1421,Organic/SEO,2024-03-24,3,0,0.0
1421,Google Ads,2024-03-27,4,0,0.0
1422,Google Ads,2024-09-07,1,0,0.0
1422,Cold Outbound,2024-09-11,2,0,0.0
1423,LinkedIn Ads,2024-07-07,1,0,0.0
1423,Email,2024-07-12,2,0,0.0
1423,Google Ads,2024-07-12,3,0,0.0
1424,Google Ads,2024-08-03,1,0,0.0
1424,Cold Outbound,2024-08-05,2,0,0.0
1425,Content/Webinar,2024-02-22,1,0,0.0
1425,Cold Outbound,2024-02-22,2,0,0.0
1426,Email,2024-05-21,1,0,0.0
1427,Referral,2024-06-21,1,0,0.0
1427,Organic/SEO,2024-06-26,2,0,0.0
1428,Google Ads,2024-04-13,1,0,0.0
1429,Cold Outbound,2024-01-26,1,0,0.0
1430,LinkedIn Ads,2024-03-19,1,0,0.0
1431,Organic/SEO,2024-02-03,1,0,0.0
1432,Cold Outbound,2024-05-28,1,0,0.0
1433,Cold Outbound,2024-01-26,1,0,0.0
1433,Organic/SEO,2024-01-30,2,0,0.0
1434,Google Ads,2024-02-29,1,0,0.0
1434,Referral,2024-03-05,2,0,0.0
1434,Organic/SEO,2024-03-10,3,0,0.0
1435,Organic/SEO,2024-02-25,1,0,0.0
1435,Organic/SEO,2024-02-29,2,0,0.0
1435,Cold Outbound,2024-03-05,3,0,0.0
1436,Email,2024-02-12,1,0,0.0
1436,Email,2024-02-14,2,0,0.0
1436,Google Ads,2024-02-16,3,0,0.0
1437,Organic/SEO,2024-05-17,1,0,0.0
1437,Cold Outbound,2024-05-19,2,0,0.0
1437,Email,2024-05-23,3,0,0.0
1438,Google Ads,2024-08-20,1,0,0.0
1438,Cold Outbound,2024-08-20,2,0,0.0
1439,Email,2024-09-23,1,0,0.0
1440,Google Ads,2024-04-14,1,0,0.0
1441,Organic/SEO,2024-04-17,1,0,0.0
1442,LinkedIn Ads,2024-02-16,1,0,0.0
1442,Organic/SEO,2024-02-20,2,0,0.0
1442,Organic/SEO,2024-02-25,3,0,0.0
1443,LinkedIn Ads,2024-01-31,1,0,0.0
1443,Cold Outbound,2024-02-01,2,0,0.0
1444,Organic/SEO,2024-07-26,1,0,0.0
1444,Organic/SEO,2024-07-29,2,0,0.0
1444,Email,2024-08-01,3,0,0.0
1444,Email,2024-08-02,4,0,0.0
1445,Google Ads,2024-03-18,1,0,0.0
1445,Google Ads,2024-03-21,2,0,0.0
1446,Cold Outbound,2024-11-21,1,0,0.0
1446,Google Ads,2024-11-22,2,0,0.0
1447,Cold Outbound,2024-07-16,1,0,0.0
1448,LinkedIn Ads,2024-10-07,1,0,0.0
1448,Email,2024-10-08,2,0,0.0
1449,Referral,2024-02-07,1,0,0.0
1449,Email,2024-02-12,2,0,0.0
1450,Google Ads,2024-03-04,1,0,0.0
1450,Cold Outbound,2024-03-08,2,0,0.0
1451,Cold Outbound,2024-10-08,1,0,0.0
1452,Organic/SEO,2024-10-28,1,0,0.0
1452,Email,2024-10-29,2,0,0.0
1452,Organic/SEO,2024-10-29,3,0,0.0
1453,LinkedIn Ads,2024-10-28,1,0,0.0
1454,Email,2024-04-09,1,0,0.0
1454,Google Ads,2024-04-10,2,0,0.0
1455,Google Ads,2024-11-15,1,0,0.0
1455,Google Ads,2024-11-15,2,0,0.0
1455,Organic/SEO,2024-11-18,3,0,0.0
1455,Content/Webinar,2024-11-18,4,0,0.0
1455,Cold Outbound,2024-11-20,5,0,0.0
1456,Google Ads,2024-02-05,1,0,0.0
1456,Email,2024-02-10,2,0,0.0
1457,Google Ads,2024-02-22,1,0,0.0
1458,Organic/SEO,2024-02-24,1,0,0.0
1458,Organic/SEO,2024-02-25,2,0,0.0
1458,Cold Outbound,2024-02-28,3,0,0.0
1459,Cold Outbound,2024-04-17,1,0,0.0
1460,Content/Webinar,2024-06-22,1,0,0.0
1460,Cold Outbound,2024-06-23,2,0,0.0
1461,Organic/SEO,2024-11-27,1,0,0.0
1461,Content/Webinar,2024-11-30,2,0,0.0
1461,Content/Webinar,2024-12-02,3,0,0.0
1461,Email,2024-12-02,4,0,0.0
1461,Content/Webinar,2024-12-02,5,0,0.0
1462,Google Ads,2024-08-09,1,0,0.0
1462,Organic/SEO,2024-08-13,2,0,0.0
1462,Google Ads,2024-08-13,3,0,0.0
1462,Organic/SEO,2024-08-16,4,0,0.0
1463,Cold Outbound,2024-05-19,1,0,0.0
1464,Cold Outbound,2024-11-08,1,0,0.0
1464,Organic/SEO,2024-11-10,2,0,0.0
1464,Google Ads,2024-11-10,3,0,0.0
1464,Email,2024-11-11,4,0,0.0
1464,LinkedIn Ads,2024-11-16,5,0,0.0
1465,Email,2024-10-09,1,0,0.0
1466,Email,2024-05-20,1,0,0.0
1466,LinkedIn Ads,2024-05-20,2,0,0.0
1466,LinkedIn Ads,2024-05-23,3,0,0.0
1466,Email,2024-05-26,4,0,0.0
1467,Cold Outbound,2024-02-05,1,0,0.0
1467,Email,2024-02-09,2,0,0.0
1468,Email,2024-03-24,1,0,0.0
1468,Referral,2024-03-24,2,0,0.0
1468,Google Ads,2024-03-25,3,0,0.0
1468,Email,2024-03-30,4,0,0.0
1468,Google Ads,2024-03-30,5,0,0.0
1469,Email,2024-09-10,1,0,0.0
1469,Organic/SEO,2024-09-14,2,0,0.0
1469,LinkedIn Ads,2024-09-18,3,0,0.0
1470,Email,2024-02-09,1,1,3849.83
1470,Cold Outbound,2024-02-10,2,1,3849.83
1470,Cold Outbound,2024-02-11,3,1,3849.83
1471,LinkedIn Ads,2024-04-29,1,0,0.0
1472,Email,2024-11-01,1,1,23956.3
1472,Referral,2024-11-01,2,1,23956.3
1473,Organic/SEO,2024-06-30,1,0,0.0
1473,Google Ads,2024-07-04,2,0,0.0
1473,LinkedIn Ads,2024-07-06,3,0,0.0
1473,Cold Outbound,2024-07-07,4,0,0.0
1474,LinkedIn Ads,2024-03-04,1,0,0.0
1475,Cold Outbound,2024-05-15,1,0,0.0
1475,Content/Webinar,2024-05-19,2,0,0.0
1475,Email,2024-05-21,3,0,0.0
1476,Email,2024-02-24,1,1,4231.6
1476,Cold Outbound,2024-02-25,2,1,4231.6
1476,LinkedIn Ads,2024-02-28,3,1,4231.6
1477,Cold Outbound,2024-05-16,1,0,0.0
1478,LinkedIn Ads,2024-10-20,1,0,0.0
1479,Content/Webinar,2024-09-24,1,0,0.0
1479,Cold Outbound,2024-09-25,2,0,0.0
1479,Organic/SEO,2024-09-29,3,0,0.0
1480,LinkedIn Ads,2024-10-27,1,0,0.0
1480,Cold Outbound,2024-11-01,2,0,0.0
1481,Content/Webinar,2024-02-09,1,0,0.0
1481,Email,2024-02-11,2,0,0.0
1482,Google Ads,2024-07-01,1,0,0.0
1482,LinkedIn Ads,2024-07-02,2,0,0.0
1483,Email,2024-08-28,1,1,7126.35
1483,LinkedIn Ads,2024-08-28,2,1,7126.35
1484,Email,2024-07-07,1,0,0.0
1485,Email,2024-02-08,1,0,0.0
1485,LinkedIn Ads,2024-02-10,2,0,0.0
1485,Google Ads,2024-02-12,3,0,0.0
1486,LinkedIn Ads,2024-05-29,1,0,0.0
1487,Cold Outbound,2024-07-24,1,0,0.0
1487,Google Ads,2024-07-25,2,0,0.0
1487,LinkedIn Ads,2024-07-29,3,0,0.0
1488,Cold Outbound,2024-07-14,1,0,0.0
1488,Organic/SEO,2024-07-19,2,0,0.0
1488,Google Ads,2024-07-23,3,0,0.0
1488,Cold Outbound,2024-07-23,4,0,0.0
1488,Google Ads,2024-07-26,5,0,0.0
1489,Content/Webinar,2024-04-07,1,0,0.0
1490,Email,2024-10-02,1,0,0.0
1490,Content/Webinar,2024-10-05,2,0,0.0
1490,Organic/SEO,2024-10-08,3,0,0.0
1490,Cold Outbound,2024-10-11,4,0,0.0
1491,Google Ads,2024-11-17,1,0,0.0
1491,Organic/SEO,2024-11-20,2,0,0.0
1492,Referral,2024-11-17,1,0,0.0
1493,Google Ads,2024-05-12,1,0,0.0
1493,Google Ads,2024-05-16,2,0,0.0
1493,Email,2024-05-18,3,0,0.0
1494,Email,2024-11-08,1,1,6037.48
1494,Email,2024-11-13,2,1,6037.48
1494,Email,2024-11-18,3,1,6037.48
1495,Content/Webinar,2024-07-16,1,0,0.0
1495,Google Ads,2024-07-16,2,0,0.0
1495,Cold Outbound,2024-07-21,3,0,0.0
1496,Content/Webinar,2024-02-20,1,0,0.0
1497,Google Ads,2024-07-03,1,0,0.0
1497,LinkedIn Ads,2024-07-06,2,0,0.0
1497,Cold Outbound,2024-07-08,3,0,0.0
1497,Google Ads,2024-07-13,4,0,0.0
1498,Email,2024-08-17,1,0,0.0
1498,LinkedIn Ads,2024-08-20,2,0,0.0
1499,Cold Outbound,2024-09-20,1,0,0.0
1499,Email,2024-09-20,2,0,0.0
1500,Google Ads,2024-05-31,1,0,0.0
1501,Referral,2024-05-29,1,0,0.0
1501,Organic/SEO,2024-05-31,2,0,0.0
1501,Cold Outbound,2024-06-04,3,0,0.0
1501,LinkedIn Ads,2024-06-08,4,0,0.0
1502,Google Ads,2024-10-06,1,0,0.0
1503,Cold Outbound,2024-10-25,1,0,0.0
1504,LinkedIn Ads,2024-05-14,1,1,2109.71
1504,Content/Webinar,2024-05-14,2,1,2109.71
1504,Cold Outbound,2024-05-17,3,1,2109.71
1505,Organic/SEO,2024-04-23,1,0,0.0
1505,LinkedIn Ads,2024-04-24,2,0,0.0
1505,Google Ads,2024-04-25,3,0,0.0
1506,Cold Outbound,2024-07-08,1,0,0.0
1506,Organic/SEO,2024-07-11,2,0,0.0
1506,LinkedIn Ads,2024-07-13,3,0,0.0
1506,LinkedIn Ads,2024-07-13,4,0,0.0
1506,Cold Outbound,2024-07-16,5,0,0.0
1507,LinkedIn Ads,2024-01-09,1,0,0.0
1508,Cold Outbound,2024-02-05,1,0,0.0
1508,Email,2024-02-07,2,0,0.0
1509,Google Ads,2024-02-15,1,0,0.0
1509,Google Ads,2024-02-17,2,0,0.0
1509,Organic/SEO,2024-02-17,3,0,0.0
1509,Google Ads,2024-02-22,4,0,0.0
1510,Organic/SEO,2024-03-06,1,0,0.0
1510,Content/Webinar,2024-03-10,2,0,0.0
1510,Cold Outbound,2024-03-10,3,0,0.0
1511,Referral,2024-04-05,1,0,0.0
1512,LinkedIn Ads,2024-04-14,1,0,0.0
1512,Google Ads,2024-04-19,2,0,0.0
1513,Google Ads,2024-07-02,1,0,0.0
1513,Google Ads,2024-07-05,2,0,0.0
1513,Google Ads,2024-07-09,3,0,0.0
1514,Google Ads,2024-10-17,1,0,0.0
1515,Email,2024-09-02,1,0,0.0
1515,Organic/SEO,2024-09-05,2,0,0.0
1515,Cold Outbound,2024-09-07,3,0,0.0
1515,Organic/SEO,2024-09-09,4,0,0.0
1516,Google Ads,2024-05-02,1,0,0.0
1516,Google Ads,2024-05-04,2,0,0.0
1517,Email,2024-07-28,1,1,17929.16
1517,Cold Outbound,2024-07-31,2,1,17929.16
1517,LinkedIn Ads,2024-08-01,3,1,17929.16
1517,Referral,2024-08-02,4,1,17929.16
1518,LinkedIn Ads,2024-07-26,1,0,0.0
1518,Referral,2024-07-29,2,0,0.0
1519,Email,2024-10-09,1,0,0.0
1520,LinkedIn Ads,2024-04-28,1,0,0.0
1520,Content/Webinar,2024-04-30,2,0,0.0
1520,Cold Outbound,2024-05-01,3,0,0.0
1521,Google Ads,2024-01-26,1,1,5092.7
1521,Email,2024-01-31,2,1,5092.7
1521,Email,2024-02-03,3,1,5092.7
1522,Google Ads,2024-10-16,1,0,0.0
1522,Email,2024-10-16,2,0,0.0
1522,Organic/SEO,2024-10-17,3,0,0.0
1522,Google Ads,2024-10-17,4,0,0.0
1522,Organic/SEO,2024-10-18,5,0,0.0
1523,Content/Webinar,2024-08-30,1,0,0.0
1524,Google Ads,2024-10-17,1,0,0.0
1524,Organic/SEO,2024-10-21,2,0,0.0
1525,Organic/SEO,2024-09-30,1,0,0.0
1525,Google Ads,2024-09-30,2,0,0.0
1525,Email,2024-10-05,3,0,0.0
1526,Cold Outbound,2024-04-10,1,1,10371.04
1526,LinkedIn Ads,2024-04-11,2,1,10371.04
1527,LinkedIn Ads,2024-06-21,1,0,0.0
1528,LinkedIn Ads,2024-02-13,1,0,0.0
1528,Referral,2024-02-14,2,0,0.0
1529,Email,2024-03-09,1,0,0.0
1530,Organic/SEO,2024-04-17,1,0,0.0
1530,LinkedIn Ads,2024-04-18,2,0,0.0
1530,Google Ads,2024-04-19,3,0,0.0
1531,Content/Webinar,2024-01-13,1,0,0.0
1531,Email,2024-01-16,2,0,0.0
1531,Organic/SEO,2024-01-21,3,0,0.0
1531,Organic/SEO,2024-01-23,4,0,0.0
1531,LinkedIn Ads,2024-01-24,5,0,0.0
1532,Cold Outbound,2024-03-31,1,1,5796.78
1532,Content/Webinar,2024-04-01,2,1,5796.78
1532,Google Ads,2024-04-04,3,1,5796.78
1532,Email,2024-04-05,4,1,5796.78
1532,Google Ads,2024-04-10,5,1,5796.78
1533,Organic/SEO,2024-09-28,1,0,0.0
1533,Content/Webinar,2024-10-02,2,0,0.0
1533,Google Ads,2024-10-06,3,0,0.0
1533,Google Ads,2024-10-10,4,0,0.0
1533,Google Ads,2024-10-11,5,0,0.0
1534,Cold Outbound,2024-02-15,1,0,0.0
1534,Organic/SEO,2024-02-17,2,0,0.0
1534,Content/Webinar,2024-02-21,3,0,0.0
1535,Cold Outbound,2024-09-17,1,0,0.0
1536,Referral,2024-06-17,1,0,0.0
1537,Content/Webinar,2024-06-26,1,1,4934.15
1537,Email,2024-06-26,2,1,4934.15
1538,Organic/SEO,2024-04-23,1,0,0.0
1538,Email,2024-04-25,2,0,0.0
1539,Referral,2024-07-19,1,0,0.0
1540,Content/Webinar,2024-01-12,1,1,4560.27
1540,Google Ads,2024-01-14,2,1,4560.27
1540,Google Ads,2024-01-14,3,1,4560.27
1541,LinkedIn Ads,2024-11-26,1,0,0.0
1542,Google Ads,2024-01-14,1,0,0.0
1542,Google Ads,2024-01-18,2,0,0.0
1543,Email,2024-06-17,1,0,0.0
1543,Content/Webinar,2024-06-20,2,0,0.0
1543,Email,2024-06-22,3,0,0.0
1543,Organic/SEO,2024-06-26,4,0,0.0
1543,LinkedIn Ads,2024-06-28,5,0,0.0
1544,LinkedIn Ads,2024-09-07,1,0,0.0
1545,Referral,2024-04-21,1,0,0.0
1545,Google Ads,2024-04-25,2,0,0.0
1545,Organic/SEO,2024-04-29,3,0,0.0
1546,Google Ads,2024-01-02,1,0,0.0
1546,Cold Outbound,2024-01-06,2,0,0.0
1547,Email,2024-04-18,1,0,0.0
1547,Google Ads,2024-04-18,2,0,0.0
1547,Cold Outbound,2024-04-23,3,0,0.0
1548,Email,2024-03-20,1,0,0.0
1549,Content/Webinar,2024-10-06,1,0,0.0
1549,Organic/SEO,2024-10-08,2,0,0.0
1549,Google Ads,2024-10-12,3,0,0.0
1550,LinkedIn Ads,2024-05-20,1,1,6586.9
1550,Content/Webinar,2024-05-22,2,1,6586.9
1550,Content/Webinar,2024-05-26,3,1,6586.9
1550,Cold Outbound,2024-05-26,4,1,6586.9
1550,Google Ads,2024-05-30,5,1,6586.9
1551,Cold Outbound,2024-05-13,1,0,0.0
1551,Organic/SEO,2024-05-13,2,0,0.0
1551,LinkedIn Ads,2024-05-16,3,0,0.0
1552,Organic/SEO,2024-11-15,1,0,0.0
1552,Google Ads,2024-11-17,2,0,0.0
1552,Google Ads,2024-11-18,3,0,0.0
1553,Cold Outbound,2024-05-05,1,0,0.0
1553,Email,2024-05-08,2,0,0.0
1553,Google Ads,2024-05-10,3,0,0.0
1553,LinkedIn Ads,2024-05-12,4,0,0.0
1554,Email,2024-02-23,1,0,0.0
1555,Organic/SEO,2024-02-29,1,0,0.0
1556,Referral,2024-03-28,1,0,0.0
1556,Google Ads,2024-04-02,2,0,0.0
1557,Cold Outbound,2024-04-27,1,0,0.0
1557,LinkedIn Ads,2024-04-28,2,0,0.0
1557,Cold Outbound,2024-05-01,3,0,0.0
1557,Cold Outbound,2024-05-06,4,0,0.0
1558,Cold Outbound,2024-09-09,1,0,0.0
1558,Email,2024-09-12,2,0,0.0
1558,Email,2024-09-16,3,0,0.0
1559,Google Ads,2024-09-02,1,1,5408.01
1559,Cold Outbound,2024-09-02,2,1,5408.01
1559,Organic/SEO,2024-09-02,3,1,5408.01
1559,Cold Outbound,2024-09-05,4,1,5408.01
1560,Content/Webinar,2024-07-04,1,1,8555.49
1560,Google Ads,2024-07-05,2,1,8555.49
1561,Content/Webinar,2024-08-31,1,1,10589.86
1562,LinkedIn Ads,2024-09-12,1,0,0.0
1562,Cold Outbound,2024-09-16,2,0,0.0
1562,LinkedIn Ads,2024-09-17,3,0,0.0
1563,Content/Webinar,2024-11-21,1,0,0.0
1564,Organic/SEO,2024-01-05,1,0,0.0
1564,Cold Outbound,2024-01-10,2,0,0.0
1565,Organic/SEO,2024-09-20,1,0,0.0
1566,Content/Webinar,2024-05-09,1,0,0.0
1566,LinkedIn Ads,2024-05-14,2,0,0.0
1566,Content/Webinar,2024-05-16,3,0,0.0
1567,LinkedIn Ads,2024-01-14,1,0,0.0
1567,Cold Outbound,2024-01-18,2,0,0.0
1567,Referral,2024-01-20,3,0,0.0
1568,Google Ads,2024-01-08,1,1,6997.61
1568,Organic/SEO,2024-01-09,2,1,6997.61
1568,LinkedIn Ads,2024-01-14,3,1,6997.61
1568,Google Ads,2024-01-18,4,1,6997.61
1569,Content/Webinar,2024-07-30,1,0,0.0
1570,Referral,2024-08-22,1,0,0.0
1570,Google Ads,2024-08-26,2,0,0.0
1570,Google Ads,2024-08-27,3,0,0.0
1571,Organic/SEO,2024-03-22,1,0,0.0
1572,Organic/SEO,2024-05-19,1,0,0.0
1572,Organic/SEO,2024-05-24,2,0,0.0
1573,Cold Outbound,2024-10-30,1,0,0.0
1573,Organic/SEO,2024-11-01,2,0,0.0
1574,Organic/SEO,2024-03-30,1,0,0.0
1574,Email,2024-04-02,2,0,0.0
1575,Email,2024-08-22,1,0,0.0
1575,Organic/SEO,2024-08-25,2,0,0.0
1576,Google Ads,2024-01-25,1,0,0.0
1576,Email,2024-01-27,2,0,0.0
1576,Google Ads,2024-01-31,3,0,0.0
1576,Referral,2024-02-02,4,0,0.0
1577,Cold Outbound,2024-10-17,1,0,0.0
1577,Email,2024-10-20,2,0,0.0
1577,Email,2024-10-25,3,0,0.0
1578,Cold Outbound,2024-04-03,1,1,3482.67
1578,Cold Outbound,2024-04-04,2,1,3482.67
1578,Organic/SEO,2024-04-09,3,1,3482.67
1578,Referral,2024-04-12,4,1,3482.67
1578,Email,2024-04-12,5,1,3482.67
1579,Google Ads,2024-10-28,1,1,7246.39
1579,Google Ads,2024-11-01,2,1,7246.39
1579,Content/Webinar,2024-11-03,3,1,7246.39
1580,Email,2024-05-29,1,0,0.0
1580,Cold Outbound,2024-06-02,2,0,0.0
1581,Google Ads,2024-06-07,1,0,0.0
1581,Referral,2024-06-09,2,0,0.0
1581,Google Ads,2024-06-10,3,0,0.0
1582,LinkedIn Ads,2024-11-08,1,0,0.0
1582,Email,2024-11-11,2,0,0.0
1582,Organic/SEO,2024-11-13,3,0,0.0
1583,Cold Outbound,2024-04-16,1,1,5086.83
1583,Email,2024-04-21,2,1,5086.83
1584,Referral,2024-10-02,1,0,0.0
1585,Google Ads,2024-04-18,1,0,0.0
1585,LinkedIn Ads,2024-04-21,2,0,0.0
1585,LinkedIn Ads,2024-04-26,3,0,0.0
1586,Organic/SEO,2024-10-02,1,0,0.0
1586,Cold Outbound,2024-10-02,2,0,0.0
1586,Referral,2024-10-04,3,0,0.0
1587,Content/Webinar,2024-09-19,1,0,0.0
1588,Cold Outbound,2024-05-01,1,1,2053.28
1588,LinkedIn Ads,2024-05-01,2,1,2053.28
1588,Cold Outbound,2024-05-02,3,1,2053.28
1588,Google Ads,2024-05-02,4,1,2053.28
1588,Cold Outbound,2024-05-04,5,1,2053.28
1589,Content/Webinar,2024-08-06,1,0,0.0
1589,LinkedIn Ads,2024-08-06,2,0,0.0
1589,Google Ads,2024-08-10,3,0,0.0
1590,Organic/SEO,2024-05-29,1,0,0.0
1590,Cold Outbound,2024-05-29,2,0,0.0
1590,Cold Outbound,2024-05-31,3,0,0.0
1590,Google Ads,2024-06-03,4,0,0.0
1591,Cold Outbound,2024-08-24,1,0,0.0
1591,Cold Outbound,2024-08-26,2,0,0.0
1592,Google Ads,2024-06-10,1,1,4018.8
1592,Cold Outbound,2024-06-15,2,1,4018.8
1593,Email,2024-01-08,1,0,0.0
1593,Cold Outbound,2024-01-11,2,0,0.0
1593,LinkedIn Ads,2024-01-16,3,0,0.0
1593,Organic/SEO,2024-01-17,4,0,0.0
1594,Content/Webinar,2024-07-05,1,1,8013.2
1595,Email,2024-01-30,1,0,0.0
1595,Content/Webinar,2024-02-01,2,0,0.0
1595,Organic/SEO,2024-02-03,3,0,0.0
1596,LinkedIn Ads,2024-11-26,1,0,0.0
1597,Cold Outbound,2024-03-08,1,0,0.0
1597,Cold Outbound,2024-03-13,2,0,0.0
1597,Google Ads,2024-03-14,3,0,0.0
1598,Cold Outbound,2024-01-12,1,0,0.0
1598,LinkedIn Ads,2024-01-14,2,0,0.0
1598,Google Ads,2024-01-17,3,0,0.0
1598,Organic/SEO,2024-01-18,4,0,0.0
1599,Email,2024-04-29,1,0,0.0
1599,Organic/SEO,2024-05-03,2,0,0.0
1599,Email,2024-05-06,3,0,0.0
1600,Content/Webinar,2024-09-06,1,0,0.0
1600,Cold Outbound,2024-09-06,2,0,0.0
1600,Google Ads,2024-09-11,3,0,0.0
1601,Content/Webinar,2024-04-21,1,1,5396.7
1601,Organic/SEO,2024-04-26,2,1,5396.7
1602,LinkedIn Ads,2024-01-09,1,0,0.0
1602,Email,2024-01-11,2,0,0.0
1602,Google Ads,2024-01-11,3,0,0.0
1602,LinkedIn Ads,2024-01-16,4,0,0.0
1603,LinkedIn Ads,2024-03-15,1,0,0.0
1603,Email,2024-03-16,2,0,0.0
1603,LinkedIn Ads,2024-03-21,3,0,0.0
1604,LinkedIn Ads,2024-07-10,1,0,0.0
1604,Google Ads,2024-07-14,2,0,0.0
1605,Email,2024-04-14,1,0,0.0
1606,Email,2024-09-27,1,0,0.0
1606,LinkedIn Ads,2024-09-27,2,0,0.0
1606,LinkedIn Ads,2024-09-27,3,0,0.0
1606,Email,2024-09-27,4,0,0.0
1606,Cold Outbound,2024-09-30,5,0,0.0
1607,Google Ads,2024-02-17,1,0,0.0
1607,Cold Outbound,2024-02-22,2,0,0.0
1607,Cold Outbound,2024-02-24,3,0,0.0
1607,Email,2024-02-29,4,0,0.0
1608,Organic/SEO,2024-01-15,1,0,0.0
1608,Google Ads,2024-01-19,2,0,0.0
1608,Content/Webinar,2024-01-19,3,0,0.0
1609,Google Ads,2024-05-19,1,0,0.0
1610,Email,2024-01-11,1,0,0.0
1610,Content/Webinar,2024-01-16,2,0,0.0
1610,Email,2024-01-20,3,0,0.0
1611,Google Ads,2024-03-16,1,0,0.0
1612,Email,2024-02-11,1,0,0.0
1612,Content/Webinar,2024-02-13,2,0,0.0
1613,Cold Outbound,2024-01-17,1,0,0.0
1613,LinkedIn Ads,2024-01-22,2,0,0.0
1614,Organic/SEO,2024-03-10,1,0,0.0
1615,Google Ads,2024-05-15,1,0,0.0
1615,LinkedIn Ads,2024-05-20,2,0,0.0
1615,LinkedIn Ads,2024-05-23,3,0,0.0
1615,Email,2024-05-25,4,0,0.0
1616,Organic/SEO,2024-02-11,1,0,0.0
1616,Google Ads,2024-02-13,2,0,0.0
1617,Cold Outbound,2024-01-09,1,1,6207.41
1617,LinkedIn Ads,2024-01-11,2,1,6207.41
1617,LinkedIn Ads,2024-01-11,3,1,6207.41
1617,Google Ads,2024-01-13,4,1,6207.41
1618,Google Ads,2024-05-22,1,0,0.0
1618,Cold Outbound,2024-05-24,2,0,0.0
1618,Google Ads,2024-05-27,3,0,0.0
1618,Google Ads,2024-05-30,4,0,0.0
1618,Google Ads,2024-06-01,5,0,0.0
1619,Organic/SEO,2024-03-13,1,0,0.0
1619,LinkedIn Ads,2024-03-13,2,0,0.0
1620,Organic/SEO,2024-09-03,1,0,0.0
1621,Email,2024-06-15,1,0,0.0
1621,Email,2024-06-20,2,0,0.0
1621,Referral,2024-06-22,3,0,0.0
1621,Cold Outbound,2024-06-23,4,0,0.0
1621,Google Ads,2024-06-24,5,0,0.0
1622,Email,2024-10-24,1,1,10821.68
1622,Content/Webinar,2024-10-29,2,1,10821.68
1622,Content/Webinar,2024-11-03,3,1,10821.68
1622,Referral,2024-11-08,4,1,10821.68
1622,Google Ads,2024-11-08,5,1,10821.68
1623,Email,2024-09-18,1,0,0.0
1623,Google Ads,2024-09-20,2,0,0.0
1624,Google Ads,2024-01-17,1,1,5440.98
1624,Google Ads,2024-01-21,2,1,5440.98
1624,Email,2024-01-24,3,1,5440.98
1624,Content/Webinar,2024-01-28,4,1,5440.98
1624,Google Ads,2024-02-02,5,1,5440.98
1625,Google Ads,2024-08-07,1,0,0.0
1625,Google Ads,2024-08-12,2,0,0.0
1626,Referral,2024-11-16,1,0,0.0
1626,Organic/SEO,2024-11-18,2,0,0.0
1627,Email,2024-02-26,1,0,0.0
1627,Google Ads,2024-03-01,2,0,0.0
1628,Google Ads,2024-04-16,1,0,0.0
1628,Google Ads,2024-04-20,2,0,0.0
1629,Cold Outbound,2024-07-20,1,0,0.0
1629,Email,2024-07-22,2,0,0.0
1630,Google Ads,2024-03-13,1,0,0.0
1631,LinkedIn Ads,2024-10-10,1,1,6541.13
1631,Cold Outbound,2024-10-11,2,1,6541.13
1631,Cold Outbound,2024-10-16,3,1,6541.13
1632,Google Ads,2024-02-29,1,0,0.0
1632,Google Ads,2024-02-29,2,0,0.0
1632,Content/Webinar,2024-03-02,3,0,0.0
1632,Cold Outbound,2024-03-03,4,0,0.0
1633,Cold Outbound,2024-07-20,1,1,8457.65
1633,LinkedIn Ads,2024-07-25,2,1,8457.65
1633,Organic/SEO,2024-07-25,3,1,8457.65
1633,LinkedIn Ads,2024-07-28,4,1,8457.65
1633,Content/Webinar,2024-08-02,5,1,8457.65
1634,Google Ads,2024-05-14,1,0,0.0
1634,Content/Webinar,2024-05-18,2,0,0.0
1634,Content/Webinar,2024-05-18,3,0,0.0
1634,Email,2024-05-22,4,0,0.0
1635,Google Ads,2024-11-07,1,0,0.0
1636,LinkedIn Ads,2024-05-23,1,0,0.0
1637,Cold Outbound,2024-01-05,1,0,0.0
1637,Email,2024-01-09,2,0,0.0
1637,Google Ads,2024-01-12,3,0,0.0
1637,Organic/SEO,2024-01-12,4,0,0.0
1638,Cold Outbound,2024-03-25,1,0,0.0
1639,Google Ads,2024-02-12,1,0,0.0
1639,Content/Webinar,2024-02-16,2,0,0.0
1640,Google Ads,2024-11-19,1,0,0.0
1641,Content/Webinar,2024-06-05,1,0,0.0
1641,Content/Webinar,2024-06-10,2,0,0.0
1642,Email,2024-07-19,1,0,0.0
1643,Cold Outbound,2024-01-01,1,1,4042.26
1643,Email,2024-01-04,2,1,4042.26
1643,LinkedIn Ads,2024-01-07,3,1,4042.26
1644,Organic/SEO,2024-04-13,1,1,8436.86
1644,Google Ads,2024-04-14,2,1,8436.86
1644,LinkedIn Ads,2024-04-19,3,1,8436.86
1644,Email,2024-04-24,4,1,8436.86
1645,Email,2024-08-20,1,0,0.0
1645,Google Ads,2024-08-21,2,0,0.0
1646,Google Ads,2024-08-16,1,0,0.0
1646,Google Ads,2024-08-16,2,0,0.0
1646,Content/Webinar,2024-08-19,3,0,0.0
1646,Organic/SEO,2024-08-22,4,0,0.0
1646,Email,2024-08-25,5,0,0.0
1647,Google Ads,2024-05-15,1,0,0.0
1648,Cold Outbound,2024-09-28,1,0,0.0
1648,Content/Webinar,2024-09-28,2,0,0.0
1648,Google Ads,2024-10-03,3,0,0.0
1649,Cold Outbound,2024-01-08,1,0,0.0
1650,LinkedIn Ads,2024-02-28,1,0,0.0
1651,Cold Outbound,2024-09-06,1,0,0.0
1651,LinkedIn Ads,2024-09-09,2,0,0.0
1652,Organic/SEO,2024-03-24,1,0,0.0
1652,Referral,2024-03-27,2,0,0.0
1652,Google Ads,2024-03-27,3,0,0.0
1652,Cold Outbound,2024-03-28,4,0,0.0
1653,LinkedIn Ads,2024-11-14,1,0,0.0
1653,Cold Outbound,2024-11-18,2,0,0.0
1653,Google Ads,2024-11-19,3,0,0.0
1654,LinkedIn Ads,2024-08-09,1,0,0.0
1654,Google Ads,2024-08-10,2,0,0.0
1655,Google Ads,2024-07-22,1,0,0.0
1656,Email,2024-07-22,1,0,0.0
1656,Organic/SEO,2024-07-27,2,0,0.0
1657,Email,2024-07-31,1,0,0.0
1657,Google Ads,2024-08-03,2,0,0.0
1658,Referral,2024-04-23,1,1,18273.17
1659,Content/Webinar,2024-07-08,1,0,0.0
1659,Email,2024-07-10,2,0,0.0
1659,Google Ads,2024-07-15,3,0,0.0
1660,LinkedIn Ads,2024-08-03,1,0,0.0
1661,Organic/SEO,2024-05-31,1,0,0.0
1661,Google Ads,2024-06-01,2,0,0.0
1662,Cold Outbound,2024-06-21,1,0,0.0
1662,Google Ads,2024-06-23,2,0,0.0
1663,LinkedIn Ads,2024-04-09,1,0,0.0
1664,Email,2024-03-08,1,0,0.0
1665,Google Ads,2024-11-09,1,0,0.0
1665,LinkedIn Ads,2024-11-09,2,0,0.0
1665,Content/Webinar,2024-11-10,3,0,0.0
1665,Organic/SEO,2024-11-14,4,0,0.0
1666,Referral,2024-07-14,1,0,0.0
1666,Organic/SEO,2024-07-15,2,0,0.0
1666,Content/Webinar,2024-07-16,3,0,0.0
1666,Cold Outbound,2024-07-21,4,0,0.0
1667,Organic/SEO,2024-03-08,1,1,3659.32
1667,Google Ads,2024-03-13,2,1,3659.32
1668,Cold Outbound,2024-02-02,1,0,0.0
1668,LinkedIn Ads,2024-02-07,2,0,0.0
1669,Cold Outbound,2024-09-08,1,0,0.0
1669,Email,2024-09-08,2,0,0.0
1669,Cold Outbound,2024-09-11,3,0,0.0
1670,Google Ads,2024-01-28,1,0,0.0
1671,Email,2024-06-19,1,1,5079.93
1671,Cold Outbound,2024-06-23,2,1,5079.93
1671,Cold Outbound,2024-06-23,3,1,5079.93
1671,LinkedIn Ads,2024-06-23,4,1,5079.93
1672,Organic/SEO,2024-02-23,1,0,0.0
1672,Google Ads,2024-02-28,2,0,0.0
1672,Google Ads,2024-03-02,3,0,0.0
1672,Google Ads,2024-03-07,4,0,0.0
1672,Organic/SEO,2024-03-10,5,0,0.0
1673,Google Ads,2024-01-29,1,0,0.0
1674,Organic/SEO,2024-01-25,1,0,0.0
1674,Cold Outbound,2024-01-27,2,0,0.0
1675,Email,2024-02-28,1,0,0.0
1675,Email,2024-03-04,2,0,0.0
1675,Content/Webinar,2024-03-07,3,0,0.0
1675,Cold Outbound,2024-03-12,4,0,0.0
1676,LinkedIn Ads,2024-01-11,1,0,0.0
1677,Cold Outbound,2024-02-06,1,0,0.0
1678,Cold Outbound,2024-03-28,1,0,0.0
1678,LinkedIn Ads,2024-04-02,2,0,0.0
1678,Cold Outbound,2024-04-04,3,0,0.0
1679,Google Ads,2024-03-11,1,0,0.0
1680,Email,2024-01-30,1,1,10353.49
1680,LinkedIn Ads,2024-02-04,2,1,10353.49
1680,LinkedIn Ads,2024-02-08,3,1,10353.49
1680,Organic/SEO,2024-02-10,4,1,10353.49
1680,Google Ads,2024-02-13,5,1,10353.49
1681,Google Ads,2024-01-10,1,0,0.0
1682,Email,2024-02-04,1,0,0.0
1683,Google Ads,2024-03-11,1,1,8002.87
1683,Google Ads,2024-03-11,2,1,8002.87
1684,LinkedIn Ads,2024-04-16,1,0,0.0
1684,Organic/SEO,2024-04-16,2,0,0.0
1684,Cold Outbound,2024-04-16,3,0,0.0
1685,Email,2024-07-29,1,1,11506.2
1685,Google Ads,2024-07-29,2,1,11506.2
1685,Content/Webinar,2024-08-01,3,1,11506.2
1686,Content/Webinar,2024-03-17,1,1,6469.84
1687,Cold Outbound,2024-08-25,1,0,0.0
1687,Cold Outbound,2024-08-30,2,0,0.0
1687,Email,2024-09-03,3,0,0.0
1687,LinkedIn Ads,2024-09-08,4,0,0.0
1688,Cold Outbound,2024-02-15,1,0,0.0
1689,LinkedIn Ads,2024-09-27,1,0,0.0
1689,Organic/SEO,2024-09-29,2,0,0.0
1690,LinkedIn Ads,2024-03-18,1,0,0.0
1690,Organic/SEO,2024-03-22,2,0,0.0
1691,Cold Outbound,2024-05-27,1,0,0.0
1692,Email,2024-06-17,1,1,3639.02
1692,Cold Outbound,2024-06-18,2,1,3639.02
1692,Google Ads,2024-06-18,3,1,3639.02
1692,Google Ads,2024-06-18,4,1,3639.02
1692,Organic/SEO,2024-06-20,5,1,3639.02
1693,Google Ads,2024-05-10,1,0,0.0
1693,Organic/SEO,2024-05-15,2,0,0.0
1693,Google Ads,2024-05-20,3,0,0.0
1694,Organic/SEO,2024-09-04,1,0,0.0
1694,Email,2024-09-06,2,0,0.0
1694,Cold Outbound,2024-09-09,3,0,0.0
1695,Organic/SEO,2024-08-11,1,0,0.0
1695,Email,2024-08-15,2,0,0.0
1695,Google Ads,2024-08-18,3,0,0.0
1695,Referral,2024-08-21,4,0,0.0
1695,LinkedIn Ads,2024-08-25,5,0,0.0
1696,Cold Outbound,2024-04-08,1,0,0.0
1697,LinkedIn Ads,2024-01-19,1,0,0.0
1697,Email,2024-01-21,2,0,0.0
1697,LinkedIn Ads,2024-01-21,3,0,0.0
1697,Organic/SEO,2024-01-26,4,0,0.0
1698,Google Ads,2024-01-07,1,0,0.0
1699,Content/Webinar,2024-10-12,1,0,0.0
1699,Cold Outbound,2024-10-15,2,0,0.0
1700,Organic/SEO,2024-05-11,1,0,0.0
1700,Cold Outbound,2024-05-16,2,0,0.0
1700,Content/Webinar,2024-05-20,3,0,0.0
1701,Cold Outbound,2024-07-03,1,0,0.0
1701,Cold Outbound,2024-07-06,2,0,0.0
1701,Organic/SEO,2024-07-06,3,0,0.0
1701,Cold Outbound,2024-07-08,4,0,0.0
1701,Cold Outbound,2024-07-11,5,0,0.0
1702,Email,2024-02-06,1,0,0.0
1702,Email,2024-02-07,2,0,0.0
1702,LinkedIn Ads,2024-02-07,3,0,0.0
1703,Content/Webinar,2024-10-28,1,0,0.0
1704,Content/Webinar,2024-01-02,1,0,0.0
1704,Content/Webinar,2024-01-04,2,0,0.0
1704,Email,2024-01-08,3,0,0.0
1704,Organic/SEO,2024-01-12,4,0,0.0
1705,LinkedIn Ads,2024-01-20,1,0,0.0
1705,Email,2024-01-20,2,0,0.0
1706,Content/Webinar,2024-02-21,1,0,0.0
1707,Email,2024-04-16,1,0,0.0
1708,Google Ads,2024-02-12,1,1,6414.56
1708,Google Ads,2024-02-12,2,1,6414.56
1708,Cold Outbound,2024-02-17,3,1,6414.56
1708,Email,2024-02-19,4,1,6414.56
1709,Content/Webinar,2024-09-22,1,0,0.0
1710,Google Ads,2024-10-09,1,0,0.0
1711,Google Ads,2024-11-25,1,0,0.0
1711,Cold Outbound,2024-11-25,2,0,0.0
1712,Cold Outbound,2024-03-21,1,0,0.0
1712,Organic/SEO,2024-03-25,2,0,0.0
1712,Email,2024-03-30,3,0,0.0
1713,LinkedIn Ads,2024-08-02,1,0,0.0
1714,Google Ads,2024-01-09,1,0,0.0
1714,LinkedIn Ads,2024-01-09,2,0,0.0
1714,Email,2024-01-12,3,0,0.0
1715,Google Ads,2024-07-24,1,0,0.0
1715,Google Ads,2024-07-24,2,0,0.0
1715,Cold Outbound,2024-07-25,3,0,0.0
1715,Cold Outbound,2024-07-30,4,0,0.0
1716,Referral,2024-07-29,1,0,0.0
1716,Google Ads,2024-07-31,2,0,0.0
1717,Content/Webinar,2024-06-17,1,1,9630.03
1717,Organic/SEO,2024-06-22,2,1,9630.03
1718,Email,2024-01-20,1,0,0.0
1719,Google Ads,2024-06-25,1,0,0.0
1719,Content/Webinar,2024-06-28,2,0,0.0
1719,Email,2024-07-02,3,0,0.0
1720,Google Ads,2024-05-16,1,0,0.0
1720,Content/Webinar,2024-05-16,2,0,0.0
1721,Cold Outbound,2024-05-03,1,0,0.0
1721,Organic/SEO,2024-05-06,2,0,0.0
1721,LinkedIn Ads,2024-05-10,3,0,0.0
1722,Organic/SEO,2024-03-15,1,0,0.0
1722,Email,2024-03-19,2,0,0.0
1722,Organic/SEO,2024-03-24,3,0,0.0
1723,Referral,2024-10-09,1,1,18339.54
1724,Organic/SEO,2024-01-15,1,1,6632.93
1725,Google Ads,2024-02-28,1,0,0.0
1726,Cold Outbound,2024-08-17,1,0,0.0
1727,Email,2024-04-18,1,0,0.0
1728,Google Ads,2024-09-12,1,0,0.0
1728,Content/Webinar,2024-09-14,2,0,0.0
1729,Referral,2024-11-17,1,0,0.0
1730,Cold Outbound,2024-03-01,1,0,0.0
1730,Cold Outbound,2024-03-03,2,0,0.0
1730,LinkedIn Ads,2024-03-05,3,0,0.0
1730,Email,2024-03-05,4,0,0.0
1731,Email,2024-03-31,1,0,0.0
1731,LinkedIn Ads,2024-04-04,2,0,0.0
1732,Google Ads,2024-07-11,1,0,0.0
1732,Cold Outbound,2024-07-12,2,0,0.0
1732,Referral,2024-07-14,3,0,0.0
1733,LinkedIn Ads,2024-06-05,1,0,0.0
1733,Organic/SEO,2024-06-08,2,0,0.0
1733,Organic/SEO,2024-06-11,3,0,0.0
1733,Google Ads,2024-06-16,4,0,0.0
1733,Organic/SEO,2024-06-21,5,0,0.0
1734,Referral,2024-05-16,1,0,0.0
1734,Organic/SEO,2024-05-20,2,0,0.0
1735,Content/Webinar,2024-06-26,1,0,0.0
1736,LinkedIn Ads,2024-02-01,1,1,14184.44
1736,LinkedIn Ads,2024-02-04,2,1,14184.44
1736,Content/Webinar,2024-02-07,3,1,14184.44
1737,Email,2024-07-10,1,0,0.0
1738,Cold Outbound,2024-01-01,1,1,6924.72
1739,Organic/SEO,2024-02-20,1,0,0.0
1739,Organic/SEO,2024-02-24,2,0,0.0
1739,Email,2024-02-28,3,0,0.0
1740,Organic/SEO,2024-10-14,1,0,0.0
1740,Content/Webinar,2024-10-19,2,0,0.0
1741,Cold Outbound,2024-08-03,1,0,0.0
1742,Referral,2024-09-07,1,0,0.0
1742,Cold Outbound,2024-09-10,2,0,0.0
1742,LinkedIn Ads,2024-09-10,3,0,0.0
1743,Cold Outbound,2024-01-04,1,0,0.0
1743,Google Ads,2024-01-09,2,0,0.0
1744,Organic/SEO,2024-09-22,1,0,0.0
1744,Organic/SEO,2024-09-25,2,0,0.0
1744,Google Ads,2024-09-28,3,0,0.0
1744,LinkedIn Ads,2024-09-28,4,0,0.0
1745,Email,2024-08-23,1,0,0.0
1745,Cold Outbound,2024-08-26,2,0,0.0
1745,Content/Webinar,2024-08-29,3,0,0.0
1746,Email,2024-06-01,1,0,0.0
1747,Content/Webinar,2024-04-11,1,0,0.0
1747,Cold Outbound,2024-04-13,2,0,0.0
1748,Content/Webinar,2024-03-09,1,1,6765.2
1748,Content/Webinar,2024-03-13,2,1,6765.2
1748,Cold Outbound,2024-03-16,3,1,6765.2
1749,Content/Webinar,2024-05-14,1,0,0.0
1749,Google Ads,2024-05-16,2,0,0.0
1750,Organic/SEO,2024-05-06,1,0,0.0
1750,Organic/SEO,2024-05-10,2,0,0.0
1750,Organic/SEO,2024-05-13,3,0,0.0
1750,Google Ads,2024-05-18,4,0,0.0
1751,LinkedIn Ads,2024-09-06,1,0,0.0
1751,Email,2024-09-10,2,0,0.0
1751,Referral,2024-09-13,3,0,0.0
1752,Referral,2024-03-21,1,0,0.0
1752,Cold Outbound,2024-03-23,2,0,0.0
1753,LinkedIn Ads,2024-09-28,1,0,0.0
1753,Google Ads,2024-09-28,2,0,0.0
1753,Content/Webinar,2024-09-30,3,0,0.0
1754,Email,2024-02-07,1,1,4110.8
1754,Content/Webinar,2024-02-12,2,1,4110.8
1755,Google Ads,2024-03-04,1,0,0.0
1755,Organic/SEO,2024-03-07,2,0,0.0
1756,Cold Outbound,2024-07-12,1,0,0.0
1757,Google Ads,2024-04-22,1,0,0.0
1758,Content/Webinar,2024-05-19,1,1,14846.56
1759,Google Ads,2024-04-03,1,0,0.0
1759,Cold Outbound,2024-04-06,2,0,0.0
1759,Cold Outbound,2024-04-10,3,0,0.0
1760,Organic/SEO,2024-07-27,1,1,5491.64
1760,Email,2024-07-29,2,1,5491.64
1761,Email,2024-02-24,1,0,0.0
1761,Organic/SEO,2024-02-26,2,0,0.0
1762,Google Ads,2024-08-21,1,0,0.0
1762,Organic/SEO,2024-08-22,2,0,0.0
1762,Referral,2024-08-24,3,0,0.0
1763,Organic/SEO,2024-02-22,1,1,10986.02
1763,Email,2024-02-22,2,1,10986.02
1763,Google Ads,2024-02-22,3,1,10986.02
1763,LinkedIn Ads,2024-02-24,4,1,10986.02
1763,Content/Webinar,2024-02-29,5,1,10986.02
1764,Organic/SEO,2024-11-08,1,0,0.0
1764,Google Ads,2024-11-09,2,0,0.0
1764,Organic/SEO,2024-11-13,3,0,0.0
1765,Content/Webinar,2024-04-13,1,0,0.0
1766,Cold Outbound,2024-03-10,1,0,0.0
1767,Google Ads,2024-08-04,1,0,0.0
1767,Content/Webinar,2024-08-07,2,0,0.0
1767,Cold Outbound,2024-08-12,3,0,0.0
1768,LinkedIn Ads,2024-03-09,1,0,0.0
1768,LinkedIn Ads,2024-03-11,2,0,0.0
1768,Referral,2024-03-13,3,0,0.0
1769,LinkedIn Ads,2024-07-26,1,0,0.0
1769,Google Ads,2024-07-27,2,0,0.0
1770,Referral,2024-05-22,1,0,0.0
1770,Referral,2024-05-26,2,0,0.0
1770,Google Ads,2024-05-28,3,0,0.0
1771,Referral,2024-10-24,1,0,0.0
1772,Cold Outbound,2024-05-09,1,0,0.0
1772,LinkedIn Ads,2024-05-12,2,0,0.0
1772,Cold Outbound,2024-05-17,3,0,0.0
1772,Content/Webinar,2024-05-17,4,0,0.0
1772,LinkedIn Ads,2024-05-19,5,0,0.0
1773,Content/Webinar,2024-08-02,1,0,0.0
1774,Cold Outbound,2024-06-23,1,0,0.0
1774,Organic/SEO,2024-06-27,2,0,0.0
1775,Google Ads,2024-09-05,1,0,0.0
1776,Organic/SEO,2024-01-22,1,0,0.0
1776,Content/Webinar,2024-01-27,2,0,0.0
1777,Google Ads,2024-08-07,1,1,10339.83
1777,Cold Outbound,2024-08-11,2,1,10339.83
1777,Organic/SEO,2024-08-15,3,1,10339.83
1777,LinkedIn Ads,2024-08-15,4,1,10339.83
1778,Google Ads,2024-05-10,1,0,0.0
1778,Referral,2024-05-11,2,0,0.0
1778,Cold Outbound,2024-05-13,3,0,0.0
1778,Content/Webinar,2024-05-18,4,0,0.0
1779,Cold Outbound,2024-06-11,1,0,0.0
1779,Google Ads,2024-06-16,2,0,0.0
1779,Organic/SEO,2024-06-17,3,0,0.0
1779,Email,2024-06-19,4,0,0.0
1779,Cold Outbound,2024-06-21,5,0,0.0
1780,Cold Outbound,2024-05-04,1,0,0.0
1780,Referral,2024-05-04,2,0,0.0
1781,Email,2024-05-25,1,0,0.0
1781,Email,2024-05-25,2,0,0.0
1782,Content/Webinar,2024-01-25,1,0,0.0
1783,Referral,2024-08-10,1,0,0.0
1783,Cold Outbound,2024-08-10,2,0,0.0
1784,Content/Webinar,2024-03-28,1,0,0.0
1784,LinkedIn Ads,2024-03-29,2,0,0.0
1784,Cold Outbound,2024-03-30,3,0,0.0
1784,LinkedIn Ads,2024-04-03,4,0,0.0
1785,Content/Webinar,2024-05-07,1,0,0.0
1785,Referral,2024-05-11,2,0,0.0
1786,LinkedIn Ads,2024-03-09,1,1,4561.44
1787,Google Ads,2024-11-02,1,1,7401.41
1787,LinkedIn Ads,2024-11-06,2,1,7401.41
1788,Email,2024-10-25,1,0,0.0
1788,LinkedIn Ads,2024-10-25,2,0,0.0
1789,Content/Webinar,2024-09-20,1,1,9674.24
1789,LinkedIn Ads,2024-09-23,2,1,9674.24
1789,Email,2024-09-26,3,1,9674.24
1790,Cold Outbound,2024-11-15,1,1,6199.45
1790,Cold Outbound,2024-11-16,2,1,6199.45
1790,Content/Webinar,2024-11-20,3,1,6199.45
1790,LinkedIn Ads,2024-11-25,4,1,6199.45
1791,Content/Webinar,2024-07-16,1,0,0.0
1791,Google Ads,2024-07-19,2,0,0.0
1791,Organic/SEO,2024-07-22,3,0,0.0
1792,Content/Webinar,2024-10-17,1,1,4976.93
1793,Email,2024-06-27,1,0,0.0
1793,Organic/SEO,2024-06-28,2,0,0.0
1794,Email,2024-02-29,1,1,9446.67
1795,Google Ads,2024-06-06,1,0,0.0
1796,Google Ads,2024-07-31,1,0,0.0
1796,Google Ads,2024-08-04,2,0,0.0
1796,Email,2024-08-04,3,0,0.0
1796,LinkedIn Ads,2024-08-07,4,0,0.0
1797,Organic/SEO,2024-01-19,1,1,6756.27
1798,LinkedIn Ads,2024-04-29,1,0,0.0
1799,Google Ads,2024-03-29,1,0,0.0
1799,Referral,2024-03-29,2,0,0.0
1800,Google Ads,2024-05-28,1,1,3506.17
1800,Google Ads,2024-06-01,2,1,3506.17
1800,Google Ads,2024-06-06,3,1,3506.17
1800,Google Ads,2024-06-10,4,1,3506.17
1801,LinkedIn Ads,2024-05-20,1,0,0.0
1801,Google Ads,2024-05-22,2,0,0.0
1802,Organic/SEO,2024-06-20,1,0,0.0
1802,Cold Outbound,2024-06-22,2,0,0.0
1802,Organic/SEO,2024-06-26,3,0,0.0
1803,Organic/SEO,2024-05-13,1,0,0.0
1804,Google Ads,2024-10-07,1,1,14237.12
1804,Content/Webinar,2024-10-09,2,1,14237.12
1805,Cold Outbound,2024-05-18,1,0,0.0
1805,Cold Outbound,2024-05-22,2,0,0.0
1805,Email,2024-05-23,3,0,0.0
1806,Email,2024-04-12,1,0,0.0
1806,Cold Outbound,2024-04-15,2,0,0.0
1807,Organic/SEO,2024-10-05,1,0,0.0
1808,LinkedIn Ads,2024-06-21,1,0,0.0
1808,Organic/SEO,2024-06-25,2,0,0.0
1809,Cold Outbound,2024-05-26,1,0,0.0
1809,Google Ads,2024-05-27,2,0,0.0
1809,Email,2024-05-28,3,0,0.0
1810,Content/Webinar,2024-02-14,1,0,0.0
1810,Cold Outbound,2024-02-17,2,0,0.0
1811,Cold Outbound,2024-08-11,1,0,0.0
1811,Organic/SEO,2024-08-12,2,0,0.0
1812,LinkedIn Ads,2024-03-02,1,1,8325.81
1812,Content/Webinar,2024-03-05,2,1,8325.81
1812,Email,2024-03-10,3,1,8325.81
1812,Google Ads,2024-03-15,4,1,8325.81
1813,Email,2024-04-25,1,0,0.0
1813,LinkedIn Ads,2024-04-29,2,0,0.0
1813,Cold Outbound,2024-04-30,3,0,0.0
1814,LinkedIn Ads,2024-02-15,1,0,0.0
1814,Cold Outbound,2024-02-18,2,0,0.0
1814,Google Ads,2024-02-20,3,0,0.0
1815,Referral,2024-02-10,1,0,0.0
1816,Cold Outbound,2024-01-27,1,0,0.0
1816,Google Ads,2024-02-01,2,0,0.0
1817,Cold Outbound,2024-10-26,1,0,0.0
1817,Email,2024-10-30,2,0,0.0
1818,LinkedIn Ads,2024-04-26,1,1,6358.96
1819,Email,2024-03-13,1,0,0.0
1820,Cold Outbound,2024-07-20,1,0,0.0
1820,LinkedIn Ads,2024-07-20,2,0,0.0
1821,Google Ads,2024-06-06,1,0,0.0
1821,Cold Outbound,2024-06-11,2,0,0.0
1821,Email,2024-06-15,3,0,0.0
1821,Google Ads,2024-06-15,4,0,0.0
1821,Google Ads,2024-06-20,5,0,0.0
1822,LinkedIn Ads,2024-11-13,1,0,0.0
1822,LinkedIn Ads,2024-11-15,2,0,0.0
1822,Email,2024-11-16,3,0,0.0
1822,Cold Outbound,2024-11-18,4,0,0.0
1823,LinkedIn Ads,2024-06-12,1,0,0.0
1823,Google Ads,2024-06-13,2,0,0.0
1823,LinkedIn Ads,2024-06-16,3,0,0.0
1824,Cold Outbound,2024-09-16,1,0,0.0
1824,LinkedIn Ads,2024-09-20,2,0,0.0
1824,Organic/SEO,2024-09-23,3,0,0.0
1825,Email,2024-01-26,1,1,2668.24
1825,LinkedIn Ads,2024-01-29,2,1,2668.24
1825,Cold Outbound,2024-01-30,3,1,2668.24
1826,Google Ads,2024-10-23,1,0,0.0
1827,LinkedIn Ads,2024-09-15,1,1,10818.01
1828,Referral,2024-01-23,1,0,0.0
1828,Cold Outbound,2024-01-24,2,0,0.0
1828,Google Ads,2024-01-24,3,0,0.0
1829,Organic/SEO,2024-07-30,1,0,0.0
1830,LinkedIn Ads,2024-05-20,1,0,0.0
1830,LinkedIn Ads,2024-05-22,2,0,0.0
1830,Google Ads,2024-05-25,3,0,0.0
1830,Email,2024-05-30,4,0,0.0
1830,Content/Webinar,2024-06-03,5,0,0.0
1831,LinkedIn Ads,2024-09-25,1,0,0.0
1832,Organic/SEO,2024-02-01,1,0,0.0
1833,Organic/SEO,2024-09-17,1,0,0.0
1833,LinkedIn Ads,2024-09-17,2,0,0.0
1833,Referral,2024-09-17,3,0,0.0
1834,Cold Outbound,2024-08-11,1,1,11252.58
1834,LinkedIn Ads,2024-08-11,2,1,11252.58
1835,Organic/SEO,2024-01-17,1,0,0.0
1836,LinkedIn Ads,2024-05-21,1,0,0.0
1836,Content/Webinar,2024-05-23,2,0,0.0
1836,Google Ads,2024-05-25,3,0,0.0
1837,Google Ads,2024-07-27,1,0,0.0
1838,Cold Outbound,2024-04-04,1,0,0.0
1839,Cold Outbound,2024-01-01,1,0,0.0
1839,Email,2024-01-06,2,0,0.0
1839,Email,2024-01-07,3,0,0.0
1839,Email,2024-01-10,4,0,0.0
1840,Cold Outbound,2024-11-01,1,1,3649.15
1841,Cold Outbound,2024-01-28,1,0,0.0
1841,Google Ads,2024-01-29,2,0,0.0
1842,LinkedIn Ads,2024-03-06,1,0,0.0
1842,Organic/SEO,2024-03-10,2,0,0.0
1842,Email,2024-03-13,3,0,0.0
1843,Referral,2024-06-16,1,0,0.0
1843,Google Ads,2024-06-21,2,0,0.0
1843,Organic/SEO,2024-06-21,3,0,0.0
1844,Organic/SEO,2024-05-07,1,0,0.0
1844,Organic/SEO,2024-05-09,2,0,0.0
1845,Email,2024-07-09,1,0,0.0
1845,Content/Webinar,2024-07-13,2,0,0.0
1845,LinkedIn Ads,2024-07-14,3,0,0.0
1845,Email,2024-07-19,4,0,0.0
1846,Google Ads,2024-10-25,1,0,0.0
1847,Google Ads,2024-02-14,1,1,10947.91
1848,Organic/SEO,2024-02-12,1,0,0.0
1848,Email,2024-02-15,2,0,0.0
1848,Cold Outbound,2024-02-17,3,0,0.0
1849,Email,2024-03-01,1,0,0.0
1849,Google Ads,2024-03-03,2,0,0.0
1849,Google Ads,2024-03-07,3,0,0.0
1849,Google Ads,2024-03-07,4,0,0.0
1850,Google Ads,2024-10-31,1,0,0.0
1850,Google Ads,2024-10-31,2,0,0.0
1850,LinkedIn Ads,2024-11-02,3,0,0.0
1851,Google Ads,2024-01-06,1,0,0.0
1851,Organic/SEO,2024-01-06,2,0,0.0
1852,Content/Webinar,2024-05-15,1,0,0.0
1853,Cold Outbound,2024-02-26,1,0,0.0
1853,Cold Outbound,2024-02-26,2,0,0.0
1853,Google Ads,2024-03-01,3,0,0.0
1854,Cold Outbound,2024-06-08,1,0,0.0
1854,Google Ads,2024-06-08,2,0,0.0
1855,Content/Webinar,2024-02-06,1,0,0.0
1855,Email,2024-02-07,2,0,0.0
1855,Google Ads,2024-02-07,3,0,0.0
1856,Google Ads,2024-06-22,1,0,0.0
1856,LinkedIn Ads,2024-06-27,2,0,0.0
1856,Cold Outbound,2024-06-28,3,0,0.0
1857,Organic/SEO,2024-06-06,1,0,0.0
1857,Cold Outbound,2024-06-06,2,0,0.0
1857,LinkedIn Ads,2024-06-08,3,0,0.0
1858,Cold Outbound,2024-03-12,1,1,9922.83
1858,Organic/SEO,2024-03-17,2,1,9922.83
1859,Email,2024-05-29,1,0,0.0
1859,Content/Webinar,2024-05-31,2,0,0.0
1859,Cold Outbound,2024-06-05,3,0,0.0
1859,Cold Outbound,2024-06-08,4,0,0.0
1860,Google Ads,2024-04-01,1,0,0.0
1861,Email,2024-05-23,1,0,0.0
1861,Cold Outbound,2024-05-26,2,0,0.0
1861,LinkedIn Ads,2024-05-28,3,0,0.0
1861,LinkedIn Ads,2024-05-30,4,0,0.0
1862,Google Ads,2024-05-13,1,0,0.0
1862,Email,2024-05-17,2,0,0.0
1862,Organic/SEO,2024-05-17,3,0,0.0
1863,LinkedIn Ads,2024-02-27,1,0,0.0
1863,LinkedIn Ads,2024-02-29,2,0,0.0
1864,Cold Outbound,2024-07-21,1,0,0.0
1864,Content/Webinar,2024-07-21,2,0,0.0
1864,LinkedIn Ads,2024-07-22,3,0,0.0
1865,Cold Outbound,2024-09-26,1,0,0.0
1865,Email,2024-10-01,2,0,0.0
1866,Cold Outbound,2024-03-16,1,0,0.0
1867,Cold Outbound,2024-08-10,1,0,0.0
1867,Google Ads,2024-08-10,2,0,0.0
1867,Email,2024-08-12,3,0,0.0
1868,Google Ads,2024-05-04,1,0,0.0
1868,Organic/SEO,2024-05-07,2,0,0.0
1868,Organic/SEO,2024-05-10,3,0,0.0
1868,Cold Outbound,2024-05-10,4,0,0.0
1868,Content/Webinar,2024-05-12,5,0,0.0
1869,Cold Outbound,2024-08-20,1,0,0.0
1869,Google Ads,2024-08-22,2,0,0.0
1869,LinkedIn Ads,2024-08-25,3,0,0.0
1870,Google Ads,2024-10-29,1,0,0.0
1870,Organic/SEO,2024-11-02,2,0,0.0
1871,Organic/SEO,2024-01-22,1,0,0.0
1871,Organic/SEO,2024-01-23,2,0,0.0
1871,Cold Outbound,2024-01-26,3,0,0.0
1872,Cold Outbound,2024-01-28,1,0,0.0
1873,Google Ads,2024-10-24,1,0,0.0
1873,Cold Outbound,2024-10-29,2,0,0.0
1874,Email,2024-09-18,1,0,0.0
1874,LinkedIn Ads,2024-09-19,2,0,0.0
1874,Cold Outbound,2024-09-20,3,0,0.0
1875,Email,2024-07-21,1,0,0.0
1875,Cold Outbound,2024-07-23,2,0,0.0
1875,Content/Webinar,2024-07-28,3,0,0.0
1876,Email,2024-03-30,1,0,0.0
1876,LinkedIn Ads,2024-04-01,2,0,0.0
1876,Content/Webinar,2024-04-05,3,0,0.0
1877,Organic/SEO,2024-10-20,1,1,4763.39
1877,Google Ads,2024-10-20,2,1,4763.39
1877,Organic/SEO,2024-10-20,3,1,4763.39
1878,Organic/SEO,2024-02-29,1,0,0.0
1878,Google Ads,2024-03-01,2,0,0.0
1878,Cold Outbound,2024-03-04,3,0,0.0
1879,Content/Webinar,2024-06-01,1,0,0.0
1879,Email,2024-06-05,2,0,0.0
1879,LinkedIn Ads,2024-06-08,3,0,0.0
1880,LinkedIn Ads,2024-09-28,1,0,0.0
1880,Cold Outbound,2024-10-02,2,0,0.0
1880,Cold Outbound,2024-10-04,3,0,0.0
1881,LinkedIn Ads,2024-07-25,1,0,0.0
1881,Content/Webinar,2024-07-25,2,0,0.0
1881,Organic/SEO,2024-07-27,3,0,0.0
1881,Google Ads,2024-07-29,4,0,0.0
1882,Cold Outbound,2024-04-23,1,0,0.0
1882,Google Ads,2024-04-27,2,0,0.0
1882,Email,2024-05-01,3,0,0.0
1882,Content/Webinar,2024-05-02,4,0,0.0
1883,LinkedIn Ads,2024-06-01,1,0,0.0
1883,Google Ads,2024-06-03,2,0,0.0
1883,Google Ads,2024-06-07,3,0,0.0
1883,Cold Outbound,2024-06-08,4,0,0.0
1883,Email,2024-06-10,5,0,0.0
1884,Google Ads,2024-07-23,1,1,12749.52
1884,Referral,2024-07-25,2,1,12749.52
1885,Organic/SEO,2024-07-06,1,0,0.0
1886,Google Ads,2024-07-09,1,0,0.0
1886,Google Ads,2024-07-09,2,0,0.0
1886,Google Ads,2024-07-10,3,0,0.0
1886,Cold Outbound,2024-07-14,4,0,0.0
1886,LinkedIn Ads,2024-07-19,5,0,0.0
1887,Email,2024-11-23,1,0,0.0
1887,Email,2024-11-23,2,0,0.0
1888,Google Ads,2024-08-28,1,0,0.0
1888,Referral,2024-08-28,2,0,0.0
1888,Cold Outbound,2024-08-30,3,0,0.0
1888,Google Ads,2024-08-31,4,0,0.0
1888,LinkedIn Ads,2024-09-05,5,0,0.0
1889,Email,2024-03-21,1,0,0.0
1890,Google Ads,2024-03-29,1,0,0.0
1891,LinkedIn Ads,2024-11-17,1,0,0.0
1891,Cold Outbound,2024-11-21,2,0,0.0
1891,Cold Outbound,2024-11-23,3,0,0.0
1891,Organic/SEO,2024-11-24,4,0,0.0
1892,Organic/SEO,2024-07-12,1,1,5116.01
1892,Organic/SEO,2024-07-16,2,1,5116.01
1892,Email,2024-07-16,3,1,5116.01
1893,LinkedIn Ads,2024-09-22,1,0,0.0
1893,Content/Webinar,2024-09-22,2,0,0.0
1894,Google Ads,2024-04-21,1,0,0.0
1894,LinkedIn Ads,2024-04-26,2,0,0.0
1895,Organic/SEO,2024-06-03,1,0,0.0
1896,Google Ads,2024-01-03,1,0,0.0
1896,Content/Webinar,2024-01-08,2,0,0.0
1896,Referral,2024-01-09,3,0,0.0
1896,Organic/SEO,2024-01-13,4,0,0.0
1897,Content/Webinar,2024-05-11,1,0,0.0
1897,LinkedIn Ads,2024-05-16,2,0,0.0
1897,Organic/SEO,2024-05-16,3,0,0.0
1897,Email,2024-05-16,4,0,0.0
1897,Cold Outbound,2024-05-20,5,0,0.0
1898,LinkedIn Ads,2024-03-24,1,0,0.0
1899,Organic/SEO,2024-07-05,1,0,0.0
1900,LinkedIn Ads,2024-03-17,1,1,3501.49
1900,Email,2024-03-17,2,1,3501.49
1901,Google Ads,2024-08-21,1,1,4282.03
1901,Organic/SEO,2024-08-26,2,1,4282.03
1901,Email,2024-08-31,3,1,4282.03
1902,Organic/SEO,2024-07-24,1,0,0.0
1902,Google Ads,2024-07-28,2,0,0.0
1903,Email,2024-02-16,1,0,0.0
1903,Google Ads,2024-02-17,2,0,0.0
1903,Content/Webinar,2024-02-18,3,0,0.0
1904,Email,2024-08-15,1,0,0.0
1905,Google Ads,2024-03-24,1,0,0.0
1906,Cold Outbound,2024-09-15,1,0,0.0
1907,Google Ads,2024-03-19,1,0,0.0
1907,Content/Webinar,2024-03-21,2,0,0.0
1907,Google Ads,2024-03-22,3,0,0.0
1907,LinkedIn Ads,2024-03-24,4,0,0.0
1908,Cold Outbound,2024-02-05,1,0,0.0
1908,Organic/SEO,2024-02-09,2,0,0.0
1908,Google Ads,2024-02-13,3,0,0.0
1909,Google Ads,2024-08-12,1,0,0.0
1909,Email,2024-08-13,2,0,0.0
1910,Referral,2024-03-10,1,1,19815.18
1911,Email,2024-03-19,1,0,0.0
1911,Content/Webinar,2024-03-22,2,0,0.0
1911,Cold Outbound,2024-03-22,3,0,0.0
1911,Organic/SEO,2024-03-23,4,0,0.0
1911,Cold Outbound,2024-03-27,5,0,0.0
1912,Content/Webinar,2024-06-14,1,0,0.0
1912,Cold Outbound,2024-06-18,2,0,0.0
1912,Google Ads,2024-06-23,3,0,0.0
1913,LinkedIn Ads,2024-09-09,1,0,0.0
1914,Organic/SEO,2024-10-10,1,0,0.0
1915,LinkedIn Ads,2024-04-13,1,1,4456.79
1915,Google Ads,2024-04-17,2,1,4456.79
1915,Cold Outbound,2024-04-19,3,1,4456.79
1915,Organic/SEO,2024-04-19,4,1,4456.79
1916,Email,2024-11-19,1,1,10775.23
1916,LinkedIn Ads,2024-11-20,2,1,10775.23
1917,Cold Outbound,2024-11-10,1,0,0.0
1918,Google Ads,2024-11-05,1,0,0.0
1918,Google Ads,2024-11-05,2,0,0.0
1918,Cold Outbound,2024-11-10,3,0,0.0
1919,Cold Outbound,2024-10-09,1,0,0.0
1919,Referral,2024-10-12,2,0,0.0
1919,LinkedIn Ads,2024-10-12,3,0,0.0
1920,Organic/SEO,2024-08-26,1,0,0.0
1921,Cold Outbound,2024-07-22,1,0,0.0
1921,Email,2024-07-26,2,0,0.0
1921,Organic/SEO,2024-07-26,3,0,0.0
1921,Google Ads,2024-07-29,4,0,0.0
1922,Google Ads,2024-07-27,1,0,0.0
1923,Google Ads,2024-07-24,1,0,0.0
1923,Cold Outbound,2024-07-26,2,0,0.0
1923,LinkedIn Ads,2024-07-31,3,0,0.0
1923,Email,2024-08-01,4,0,0.0
1924,LinkedIn Ads,2024-11-15,1,0,0.0
1924,Organic/SEO,2024-11-19,2,0,0.0
1924,Email,2024-11-21,3,0,0.0
1924,Cold Outbound,2024-11-24,4,0,0.0
1925,Cold Outbound,2024-09-08,1,0,0.0
1925,LinkedIn Ads,2024-09-13,2,0,0.0
1925,LinkedIn Ads,2024-09-14,3,0,0.0
1925,Cold Outbound,2024-09-19,4,0,0.0
1925,Organic/SEO,2024-09-24,5,0,0.0
1926,Content/Webinar,2024-07-07,1,0,0.0
1926,LinkedIn Ads,2024-07-12,2,0,0.0
1927,LinkedIn Ads,2024-09-14,1,0,0.0
1927,Cold Outbound,2024-09-19,2,0,0.0
1928,Organic/SEO,2024-05-27,1,0,0.0
1928,Email,2024-05-30,2,0,0.0
1928,Organic/SEO,2024-06-04,3,0,0.0
1929,Content/Webinar,2024-07-11,1,1,11826.07
1930,Content/Webinar,2024-05-25,1,0,0.0
1931,Google Ads,2024-11-28,1,0,0.0
1931,Google Ads,2024-11-30,2,0,0.0
1931,LinkedIn Ads,2024-12-05,3,0,0.0
1931,Organic/SEO,2024-12-05,4,0,0.0
1932,LinkedIn Ads,2024-10-02,1,0,0.0
1932,Cold Outbound,2024-10-05,2,0,0.0
1932,Cold Outbound,2024-10-05,3,0,0.0
1933,Google Ads,2024-01-13,1,0,0.0
1933,Content/Webinar,2024-01-18,2,0,0.0
1933,Cold Outbound,2024-01-21,3,0,0.0
1933,Google Ads,2024-01-24,4,0,0.0
1933,Email,2024-01-27,5,0,0.0
1934,Cold Outbound,2024-10-11,1,0,0.0
1935,Email,2024-10-09,1,0,0.0
1935,Content/Webinar,2024-10-13,2,0,0.0
1936,Cold Outbound,2024-11-15,1,0,0.0
1936,Google Ads,2024-11-19,2,0,0.0
1936,Organic/SEO,2024-11-21,3,0,0.0
1936,Google Ads,2024-11-23,4,0,0.0
1936,Referral,2024-11-23,5,0,0.0
1937,Cold Outbound,2024-11-07,1,0,0.0
1938,Cold Outbound,2024-05-14,1,0,0.0
1938,LinkedIn Ads,2024-05-19,2,0,0.0
1938,Email,2024-05-21,3,0,0.0
1938,LinkedIn Ads,2024-05-26,4,0,0.0
1939,Organic/SEO,2024-09-13,1,0,0.0
1939,Google Ads,2024-09-18,2,0,0.0
1939,Cold Outbound,2024-09-21,3,0,0.0
1940,Content/Webinar,2024-05-29,1,0,0.0
1941,Email,2024-01-27,1,1,6731.68
1941,Email,2024-01-28,2,1,6731.68
1941,Google Ads,2024-01-31,3,1,6731.68
1941,Organic/SEO,2024-02-05,4,1,6731.68
1942,Organic/SEO,2024-05-01,1,0,0.0
1942,Organic/SEO,2024-05-02,2,0,0.0
1943,Email,2024-05-14,1,0,0.0
1943,Email,2024-05-14,2,0,0.0
1943,Email,2024-05-14,3,0,0.0
1943,Cold Outbound,2024-05-19,4,0,0.0
1944,Email,2024-03-06,1,0,0.0
1944,Content/Webinar,2024-03-09,2,0,0.0
1944,LinkedIn Ads,2024-03-14,3,0,0.0
1944,Organic/SEO,2024-03-18,4,0,0.0
1944,Google Ads,2024-03-22,5,0,0.0
1945,Cold Outbound,2024-03-05,1,0,0.0
1945,Google Ads,2024-03-08,2,0,0.0
1946,LinkedIn Ads,2024-07-15,1,1,9528.49
1946,Organic/SEO,2024-07-20,2,1,9528.49
1946,Google Ads,2024-07-22,3,1,9528.49
1947,Google Ads,2024-06-24,1,0,0.0
1948,Content/Webinar,2024-02-22,1,0,0.0
1948,Google Ads,2024-02-23,2,0,0.0
1948,Google Ads,2024-02-24,3,0,0.0
1948,Cold Outbound,2024-02-24,4,0,0.0
1949,Email,2024-09-23,1,1,5975.46
1949,Email,2024-09-27,2,1,5975.46
1950,LinkedIn Ads,2024-06-22,1,0,0.0
1950,Organic/SEO,2024-06-22,2,0,0.0
1950,Email,2024-06-24,3,0,0.0
1951,LinkedIn Ads,2024-06-12,1,0,0.0
1951,Google Ads,2024-06-13,2,0,0.0
1951,Content/Webinar,2024-06-13,3,0,0.0
1951,Cold Outbound,2024-06-15,4,0,0.0
1952,Google Ads,2024-11-09,1,0,0.0
1953,Cold Outbound,2024-03-21,1,0,0.0
1954,Cold Outbound,2024-09-13,1,0,0.0
1954,Cold Outbound,2024-09-14,2,0,0.0
1954,LinkedIn Ads,2024-09-14,3,0,0.0
1954,Organic/SEO,2024-09-15,4,0,0.0
1955,Content/Webinar,2024-05-19,1,1,4531.21
1956,Google Ads,2024-08-15,1,0,0.0
1957,Organic/SEO,2024-09-03,1,0,0.0
1958,Cold Outbound,2024-09-07,1,0,0.0
1959,Organic/SEO,2024-09-11,1,0,0.0
1960,Cold Outbound,2024-03-03,1,0,0.0
1961,Referral,2024-05-19,1,0,0.0
1961,Cold Outbound,2024-05-23,2,0,0.0
1961,Google Ads,2024-05-26,3,0,0.0
1962,Cold Outbound,2024-01-24,1,0,0.0
1962,LinkedIn Ads,2024-01-28,2,0,0.0
1962,LinkedIn Ads,2024-02-01,3,0,0.0
1962,Email,2024-02-02,4,0,0.0
1963,Referral,2024-11-02,1,0,0.0
1964,Content/Webinar,2024-06-27,1,0,0.0
1964,Email,2024-06-28,2,0,0.0
1964,Cold Outbound,2024-07-01,3,0,0.0
1964,LinkedIn Ads,2024-07-03,4,0,0.0
1965,Google Ads,2024-04-13,1,0,0.0
1966,Referral,2024-07-16,1,0,0.0
1966,Organic/SEO,2024-07-17,2,0,0.0
1966,Organic/SEO,2024-07-17,3,0,0.0
1967,Google Ads,2024-10-21,1,1,4300.24
1968,Google Ads,2024-02-29,1,0,0.0
1968,Cold Outbound,2024-03-05,2,0,0.0
1969,Email,2024-02-12,1,0,0.0
1969,Content/Webinar,2024-02-17,2,0,0.0
1969,Content/Webinar,2024-02-17,3,0,0.0
1970,LinkedIn Ads,2024-06-23,1,0,0.0
1970,Google Ads,2024-06-25,2,0,0.0
1971,LinkedIn Ads,2024-02-18,1,0,0.0
1972,Google Ads,2024-02-02,1,0,0.0
1973,Content/Webinar,2024-11-20,1,0,0.0
1973,Cold Outbound,2024-11-24,2,0,0.0
1973,Content/Webinar,2024-11-27,3,0,0.0
1974,Google Ads,2024-09-03,1,0,0.0
1974,Google Ads,2024-09-06,2,0,0.0
1975,LinkedIn Ads,2024-02-15,1,0,0.0
1976,LinkedIn Ads,2024-11-02,1,0,0.0
1976,Organic/SEO,2024-11-05,2,0,0.0
1976,LinkedIn Ads,2024-11-08,3,0,0.0
1976,Organic/SEO,2024-11-10,4,0,0.0
1977,Organic/SEO,2024-08-15,1,1,5064.07
1978,LinkedIn Ads,2024-06-06,1,0,0.0
1978,Organic/SEO,2024-06-10,2,0,0.0
1979,Organic/SEO,2024-07-05,1,0,0.0
1979,Content/Webinar,2024-07-07,2,0,0.0
1980,Content/Webinar,2024-02-15,1,0,0.0
1980,Organic/SEO,2024-02-19,2,0,0.0
1980,Email,2024-02-20,3,0,0.0
1981,Content/Webinar,2024-10-26,1,1,5392.4
1982,Email,2024-04-27,1,0,0.0
1982,Content/Webinar,2024-04-28,2,0,0.0
1983,Cold Outbound,2024-07-20,1,0,0.0
1984,Cold Outbound,2024-10-10,1,0,0.0
1984,Email,2024-10-10,2,0,0.0
1984,Organic/SEO,2024-10-13,3,0,0.0
1984,Cold Outbound,2024-10-16,4,0,0.0
1984,Email,2024-10-21,5,0,0.0
1985,Cold Outbound,2024-06-11,1,0,0.0
1985,Google Ads,2024-06-12,2,0,0.0
1985,Google Ads,2024-06-15,3,0,0.0
1986,Cold Outbound,2024-07-10,1,0,0.0
1986,Google Ads,2024-07-10,2,0,0.0
1986,LinkedIn Ads,2024-07-11,3,0,0.0
1986,Organic/SEO,2024-07-12,4,0,0.0
1986,Cold Outbound,2024-07-17,5,0,0.0
1987,Organic/SEO,2024-05-14,1,0,0.0
1987,Content/Webinar,2024-05-19,2,0,0.0
1988,Google Ads,2024-03-15,1,0,0.0
1989,Email,2024-06-17,1,0,0.0
1989,LinkedIn Ads,2024-06-22,2,0,0.0
1990,Google Ads,2024-05-13,1,0,0.0
1990,Content/Webinar,2024-05-17,2,0,0.0
1991,Cold Outbound,2024-02-25,1,0,0.0
1991,Email,2024-02-25,2,0,0.0
1991,Email,2024-02-28,3,0,0.0
1992,LinkedIn Ads,2024-01-12,1,0,0.0
1992,Organic/SEO,2024-01-14,2,0,0.0
1993,Organic/SEO,2024-07-23,1,0,0.0
1993,Google Ads,2024-07-27,2,0,0.0
1994,Email,2024-06-21,1,0,0.0
1995,Email,2024-09-23,1,0,0.0
1996,Content/Webinar,2024-01-14,1,0,0.0
1996,LinkedIn Ads,2024-01-16,2,0,0.0
1997,Cold Outbound,2024-11-03,1,0,0.0
1998,Email,2024-03-04,1,0,0.0
1998,Google Ads,2024-03-08,2,0,0.0
1998,Cold Outbound,2024-03-10,3,0,0.0
1998,Organic/SEO,2024-03-13,4,0,0.0
1999,Email,2024-09-28,1,0,0.0
2000,Content/Webinar,2024-02-12,1,0,0.0
2001,LinkedIn Ads,2024-04-18,1,0,0.0
2001,Organic/SEO,2024-04-21,2,0,0.0
2002,LinkedIn Ads,2024-09-17,1,0,0.0
2002,Email,2024-09-18,2,0,0.0
2003,Organic/SEO,2024-05-18,1,0,0.0
2003,Organic/SEO,2024-05-20,2,0,0.0
2003,Email,2024-05-24,3,0,0.0
2004,Google Ads,2024-08-21,1,0,0.0
2004,Cold Outbound,2024-08-23,2,0,0.0
2004,Google Ads,2024-08-28,3,0,0.0
2004,Content/Webinar,2024-09-02,4,0,0.0
2005,Organic/SEO,2024-09-18,1,0,0.0
2006,Google Ads,2024-04-15,1,0,0.0
2006,Email,2024-04-18,2,0,0.0
2007,Content/Webinar,2024-01-19,1,0,0.0
2008,Google Ads,2024-09-29,1,0,0.0
2008,Google Ads,2024-10-04,2,0,0.0
2008,LinkedIn Ads,2024-10-08,3,0,0.0
2008,Cold Outbound,2024-10-13,4,0,0.0
2008,Cold Outbound,2024-10-13,5,0,0.0
2009,Content/Webinar,2024-04-29,1,0,0.0
2010,Content/Webinar,2024-08-18,1,0,0.0
2011,Referral,2024-06-12,1,0,0.0
2012,LinkedIn Ads,2024-08-28,1,0,0.0
2012,Email,2024-08-30,2,0,0.0
2013,Email,2024-03-20,1,0,0.0
2013,Organic/SEO,2024-03-22,2,0,0.0
2013,Organic/SEO,2024-03-23,3,0,0.0
2013,Content/Webinar,2024-03-25,4,0,0.0
2014,Google Ads,2024-01-09,1,0,0.0
2015,Cold Outbound,2024-04-27,1,1,10185.19
2015,Email,2024-04-27,2,1,10185.19
2015,Content/Webinar,2024-05-01,3,1,10185.19
2015,Google Ads,2024-05-02,4,1,10185.19
2016,LinkedIn Ads,2024-08-14,1,0,0.0
2017,Cold Outbound,2024-05-21,1,0,0.0
2018,Email,2024-04-13,1,0,0.0
2018,Cold Outbound,2024-04-17,2,0,0.0
2019,Referral,2024-03-26,1,1,5681.6
2019,Content/Webinar,2024-03-26,2,1,5681.6
2020,Google Ads,2024-05-06,1,0,0.0
2020,Cold Outbound,2024-05-06,2,0,0.0
2020,Google Ads,2024-05-11,3,0,0.0
2020,Google Ads,2024-05-15,4,0,0.0
2021,Cold Outbound,2024-06-07,1,0,0.0
2021,Cold Outbound,2024-06-08,2,0,0.0
2022,Referral,2024-09-15,1,1,19814.12
2023,Referral,2024-01-10,1,0,0.0
2023,Cold Outbound,2024-01-11,2,0,0.0
2024,LinkedIn Ads,2024-06-26,1,0,0.0
2024,LinkedIn Ads,2024-06-30,2,0,0.0
2025,LinkedIn Ads,2024-07-23,1,0,0.0
2025,Referral,2024-07-28,2,0,0.0
2026,Cold Outbound,2024-10-13,1,0,0.0
2027,Organic/SEO,2024-08-14,1,0,0.0
2028,Organic/SEO,2024-04-27,1,1,12609.2
2028,LinkedIn Ads,2024-04-27,2,1,12609.2
2029,Cold Outbound,2024-05-14,1,0,0.0
2030,Google Ads,2024-10-30,1,0,0.0
2031,Content/Webinar,2024-09-13,1,1,6660.29
2031,Content/Webinar,2024-09-17,2,1,6660.29
2032,Organic/SEO,2024-08-30,1,0,0.0
2032,Google Ads,2024-09-02,2,0,0.0
2033,Email,2024-09-25,1,0,0.0
2034,Google Ads,2024-08-03,1,0,0.0
2034,LinkedIn Ads,2024-08-05,2,0,0.0
2035,Content/Webinar,2024-10-28,1,0,0.0
2035,Cold Outbound,2024-10-28,2,0,0.0
2035,LinkedIn Ads,2024-11-02,3,0,0.0
2036,Cold Outbound,2024-08-22,1,0,0.0
2037,Cold Outbound,2024-05-23,1,0,0.0
2037,LinkedIn Ads,2024-05-24,2,0,0.0
2037,Email,2024-05-26,3,0,0.0
2038,Google Ads,2024-02-21,1,0,0.0
2038,Email,2024-02-25,2,0,0.0
2039,Email,2024-07-16,1,0,0.0
2039,Cold Outbound,2024-07-21,2,0,0.0
2039,Cold Outbound,2024-07-22,3,0,0.0
2039,Content/Webinar,2024-07-22,4,0,0.0
2039,Email,2024-07-25,5,0,0.0
2040,Google Ads,2024-10-16,1,0,0.0
2040,Email,2024-10-18,2,0,0.0
2041,Google Ads,2024-03-19,1,0,0.0
2041,Organic/SEO,2024-03-20,2,0,0.0
2041,Content/Webinar,2024-03-21,3,0,0.0
2041,Organic/SEO,2024-03-26,4,0,0.0
2041,Email,2024-03-30,5,0,0.0
2042,Email,2024-08-11,1,0,0.0
2043,Content/Webinar,2024-10-28,1,0,0.0
2043,Cold Outbound,2024-10-29,2,0,0.0
2043,Content/Webinar,2024-11-03,3,0,0.0
2044,Google Ads,2024-11-26,1,0,0.0
2045,Referral,2024-08-07,1,0,0.0
2046,Google Ads,2024-01-27,1,0,0.0
2047,Email,2024-04-18,1,0,0.0
2048,Google Ads,2024-02-18,1,0,0.0
2049,Google Ads,2024-03-05,1,0,0.0
2049,Cold Outbound,2024-03-06,2,0,0.0
2050,Email,2024-09-14,1,0,0.0
2050,Google Ads,2024-09-14,2,0,0.0
2050,Google Ads,2024-09-14,3,0,0.0
2050,LinkedIn Ads,2024-09-16,4,0,0.0
2050,Organic/SEO,2024-09-20,5,0,0.0
2051,Cold Outbound,2024-06-19,1,0,0.0
2051,Cold Outbound,2024-06-22,2,0,0.0
2051,Google Ads,2024-06-22,3,0,0.0
2052,LinkedIn Ads,2024-05-13,1,0,0.0
2052,Organic/SEO,2024-05-15,2,0,0.0
2052,LinkedIn Ads,2024-05-17,3,0,0.0
2053,LinkedIn Ads,2024-04-22,1,0,0.0
2053,LinkedIn Ads,2024-04-23,2,0,0.0
2054,Email,2024-07-06,1,0,0.0
2054,Google Ads,2024-07-08,2,0,0.0
2054,Content/Webinar,2024-07-13,3,0,0.0
2055,Email,2024-02-26,1,0,0.0
2055,Email,2024-03-01,2,0,0.0
2056,Cold Outbound,2024-06-07,1,0,0.0
2056,Email,2024-06-09,2,0,0.0
2056,Google Ads,2024-06-09,3,0,0.0
2057,Referral,2024-07-31,1,0,0.0
2057,Organic/SEO,2024-07-31,2,0,0.0
2057,Organic/SEO,2024-08-05,3,0,0.0
2058,Email,2024-01-05,1,0,0.0
2058,Email,2024-01-10,2,0,0.0
2059,Cold Outbound,2024-05-17,1,0,0.0
2059,Organic/SEO,2024-05-20,2,0,0.0
2059,Organic/SEO,2024-05-24,3,0,0.0
2059,LinkedIn Ads,2024-05-25,4,0,0.0
2060,Organic/SEO,2024-03-04,1,0,0.0
2061,LinkedIn Ads,2024-04-12,1,0,0.0
2061,Cold Outbound,2024-04-17,2,0,0.0
2061,Cold Outbound,2024-04-19,3,0,0.0
2062,LinkedIn Ads,2024-01-14,1,0,0.0
2063,Content/Webinar,2024-02-09,1,0,0.0
2063,LinkedIn Ads,2024-02-13,2,0,0.0
2064,Content/Webinar,2024-08-05,1,0,0.0
2065,Cold Outbound,2024-06-25,1,0,0.0
2065,Email,2024-06-30,2,0,0.0
2065,Google Ads,2024-06-30,3,0,0.0
2065,LinkedIn Ads,2024-06-30,4,0,0.0
2066,Email,2024-08-10,1,0,0.0
2066,Content/Webinar,2024-08-12,2,0,0.0
2066,Content/Webinar,2024-08-17,3,0,0.0
2067,Cold Outbound,2024-08-18,1,0,0.0
2068,Content/Webinar,2024-10-20,1,0,0.0
2068,Cold Outbound,2024-10-22,2,0,0.0
2068,Cold Outbound,2024-10-23,3,0,0.0
2068,Cold Outbound,2024-10-27,4,0,0.0
2068,Cold Outbound,2024-10-27,5,0,0.0
2069,Organic/SEO,2024-07-11,1,0,0.0
2069,Email,2024-07-14,2,0,0.0
2069,Cold Outbound,2024-07-15,3,0,0.0
2069,Organic/SEO,2024-07-18,4,0,0.0
2069,Content/Webinar,2024-07-22,5,0,0.0
2070,Google Ads,2024-11-21,1,0,0.0
2071,Cold Outbound,2024-07-07,1,0,0.0
2071,Email,2024-07-08,2,0,0.0
2071,Organic/SEO,2024-07-11,3,0,0.0
2072,Content/Webinar,2024-02-24,1,1,10491.6
2072,Content/Webinar,2024-02-29,2,1,10491.6
2073,Referral,2024-03-08,1,0,0.0
2073,Organic/SEO,2024-03-11,2,0,0.0
2073,Email,2024-03-13,3,0,0.0
2074,Referral,2024-04-23,1,1,13873.7
2075,Cold Outbound,2024-01-11,1,0,0.0
2075,Content/Webinar,2024-01-14,2,0,0.0
2076,Google Ads,2024-07-30,1,0,0.0
2076,Referral,2024-07-31,2,0,0.0
2076,Google Ads,2024-07-31,3,0,0.0
2077,Google Ads,2024-09-14,1,0,0.0
2077,Google Ads,2024-09-14,2,0,0.0
2077,Organic/SEO,2024-09-18,3,0,0.0
2078,Email,2024-06-09,1,0,0.0
2078,Organic/SEO,2024-06-10,2,0,0.0
2079,Google Ads,2024-07-02,1,0,0.0
2079,Google Ads,2024-07-06,2,0,0.0
2080,LinkedIn Ads,2024-06-28,1,0,0.0
2080,Organic/SEO,2024-07-03,2,0,0.0
2080,Cold Outbound,2024-07-08,3,0,0.0
2081,LinkedIn Ads,2024-06-04,1,0,0.0
2081,Google Ads,2024-06-09,2,0,0.0
2081,Google Ads,2024-06-11,3,0,0.0
2081,Organic/SEO,2024-06-11,4,0,0.0
2081,Content/Webinar,2024-06-15,5,0,0.0
2082,Google Ads,2024-10-20,1,0,0.0
2082,Google Ads,2024-10-22,2,0,0.0
2082,Organic/SEO,2024-10-26,3,0,0.0
2083,Content/Webinar,2024-03-01,1,0,0.0
2084,Email,2024-10-21,1,0,0.0
2084,Organic/SEO,2024-10-24,2,0,0.0
2084,Cold Outbound,2024-10-29,3,0,0.0
2085,Cold Outbound,2024-11-03,1,0,0.0
2086,LinkedIn Ads,2024-10-02,1,0,0.0
2086,Email,2024-10-06,2,0,0.0
2086,LinkedIn Ads,2024-10-08,3,0,0.0
2087,Content/Webinar,2024-06-19,1,0,0.0
2088,Cold Outbound,2024-06-05,1,0,0.0
2088,Organic/SEO,2024-06-06,2,0,0.0
2089,Google Ads,2024-06-01,1,0,0.0
2089,LinkedIn Ads,2024-06-06,2,0,0.0
2090,Cold Outbound,2024-09-04,1,0,0.0
2090,Email,2024-09-08,2,0,0.0
2090,LinkedIn Ads,2024-09-13,3,0,0.0
2090,Email,2024-09-14,4,0,0.0
2091,Google Ads,2024-06-29,1,1,7086.29
2092,Google Ads,2024-08-17,1,0,0.0
2092,Referral,2024-08-18,2,0,0.0
2093,Cold Outbound,2024-01-17,1,0,0.0
2093,LinkedIn Ads,2024-01-21,2,0,0.0
2093,Cold Outbound,2024-01-22,3,0,0.0
2094,Content/Webinar,2024-04-22,1,1,7768.71
2094,Google Ads,2024-04-25,2,1,7768.71
2094,Referral,2024-04-28,3,1,7768.71
2094,LinkedIn Ads,2024-05-02,4,1,7768.71
2094,Content/Webinar,2024-05-07,5,1,7768.71
2095,Email,2024-01-12,1,0,0.0
2096,Email,2024-04-22,1,0,0.0
2097,Google Ads,2024-06-01,1,0,0.0
2098,Email,2024-04-23,1,0,0.0
2098,Google Ads,2024-04-28,2,0,0.0
2098,Cold Outbound,2024-04-29,3,0,0.0
2098,Cold Outbound,2024-04-30,4,0,0.0
2099,Google Ads,2024-08-05,1,0,0.0
2099,Google Ads,2024-08-09,2,0,0.0
2099,Cold Outbound,2024-08-14,3,0,0.0
2099,Email,2024-08-18,4,0,0.0
2100,Organic/SEO,2024-06-01,1,0,0.0
2100,Email,2024-06-05,2,0,0.0
2100,Email,2024-06-08,3,0,0.0
2101,LinkedIn Ads,2024-08-26,1,0,0.0
2101,Content/Webinar,2024-08-31,2,0,0.0
2101,Google Ads,2024-09-05,3,0,0.0
2102,Cold Outbound,2024-08-02,1,0,0.0
2102,Email,2024-08-04,2,0,0.0
2102,Google Ads,2024-08-06,3,0,0.0
2102,LinkedIn Ads,2024-08-07,4,0,0.0
2103,Google Ads,2024-05-05,1,0,0.0
2104,Email,2024-02-17,1,1,7953.2
2104,Cold Outbound,2024-02-22,2,1,7953.2
2105,Google Ads,2024-05-27,1,1,9030.28
2105,Google Ads,2024-05-29,2,1,9030.28
2105,Content/Webinar,2024-05-30,3,1,9030.28
2105,Google Ads,2024-05-30,4,1,9030.28
2106,Organic/SEO,2024-06-11,1,1,9485.46
2107,LinkedIn Ads,2024-03-06,1,0,0.0
2108,Cold Outbound,2024-04-20,1,0,0.0
2109,Organic/SEO,2024-02-29,1,0,0.0
2110,Cold Outbound,2024-01-25,1,0,0.0
2111,Email,2024-01-16,1,0,0.0
2112,Content/Webinar,2024-03-06,1,0,0.0
2112,Organic/SEO,2024-03-09,2,0,0.0
2113,Organic/SEO,2024-11-08,1,0,0.0
2113,Cold Outbound,2024-11-10,2,0,0.0
2113,Email,2024-11-14,3,0,0.0
2113,Content/Webinar,2024-11-17,4,0,0.0
2114,Google Ads,2024-01-20,1,0,0.0
2114,LinkedIn Ads,2024-01-21,2,0,0.0
2114,Email,2024-01-26,3,0,0.0
2114,Content/Webinar,2024-01-28,4,0,0.0
2115,Cold Outbound,2024-02-28,1,0,0.0
2116,Cold Outbound,2024-09-07,1,1,8302.44
2116,Content/Webinar,2024-09-12,2,1,8302.44
2117,Cold Outbound,2024-01-16,1,0,0.0
2118,Organic/SEO,2024-10-31,1,0,0.0
2119,Referral,2024-06-27,1,0,0.0
2119,Google Ads,2024-06-30,2,0,0.0
2120,Email,2024-07-16,1,0,0.0
2120,LinkedIn Ads,2024-07-17,2,0,0.0
2121,Content/Webinar,2024-06-06,1,0,0.0
2121,Email,2024-06-09,2,0,0.0
2121,Cold Outbound,2024-06-10,3,0,0.0
2122,Content/Webinar,2024-06-26,1,1,2727.5
2122,Cold Outbound,2024-06-29,2,1,2727.5
2123,Google Ads,2024-11-03,1,0,0.0
2123,Email,2024-11-06,2,0,0.0
2123,LinkedIn Ads,2024-11-10,3,0,0.0
2124,Content/Webinar,2024-03-06,1,0,0.0
2125,Email,2024-05-26,1,0,0.0
2125,Cold Outbound,2024-05-31,2,0,0.0
2126,Google Ads,2024-05-09,1,0,0.0
2127,Email,2024-08-10,1,0,0.0
2127,Email,2024-08-15,2,0,0.0
2127,Organic/SEO,2024-08-15,3,0,0.0
2128,Content/Webinar,2024-01-29,1,0,0.0
2128,Email,2024-01-29,2,0,0.0
2128,Content/Webinar,2024-02-01,3,0,0.0
2129,Cold Outbound,2024-06-18,1,0,0.0
2129,Content/Webinar,2024-06-20,2,0,0.0
2130,Email,2024-02-17,1,1,7916.98
2130,Google Ads,2024-02-20,2,1,7916.98
2130,Cold Outbound,2024-02-24,3,1,7916.98
2130,Google Ads,2024-02-24,4,1,7916.98
2131,Organic/SEO,2024-03-27,1,0,0.0
2131,Organic/SEO,2024-03-29,2,0,0.0
2132,Email,2024-02-15,1,0,0.0
2132,Content/Webinar,2024-02-20,2,0,0.0
2133,Email,2024-10-23,1,0,0.0
2134,Google Ads,2024-05-18,1,1,9001.06
2134,Google Ads,2024-05-19,2,1,9001.06
2134,Content/Webinar,2024-05-20,3,1,9001.06
2135,Google Ads,2024-11-15,1,0,0.0
2135,Organic/SEO,2024-11-18,2,0,0.0
2136,Google Ads,2024-07-14,1,0,0.0
2136,Content/Webinar,2024-07-16,2,0,0.0
2137,Organic/SEO,2024-03-02,1,0,0.0
2137,Cold Outbound,2024-03-06,2,0,0.0
2137,Cold Outbound,2024-03-11,3,0,0.0
2138,Cold Outbound,2024-04-09,1,0,0.0
2139,Email,2024-01-29,1,0,0.0
2140,LinkedIn Ads,2024-09-23,1,0,0.0
2140,Google Ads,2024-09-23,2,0,0.0
2141,Google Ads,2024-10-02,1,0,0.0
2141,Cold Outbound,2024-10-02,2,0,0.0
2142,Email,2024-02-20,1,0,0.0
2143,LinkedIn Ads,2024-07-01,1,0,0.0
2144,LinkedIn Ads,2024-01-13,1,0,0.0
2144,Google Ads,2024-01-13,2,0,0.0
2144,Content/Webinar,2024-01-17,3,0,0.0
2144,Cold Outbound,2024-01-20,4,0,0.0
2145,Google Ads,2024-02-09,1,0,0.0
2146,Content/Webinar,2024-09-28,1,0,0.0
2146,Content/Webinar,2024-10-03,2,0,0.0
2146,LinkedIn Ads,2024-10-06,3,0,0.0
2147,Cold Outbound,2024-04-02,1,0,0.0
2147,Organic/SEO,2024-04-03,2,0,0.0
2148,Email,2024-07-03,1,0,0.0
2148,Cold Outbound,2024-07-07,2,0,0.0
2149,Cold Outbound,2024-04-20,1,0,0.0
2149,Cold Outbound,2024-04-20,2,0,0.0
2150,Referral,2024-07-29,1,1,8886.43
2150,Organic/SEO,2024-07-29,2,1,8886.43
2151,Content/Webinar,2024-02-19,1,0,0.0
2152,Content/Webinar,2024-07-04,1,0,0.0
2153,Google Ads,2024-02-18,1,0,0.0
2153,Cold Outbound,2024-02-19,2,0,0.0
2154,LinkedIn Ads,2024-09-07,1,0,0.0
2154,Google Ads,2024-09-09,2,0,0.0
2154,Email,2024-09-10,3,0,0.0
2154,Email,2024-09-12,4,0,0.0
2155,Google Ads,2024-02-19,1,0,0.0
2156,Content/Webinar,2024-06-14,1,0,0.0
2156,Email,2024-06-16,2,0,0.0
2157,Google Ads,2024-01-21,1,0,0.0
2157,LinkedIn Ads,2024-01-25,2,0,0.0
2157,Google Ads,2024-01-28,3,0,0.0
2158,LinkedIn Ads,2024-01-23,1,0,0.0
2159,LinkedIn Ads,2024-08-13,1,0,0.0
2159,Cold Outbound,2024-08-13,2,0,0.0
2159,Organic/SEO,2024-08-14,3,0,0.0
2160,Organic/SEO,2024-11-01,1,0,0.0
2160,Cold Outbound,2024-11-03,2,0,0.0
2160,Google Ads,2024-11-07,3,0,0.0
2161,Cold Outbound,2024-04-28,1,0,0.0
2161,Cold Outbound,2024-05-01,2,0,0.0
2162,LinkedIn Ads,2024-10-16,1,1,4575.36
2162,Email,2024-10-16,2,1,4575.36
2162,Content/Webinar,2024-10-21,3,1,4575.36
2163,Google Ads,2024-09-10,1,0,0.0
2163,Referral,2024-09-14,2,0,0.0
2163,Email,2024-09-16,3,0,0.0
2163,Google Ads,2024-09-19,4,0,0.0
2164,Google Ads,2024-06-05,1,1,7058.01
2165,Content/Webinar,2024-01-18,1,0,0.0
2166,Organic/SEO,2024-02-17,1,0,0.0
2167,Email,2024-05-25,1,1,10605.28
2167,Cold Outbound,2024-05-28,2,1,10605.28
2167,Google Ads,2024-06-02,3,1,10605.28
2168,Organic/SEO,2024-08-06,1,0,0.0
2168,Google Ads,2024-08-06,2,0,0.0
2168,Organic/SEO,2024-08-11,3,0,0.0
2168,LinkedIn Ads,2024-08-15,4,0,0.0
2168,Google Ads,2024-08-17,5,0,0.0
2169,Organic/SEO,2024-05-16,1,1,4618.44
2169,Google Ads,2024-05-20,2,1,4618.44
2169,Google Ads,2024-05-22,3,1,4618.44
2170,Content/Webinar,2024-11-28,1,0,0.0
2171,Email,2024-01-05,1,0,0.0
2171,Google Ads,2024-01-10,2,0,0.0
2171,Email,2024-01-15,3,0,0.0
2171,Email,2024-01-18,4,0,0.0
2172,LinkedIn Ads,2024-09-25,1,0,0.0
2172,Organic/SEO,2024-09-27,2,0,0.0
2172,LinkedIn Ads,2024-09-28,3,0,0.0
2172,Google Ads,2024-10-03,4,0,0.0
2173,Cold Outbound,2024-05-06,1,1,7624.92
2173,LinkedIn Ads,2024-05-08,2,1,7624.92
2174,Organic/SEO,2024-09-24,1,0,0.0
2174,LinkedIn Ads,2024-09-24,2,0,0.0
2175,Organic/SEO,2024-04-27,1,0,0.0
2175,Google Ads,2024-05-01,2,0,0.0
2176,LinkedIn Ads,2024-02-18,1,0,0.0
2177,Google Ads,2024-01-31,1,0,0.0
2177,Email,2024-02-03,2,0,0.0
2177,Cold Outbound,2024-02-03,3,0,0.0
2178,Email,2024-11-28,1,0,0.0
2178,Content/Webinar,2024-11-29,2,0,0.0
2178,Content/Webinar,2024-12-03,3,0,0.0
2178,Cold Outbound,2024-12-08,4,0,0.0
2179,Google Ads,2024-08-05,1,0,0.0
2179,Organic/SEO,2024-08-07,2,0,0.0
2180,Cold Outbound,2024-04-10,1,1,5188.27
2181,Google Ads,2024-11-27,1,0,0.0
2182,Cold Outbound,2024-03-27,1,0,0.0
2182,Organic/SEO,2024-04-01,2,0,0.0
2182,LinkedIn Ads,2024-04-05,3,0,0.0
2182,Organic/SEO,2024-04-06,4,0,0.0
2183,Organic/SEO,2024-03-19,1,1,10809.67
2184,Organic/SEO,2024-03-04,1,0,0.0
2184,Google Ads,2024-03-04,2,0,0.0
2184,Email,2024-03-08,3,0,0.0
2185,Email,2024-03-24,1,0,0.0
2185,Organic/SEO,2024-03-27,2,0,0.0
2186,Email,2024-03-02,1,0,0.0
2186,LinkedIn Ads,2024-03-02,2,0,0.0
2186,Google Ads,2024-03-04,3,0,0.0
2187,Email,2024-01-24,1,1,7144.06
2188,Google Ads,2024-08-21,1,0,0.0
2188,Google Ads,2024-08-26,2,0,0.0
2188,Email,2024-08-31,3,0,0.0
2189,Google Ads,2024-08-29,1,0,0.0
2190,Google Ads,2024-01-15,1,0,0.0
2190,Cold Outbound,2024-01-18,2,0,0.0
2190,Cold Outbound,2024-01-23,3,0,0.0
2191,Google Ads,2024-11-17,1,0,0.0
2192,Organic/SEO,2024-11-18,1,1,5122.17
2193,Google Ads,2024-06-09,1,0,0.0
2194,Email,2024-11-19,1,1,5267.19
2194,Organic/SEO,2024-11-23,2,1,5267.19
2194,Cold Outbound,2024-11-23,3,1,5267.19
2194,Content/Webinar,2024-11-26,4,1,5267.19
2194,Cold Outbound,2024-12-01,5,1,5267.19
2195,Cold Outbound,2024-02-02,1,0,0.0
2195,Google Ads,2024-02-04,2,0,0.0
2196,Organic/SEO,2024-05-23,1,0,0.0
2196,Google Ads,2024-05-25,2,0,0.0
2197,Organic/SEO,2024-07-20,1,0,0.0
2197,Cold Outbound,2024-07-23,2,0,0.0
2198,Cold Outbound,2024-08-18,1,0,0.0
2198,Organic/SEO,2024-08-23,2,0,0.0
2199,Cold Outbound,2024-05-13,1,0,0.0
2200,Content/Webinar,2024-07-30,1,0,0.0
2201,Content/Webinar,2024-10-07,1,0,0.0
2202,Google Ads,2024-06-28,1,0,0.0
2203,LinkedIn Ads,2024-03-12,1,0,0.0
2204,LinkedIn Ads,2024-06-07,1,1,12100.88
2204,Cold Outbound,2024-06-12,2,1,12100.88
2204,LinkedIn Ads,2024-06-17,3,1,12100.88
2205,Google Ads,2024-08-03,1,0,0.0
2205,Organic/SEO,2024-08-08,2,0,0.0
2205,Email,2024-08-13,3,0,0.0
2206,Organic/SEO,2024-07-26,1,0,0.0
2207,Cold Outbound,2024-06-11,1,0,0.0
2207,Email,2024-06-16,2,0,0.0
2207,Email,2024-06-17,3,0,0.0
2208,Content/Webinar,2024-02-09,1,0,0.0
2208,Organic/SEO,2024-02-12,2,0,0.0
2208,Cold Outbound,2024-02-14,3,0,0.0
2209,Cold Outbound,2024-01-16,1,0,0.0
2209,Google Ads,2024-01-21,2,0,0.0
2210,Google Ads,2024-01-02,1,0,0.0
2211,LinkedIn Ads,2024-03-17,1,0,0.0
2211,Email,2024-03-18,2,0,0.0
2211,Content/Webinar,2024-03-23,3,0,0.0
2212,Organic/SEO,2024-05-13,1,1,17501.43
2212,Google Ads,2024-05-17,2,1,17501.43
2212,Content/Webinar,2024-05-20,3,1,17501.43
2212,Google Ads,2024-05-24,4,1,17501.43
2212,Referral,2024-05-24,5,1,17501.43
2213,LinkedIn Ads,2024-06-28,1,0,0.0
2213,Email,2024-07-03,2,0,0.0
2214,Cold Outbound,2024-03-04,1,0,0.0
2214,Google Ads,2024-03-05,2,0,0.0
2215,LinkedIn Ads,2024-04-19,1,0,0.0
2216,Organic/SEO,2024-05-23,1,0,0.0
2216,Content/Webinar,2024-05-23,2,0,0.0
2216,Email,2024-05-25,3,0,0.0
2216,LinkedIn Ads,2024-05-30,4,0,0.0
2217,Email,2024-07-28,1,0,0.0
2217,Content/Webinar,2024-07-31,2,0,0.0
2217,Email,2024-08-01,3,0,0.0
2217,Google Ads,2024-08-03,4,0,0.0
2217,Organic/SEO,2024-08-05,5,0,0.0
2218,Email,2024-11-24,1,0,0.0
2218,Organic/SEO,2024-11-26,2,0,0.0
2218,Email,2024-11-26,3,0,0.0
2218,Email,2024-11-30,4,0,0.0
2218,Cold Outbound,2024-12-04,5,0,0.0
2219,Google Ads,2024-10-31,1,0,0.0
2220,Cold Outbound,2024-01-24,1,0,0.0
2220,Organic/SEO,2024-01-26,2,0,0.0
2221,Google Ads,2024-04-09,1,0,0.0
2222,Content/Webinar,2024-09-07,1,0,0.0
2222,LinkedIn Ads,2024-09-09,2,0,0.0
2223,Cold Outbound,2024-06-16,1,0,0.0
2223,Google Ads,2024-06-21,2,0,0.0
2223,Email,2024-06-24,3,0,0.0
2224,Email,2024-02-19,1,0,0.0
2224,Google Ads,2024-02-24,2,0,0.0
2224,Email,2024-02-28,3,0,0.0
2224,Google Ads,2024-02-28,4,0,0.0
2224,Cold Outbound,2024-02-28,5,0,0.0
2225,Cold Outbound,2024-03-08,1,0,0.0
2225,Email,2024-03-11,2,0,0.0
2225,Cold Outbound,2024-03-15,3,0,0.0
2226,Google Ads,2024-10-01,1,0,0.0
2227,LinkedIn Ads,2024-02-22,1,0,0.0
2227,Organic/SEO,2024-02-25,2,0,0.0
2228,Google Ads,2024-11-23,1,0,0.0
2228,LinkedIn Ads,2024-11-27,2,0,0.0
2228,Cold Outbound,2024-11-30,3,0,0.0
2229,Organic/SEO,2024-02-17,1,0,0.0
2230,Cold Outbound,2024-09-02,1,1,12657.04
2230,Email,2024-09-05,2,1,12657.04
2230,Content/Webinar,2024-09-08,3,1,12657.04
2231,LinkedIn Ads,2024-07-10,1,0,0.0
2231,LinkedIn Ads,2024-07-13,2,0,0.0
2232,Email,2024-08-25,1,0,0.0
2233,Organic/SEO,2024-10-25,1,0,0.0
2233,Email,2024-10-26,2,0,0.0
2234,Google Ads,2024-02-14,1,0,0.0
2235,Organic/SEO,2024-06-12,1,0,0.0
2235,Google Ads,2024-06-17,2,0,0.0
2236,Email,2024-03-14,1,0,0.0
2236,LinkedIn Ads,2024-03-14,2,0,0.0
2236,Google Ads,2024-03-17,3,0,0.0
2236,Organic/SEO,2024-03-21,4,0,0.0
2236,Email,2024-03-22,5,0,0.0
2237,Cold Outbound,2024-05-18,1,0,0.0
2238,Email,2024-01-12,1,0,0.0
2238,Organic/SEO,2024-01-15,2,0,0.0
2238,Content/Webinar,2024-01-19,3,0,0.0
2239,Email,2024-03-18,1,1,10407.67
2239,Referral,2024-03-21,2,1,10407.67
2239,Content/Webinar,2024-03-25,3,1,10407.67
2239,Content/Webinar,2024-03-25,4,1,10407.67
2239,LinkedIn Ads,2024-03-26,5,1,10407.67
2240,LinkedIn Ads,2024-03-07,1,0,0.0
2240,Cold Outbound,2024-03-08,2,0,0.0
2241,Google Ads,2024-01-22,1,0,0.0
2241,Google Ads,2024-01-25,2,0,0.0
2241,Google Ads,2024-01-27,3,0,0.0
2241,LinkedIn Ads,2024-01-31,4,0,0.0
2242,Email,2024-05-22,1,0,0.0
2242,Cold Outbound,2024-05-22,2,0,0.0
2242,Organic/SEO,2024-05-27,3,0,0.0
2243,Organic/SEO,2024-04-24,1,0,0.0
2243,Google Ads,2024-04-27,2,0,0.0
2243,LinkedIn Ads,2024-04-27,3,0,0.0
2244,Google Ads,2024-07-17,1,0,0.0
2244,Email,2024-07-18,2,0,0.0
2245,Referral,2024-09-25,1,1,10123.08
2246,Google Ads,2024-11-20,1,0,0.0
2246,Email,2024-11-23,2,0,0.0
2246,Google Ads,2024-11-23,3,0,0.0
2246,Cold Outbound,2024-11-25,4,0,0.0
2247,Cold Outbound,2024-03-22,1,0,0.0
2247,Email,2024-03-24,2,0,0.0
2247,Cold Outbound,2024-03-26,3,0,0.0
2248,Organic/SEO,2024-09-27,1,0,0.0
2248,Organic/SEO,2024-09-27,2,0,0.0
2248,LinkedIn Ads,2024-10-01,3,0,0.0
2248,Cold Outbound,2024-10-06,4,0,0.0
2249,Email,2024-02-28,1,0,0.0
2249,Cold Outbound,2024-02-28,2,0,0.0
2250,Cold Outbound,2024-01-30,1,0,0.0
2251,Email,2024-09-22,1,0,0.0
2252,LinkedIn Ads,2024-07-05,1,0,0.0
2252,Email,2024-07-05,2,0,0.0
2252,Google Ads,2024-07-05,3,0,0.0
2252,Email,2024-07-05,4,0,0.0
2253,Content/Webinar,2024-03-20,1,0,0.0
2253,LinkedIn Ads,2024-03-24,2,0,0.0
2253,Organic/SEO,2024-03-25,3,0,0.0
2254,Email,2024-01-10,1,1,6283.69
2255,Content/Webinar,2024-06-18,1,0,0.0
2255,Google Ads,2024-06-21,2,0,0.0
2255,LinkedIn Ads,2024-06-26,3,0,0.0
2256,Google Ads,2024-07-18,1,0,0.0
2256,Google Ads,2024-07-19,2,0,0.0
2256,Organic/SEO,2024-07-22,3,0,0.0
2257,Referral,2024-03-30,1,0,0.0
2257,Organic/SEO,2024-04-02,2,0,0.0
2258,LinkedIn Ads,2024-03-27,1,0,0.0
2259,Content/Webinar,2024-07-31,1,0,0.0
2259,Content/Webinar,2024-07-31,2,0,0.0
2259,Google Ads,2024-08-01,3,0,0.0
2260,Cold Outbound,2024-06-02,1,0,0.0
2260,Organic/SEO,2024-06-02,2,0,0.0
2260,Google Ads,2024-06-07,3,0,0.0
2260,Google Ads,2024-06-08,4,0,0.0
2261,Cold Outbound,2024-09-13,1,0,0.0
2261,Cold Outbound,2024-09-14,2,0,0.0
2262,Organic/SEO,2024-08-05,1,0,0.0
2263,Cold Outbound,2024-01-22,1,1,6363.44
2263,Cold Outbound,2024-01-24,2,1,6363.44
2263,Organic/SEO,2024-01-28,3,1,6363.44
2264,Content/Webinar,2024-10-18,1,1,14275.06
2264,Content/Webinar,2024-10-19,2,1,14275.06
2265,LinkedIn Ads,2024-03-19,1,0,0.0
2266,Cold Outbound,2024-11-27,1,0,0.0
2266,Organic/SEO,2024-11-30,2,0,0.0
2267,Google Ads,2024-02-29,1,0,0.0
2267,Content/Webinar,2024-03-04,2,0,0.0
2268,Content/Webinar,2024-07-24,1,0,0.0
2268,Organic/SEO,2024-07-25,2,0,0.0
2268,Cold Outbound,2024-07-25,3,0,0.0
2268,Google Ads,2024-07-30,4,0,0.0
2268,Referral,2024-08-03,5,0,0.0
2269,Cold Outbound,2024-03-04,1,0,0.0
2269,Organic/SEO,2024-03-04,2,0,0.0
2270,Organic/SEO,2024-06-27,1,1,9974.46
2270,Google Ads,2024-07-02,2,1,9974.46
2270,Content/Webinar,2024-07-03,3,1,9974.46
2270,Organic/SEO,2024-07-03,4,1,9974.46
2271,Email,2024-03-09,1,0,0.0
2271,Google Ads,2024-03-10,2,0,0.0
2272,Content/Webinar,2024-04-11,1,0,0.0
2272,Google Ads,2024-04-12,2,0,0.0
2273,Cold Outbound,2024-07-09,1,0,0.0
2273,Email,2024-07-11,2,0,0.0
2273,Organic/SEO,2024-07-15,3,0,0.0
2273,Cold Outbound,2024-07-19,4,0,0.0
2274,Content/Webinar,2024-03-07,1,0,0.0
2275,LinkedIn Ads,2024-07-27,1,0,0.0
2276,Organic/SEO,2024-06-12,1,0,0.0
2276,Google Ads,2024-06-16,2,0,0.0
2277,Cold Outbound,2024-03-30,1,0,0.0
2278,Referral,2024-09-11,1,0,0.0
2278,LinkedIn Ads,2024-09-12,2,0,0.0
2279,Content/Webinar,2024-04-05,1,0,0.0
2279,Cold Outbound,2024-04-10,2,0,0.0
2279,LinkedIn Ads,2024-04-11,3,0,0.0
2279,Cold Outbound,2024-04-14,4,0,0.0
2280,Organic/SEO,2024-07-30,1,1,10568.64
2280,Organic/SEO,2024-08-04,2,1,10568.64
2280,Cold Outbound,2024-08-07,3,1,10568.64
2280,Content/Webinar,2024-08-10,4,1,10568.64
2281,LinkedIn Ads,2024-01-21,1,0,0.0
2281,LinkedIn Ads,2024-01-25,2,0,0.0
2282,Email,2024-09-04,1,0,0.0
2283,Email,2024-03-14,1,0,0.0
2283,Google Ads,2024-03-17,2,0,0.0
2283,Email,2024-03-17,3,0,0.0
2284,Organic/SEO,2024-10-03,1,0,0.0
2284,LinkedIn Ads,2024-10-04,2,0,0.0
2285,Content/Webinar,2024-03-28,1,0,0.0
2285,Organic/SEO,2024-04-01,2,0,0.0
2286,Organic/SEO,2024-06-27,1,0,0.0
2286,Email,2024-07-01,2,0,0.0
2287,Google Ads,2024-11-18,1,0,0.0
2288,LinkedIn Ads,2024-04-07,1,0,0.0
2288,Google Ads,2024-04-08,2,0,0.0
2288,LinkedIn Ads,2024-04-10,3,0,0.0
2289,Email,2024-01-19,1,0,0.0
2290,Referral,2024-02-23,1,0,0.0
2290,Content/Webinar,2024-02-23,2,0,0.0
2290,Google Ads,2024-02-23,3,0,0.0
2290,LinkedIn Ads,2024-02-27,4,0,0.0
2291,Google Ads,2024-10-24,1,0,0.0
2292,Cold Outbound,2024-07-21,1,0,0.0
2292,Referral,2024-07-25,2,0,0.0
2292,Google Ads,2024-07-26,3,0,0.0
2293,Email,2024-02-25,1,0,0.0
2293,Organic/SEO,2024-02-29,2,0,0.0
2294,Email,2024-01-10,1,0,0.0
2294,Cold Outbound,2024-01-14,2,0,0.0
2294,LinkedIn Ads,2024-01-19,3,0,0.0
2294,Email,2024-01-23,4,0,0.0
2295,LinkedIn Ads,2024-03-15,1,0,0.0
2295,LinkedIn Ads,2024-03-17,2,0,0.0
2296,Email,2024-10-21,1,0,0.0
2296,Google Ads,2024-10-26,2,0,0.0
2297,Organic/SEO,2024-10-16,1,0,0.0
2298,Organic/SEO,2024-08-17,1,0,0.0
2298,Cold Outbound,2024-08-21,2,0,0.0
2299,Content/Webinar,2024-05-27,1,1,8040.81
2300,Organic/SEO,2024-05-14,1,0,0.0
2300,Email,2024-05-14,2,0,0.0
2301,Content/Webinar,2024-08-05,1,0,0.0
2302,Google Ads,2024-01-02,1,0,0.0
2302,Content/Webinar,2024-01-03,2,0,0.0
2302,Cold Outbound,2024-01-03,3,0,0.0
2302,Cold Outbound,2024-01-08,4,0,0.0
2302,LinkedIn Ads,2024-01-12,5,0,0.0
2303,Google Ads,2024-04-25,1,0,0.0
2303,Google Ads,2024-04-25,2,0,0.0
2303,Cold Outbound,2024-04-25,3,0,0.0
2304,Email,2024-02-19,1,0,0.0
2305,Referral,2024-03-07,1,0,0.0
2306,Email,2024-07-07,1,0,0.0
2306,Cold Outbound,2024-07-08,2,0,0.0
2307,Referral,2024-07-15,1,1,8002.95
2307,Google Ads,2024-07-19,2,1,8002.95
2308,Content/Webinar,2024-10-02,1,0,0.0
2308,LinkedIn Ads,2024-10-03,2,0,0.0
2308,Organic/SEO,2024-10-03,3,0,0.0
2309,Google Ads,2024-11-02,1,0,0.0
2309,Google Ads,2024-11-07,2,0,0.0
2310,Organic/SEO,2024-01-21,1,0,0.0
2310,Google Ads,2024-01-23,2,0,0.0
2311,Content/Webinar,2024-04-06,1,0,0.0
2311,Cold Outbound,2024-04-10,2,0,0.0
2312,LinkedIn Ads,2024-06-02,1,0,0.0
2312,Google Ads,2024-06-05,2,0,0.0
2312,Email,2024-06-05,3,0,0.0
2313,Email,2024-01-20,1,0,0.0
2313,Referral,2024-01-25,2,0,0.0
2313,Organic/SEO,2024-01-27,3,0,0.0
2314,Google Ads,2024-06-09,1,0,0.0
2314,Cold Outbound,2024-06-11,2,0,0.0
2315,Email,2024-04-26,1,1,3451.69
2316,Cold Outbound,2024-02-02,1,0,0.0
2317,LinkedIn Ads,2024-10-03,1,0,0.0
2317,Google Ads,2024-10-08,2,0,0.0
2317,Organic/SEO,2024-10-12,3,0,0.0
2317,LinkedIn Ads,2024-10-17,4,0,0.0
2317,Email,2024-10-22,5,0,0.0
2318,LinkedIn Ads,2024-03-07,1,0,0.0
2318,Content/Webinar,2024-03-09,2,0,0.0
2318,Google Ads,2024-03-13,3,0,0.0
2319,Content/Webinar,2024-01-17,1,0,0.0
2319,Cold Outbound,2024-01-17,2,0,0.0
2320,Cold Outbound,2024-04-12,1,1,3101.37
2321,Email,2024-08-21,1,0,0.0
2321,Referral,2024-08-21,2,0,0.0
2321,Cold Outbound,2024-08-21,3,0,0.0
2322,Google Ads,2024-04-29,1,0,0.0
2323,Cold Outbound,2024-09-15,1,0,0.0
2323,Cold Outbound,2024-09-17,2,0,0.0
2323,Email,2024-09-19,3,0,0.0
2324,Referral,2024-08-18,1,0,0.0
2325,Organic/SEO,2024-03-09,1,0,0.0
2326,Email,2024-01-27,1,0,0.0
2327,Organic/SEO,2024-06-04,1,1,14548.33
2327,Cold Outbound,2024-06-04,2,1,14548.33
2327,LinkedIn Ads,2024-06-07,3,1,14548.33
2327,Content/Webinar,2024-06-12,4,1,14548.33
2327,Content/Webinar,2024-06-14,5,1,14548.33
2328,Cold Outbound,2024-08-13,1,0,0.0
2328,Organic/SEO,2024-08-14,2,0,0.0
2329,Organic/SEO,2024-09-09,1,1,9778.52
2330,Cold Outbound,2024-02-01,1,0,0.0
2331,Email,2024-11-26,1,0,0.0
2331,LinkedIn Ads,2024-12-01,2,0,0.0
2332,Email,2024-11-21,1,1,6735.48
2333,Email,2024-10-02,1,0,0.0
2334,Cold Outbound,2024-08-23,1,0,0.0
2334,LinkedIn Ads,2024-08-28,2,0,0.0
2335,LinkedIn Ads,2024-02-29,1,0,0.0
2335,Email,2024-03-04,2,0,0.0
2336,LinkedIn Ads,2024-05-08,1,0,0.0
2336,Google Ads,2024-05-11,2,0,0.0
2336,LinkedIn Ads,2024-05-12,3,0,0.0
2336,LinkedIn Ads,2024-05-13,4,0,0.0
2336,Google Ads,2024-05-17,5,0,0.0
2337,LinkedIn Ads,2024-07-12,1,0,0.0
2337,Organic/SEO,2024-07-16,2,0,0.0
2337,Google Ads,2024-07-18,3,0,0.0
2338,Google Ads,2024-08-10,1,0,0.0
2338,Google Ads,2024-08-10,2,0,0.0
2338,Organic/SEO,2024-08-12,3,0,0.0
2339,Content/Webinar,2024-08-10,1,0,0.0
2340,Content/Webinar,2024-06-18,1,1,6659.58
2340,Organic/SEO,2024-06-23,2,1,6659.58
2340,Cold Outbound,2024-06-26,3,1,6659.58
2340,Cold Outbound,2024-06-26,4,1,6659.58
2340,Organic/SEO,2024-06-27,5,1,6659.58
2341,Google Ads,2024-09-10,1,1,6719.21
2342,Content/Webinar,2024-07-27,1,0,0.0
2342,Cold Outbound,2024-07-27,2,0,0.0
2342,Email,2024-08-01,3,0,0.0
2343,LinkedIn Ads,2024-03-16,1,0,0.0
2344,Email,2024-08-22,1,0,0.0
2344,Google Ads,2024-08-23,2,0,0.0
2345,Organic/SEO,2024-09-28,1,0,0.0
2345,Google Ads,2024-10-03,2,0,0.0
2345,Cold Outbound,2024-10-03,3,0,0.0
2345,LinkedIn Ads,2024-10-04,4,0,0.0
2346,Referral,2024-04-08,1,0,0.0
2346,Cold Outbound,2024-04-09,2,0,0.0
2347,Cold Outbound,2024-10-16,1,0,0.0
2347,Cold Outbound,2024-10-21,2,0,0.0
2347,LinkedIn Ads,2024-10-24,3,0,0.0
2348,Organic/SEO,2024-09-12,1,0,0.0
2348,Referral,2024-09-16,2,0,0.0
2348,Organic/SEO,2024-09-18,3,0,0.0
2349,Google Ads,2024-06-04,1,0,0.0
2349,Google Ads,2024-06-09,2,0,0.0
2350,Google Ads,2024-07-19,1,0,0.0
2350,Organic/SEO,2024-07-19,2,0,0.0
2350,Cold Outbound,2024-07-22,3,0,0.0
2350,Organic/SEO,2024-07-23,4,0,0.0
2351,Referral,2024-01-03,1,0,0.0
2351,Google Ads,2024-01-04,2,0,0.0
2351,Organic/SEO,2024-01-08,3,0,0.0
2352,Content/Webinar,2024-04-17,1,0,0.0
2352,Organic/SEO,2024-04-17,2,0,0.0
2352,Referral,2024-04-21,3,0,0.0
2353,LinkedIn Ads,2024-11-23,1,0,0.0
2353,Cold Outbound,2024-11-23,2,0,0.0
2353,Organic/SEO,2024-11-27,3,0,0.0
2354,Email,2024-06-18,1,0,0.0
2354,Email,2024-06-18,2,0,0.0
2355,Cold Outbound,2024-06-10,1,0,0.0
2356,Content/Webinar,2024-04-09,1,1,4649.62
2357,Cold Outbound,2024-02-02,1,0,0.0
2358,Google Ads,2024-10-21,1,0,0.0
2358,Google Ads,2024-10-26,2,0,0.0
2358,Google Ads,2024-10-30,3,0,0.0
2359,LinkedIn Ads,2024-08-31,1,1,5101.44
2359,Organic/SEO,2024-09-02,2,1,5101.44
2359,Content/Webinar,2024-09-02,3,1,5101.44
2359,Email,2024-09-05,4,1,5101.44
2360,Email,2024-02-26,1,0,0.0
2360,Organic/SEO,2024-02-29,2,0,0.0
2360,Email,2024-03-03,3,0,0.0
2360,Email,2024-03-06,4,0,0.0
2360,Google Ads,2024-03-06,5,0,0.0
2361,Google Ads,2024-05-02,1,0,0.0
2362,Google Ads,2024-11-07,1,0,0.0
2363,Organic/SEO,2024-04-20,1,1,22400.77
2363,Email,2024-04-23,2,1,22400.77
2363,Organic/SEO,2024-04-24,3,1,22400.77
2363,Referral,2024-04-26,4,1,22400.77
2364,Cold Outbound,2024-03-01,1,0,0.0
2364,Google Ads,2024-03-06,2,0,0.0
2365,Content/Webinar,2024-08-02,1,1,8303.49
2366,Organic/SEO,2024-10-31,1,0,0.0
2366,Organic/SEO,2024-10-31,2,0,0.0
2366,LinkedIn Ads,2024-11-02,3,0,0.0
2367,LinkedIn Ads,2024-07-16,1,0,0.0
2368,Organic/SEO,2024-02-28,1,0,0.0
2369,Google Ads,2024-11-01,1,0,0.0
2370,Cold Outbound,2024-03-31,1,0,0.0
2371,LinkedIn Ads,2024-07-18,1,0,0.0
2372,LinkedIn Ads,2024-05-08,1,0,0.0
2372,Email,2024-05-09,2,0,0.0
2372,Email,2024-05-10,3,0,0.0
2372,Cold Outbound,2024-05-12,4,0,0.0
2372,LinkedIn Ads,2024-05-17,5,0,0.0
2373,Email,2024-07-15,1,0,0.0
2373,Google Ads,2024-07-19,2,0,0.0
2374,Email,2024-08-13,1,0,0.0
2374,Email,2024-08-13,2,0,0.0
2375,Email,2024-01-12,1,0,0.0
2376,Cold Outbound,2024-10-05,1,0,0.0
2377,Content/Webinar,2024-03-27,1,0,0.0
2377,Email,2024-03-30,2,0,0.0
2377,Google Ads,2024-03-31,3,0,0.0
2377,Email,2024-04-01,4,0,0.0
2378,Google Ads,2024-11-18,1,0,0.0
2379,LinkedIn Ads,2024-07-13,1,0,0.0
2380,Google Ads,2024-03-06,1,0,0.0
2381,Content/Webinar,2024-01-26,1,1,4012.72
2381,Organic/SEO,2024-01-30,2,1,4012.72
2381,Google Ads,2024-02-03,3,1,4012.72
2382,LinkedIn Ads,2024-04-26,1,0,0.0
2382,Email,2024-04-29,2,0,0.0
2383,Email,2024-07-21,1,0,0.0
2383,Organic/SEO,2024-07-26,2,0,0.0
2383,Organic/SEO,2024-07-26,3,0,0.0
2383,Content/Webinar,2024-07-28,4,0,0.0
2383,Email,2024-08-02,5,0,0.0
2384,Organic/SEO,2024-02-19,1,0,0.0
2384,Google Ads,2024-02-22,2,0,0.0
2384,Cold Outbound,2024-02-24,3,0,0.0
2384,Email,2024-02-25,4,0,0.0
2384,Google Ads,2024-02-26,5,0,0.0
2385,Google Ads,2024-11-02,1,0,0.0
2386,Organic/SEO,2024-10-03,1,1,12601.77
2386,Content/Webinar,2024-10-04,2,1,12601.77
2387,Cold Outbound,2024-08-08,1,0,0.0
2388,Google Ads,2024-08-09,1,0,0.0
2388,LinkedIn Ads,2024-08-10,2,0,0.0
2389,Content/Webinar,2024-11-18,1,0,0.0
2389,Email,2024-11-21,2,0,0.0
2390,LinkedIn Ads,2024-07-19,1,0,0.0
2390,Organic/SEO,2024-07-23,2,0,0.0
2390,Organic/SEO,2024-07-26,3,0,0.0
2390,Content/Webinar,2024-07-26,4,0,0.0
2391,Google Ads,2024-11-24,1,0,0.0
2391,Content/Webinar,2024-11-29,2,0,0.0
2391,Organic/SEO,2024-11-29,3,0,0.0
2392,Cold Outbound,2024-07-09,1,0,0.0
2392,Organic/SEO,2024-07-09,2,0,0.0
2392,Cold Outbound,2024-07-09,3,0,0.0
2393,Organic/SEO,2024-08-16,1,0,0.0
2394,Organic/SEO,2024-02-02,1,0,0.0
2394,Email,2024-02-02,2,0,0.0
2394,Organic/SEO,2024-02-02,3,0,0.0
2394,Content/Webinar,2024-02-03,4,0,0.0
2394,Google Ads,2024-02-08,5,0,0.0
2395,LinkedIn Ads,2024-02-25,1,0,0.0
2396,Referral,2024-11-26,1,0,0.0
2396,Content/Webinar,2024-11-28,2,0,0.0
2396,Google Ads,2024-11-30,3,0,0.0
2397,Email,2024-11-25,1,1,9713.92
2397,Content/Webinar,2024-11-30,2,1,9713.92
2397,Email,2024-11-30,3,1,9713.92
2398,LinkedIn Ads,2024-04-20,1,0,0.0
2398,Cold Outbound,2024-04-20,2,0,0.0
2398,Email,2024-04-25,3,0,0.0
2399,Email,2024-04-21,1,0,0.0
2400,LinkedIn Ads,2024-04-01,1,0,0.0
2400,Cold Outbound,2024-04-02,2,0,0.0
2400,LinkedIn Ads,2024-04-06,3,0,0.0
2401,Content/Webinar,2024-06-27,1,1,9367.32
2401,Google Ads,2024-06-30,2,1,9367.32
2402,Email,2024-05-26,1,0,0.0
2402,Cold Outbound,2024-05-28,2,0,0.0
2403,Content/Webinar,2024-02-05,1,1,11721.71
2403,Email,2024-02-06,2,1,11721.71
2403,Organic/SEO,2024-02-10,3,1,11721.71
2404,Organic/SEO,2024-08-06,1,0,0.0
2404,Cold Outbound,2024-08-07,2,0,0.0
2405,Cold Outbound,2024-06-11,1,1,11790.14
2405,Content/Webinar,2024-06-13,2,1,11790.14
2405,Content/Webinar,2024-06-18,3,1,11790.14
2406,LinkedIn Ads,2024-11-16,1,0,0.0
2406,Google Ads,2024-11-16,2,0,0.0
2406,Cold Outbound,2024-11-17,3,0,0.0
2407,Cold Outbound,2024-07-23,1,0,0.0
2407,Email,2024-07-28,2,0,0.0
2408,Content/Webinar,2024-02-24,1,1,9651.43
2408,Google Ads,2024-02-25,2,1,9651.43
2408,Organic/SEO,2024-03-01,3,1,9651.43
2408,Referral,2024-03-04,4,1,9651.43
2408,Organic/SEO,2024-03-04,5,1,9651.43
2409,Content/Webinar,2024-02-20,1,0,0.0
2409,Organic/SEO,2024-02-24,2,0,0.0
2410,Content/Webinar,2024-06-13,1,0,0.0
2410,Email,2024-06-14,2,0,0.0
2410,Google Ads,2024-06-14,3,0,0.0
2411,Organic/SEO,2024-02-26,1,0,0.0
2411,Cold Outbound,2024-02-27,2,0,0.0
2412,Google Ads,2024-06-09,1,0,0.0
2413,Email,2024-05-05,1,0,0.0
2413,Google Ads,2024-05-08,2,0,0.0
2413,Email,2024-05-08,3,0,0.0
2413,LinkedIn Ads,2024-05-12,4,0,0.0
2413,Cold Outbound,2024-05-15,5,0,0.0
2414,Organic/SEO,2024-10-18,1,0,0.0
2415,LinkedIn Ads,2024-03-10,1,0,0.0
2415,Email,2024-03-10,2,0,0.0
2415,LinkedIn Ads,2024-03-10,3,0,0.0
2415,Content/Webinar,2024-03-10,4,0,0.0
2415,Organic/SEO,2024-03-12,5,0,0.0
2416,LinkedIn Ads,2024-08-28,1,0,0.0
2417,Email,2024-07-09,1,1,11725.42
2417,Referral,2024-07-13,2,1,11725.42
2418,Email,2024-04-20,1,0,0.0
2419,Content/Webinar,2024-02-23,1,0,0.0
2420,Content/Webinar,2024-09-20,1,0,0.0
2420,LinkedIn Ads,2024-09-20,2,0,0.0
2421,LinkedIn Ads,2024-11-12,1,0,0.0
2422,Google Ads,2024-11-10,1,0,0.0
2423,Google Ads,2024-02-09,1,0,0.0
2423,Content/Webinar,2024-02-12,2,0,0.0
2424,Content/Webinar,2024-03-07,1,0,0.0
2424,LinkedIn Ads,2024-03-11,2,0,0.0
2424,Organic/SEO,2024-03-14,3,0,0.0
2425,Email,2024-09-05,1,0,0.0
2425,Google Ads,2024-09-06,2,0,0.0
2425,Referral,2024-09-08,3,0,0.0
2425,Cold Outbound,2024-09-10,4,0,0.0
2425,Google Ads,2024-09-12,5,0,0.0
2426,Cold Outbound,2024-01-09,1,0,0.0
2426,LinkedIn Ads,2024-01-12,2,0,0.0
2426,Email,2024-01-17,3,0,0.0
2426,Cold Outbound,2024-01-20,4,0,0.0
2427,Google Ads,2024-03-11,1,0,0.0
2427,LinkedIn Ads,2024-03-16,2,0,0.0
2427,Cold Outbound,2024-03-20,3,0,0.0
2428,Google Ads,2024-05-27,1,1,6874.19
2428,LinkedIn Ads,2024-05-30,2,1,6874.19
2429,Cold Outbound,2024-10-23,1,0,0.0
2429,Email,2024-10-26,2,0,0.0
2429,Organic/SEO,2024-10-28,3,0,0.0
2429,Email,2024-10-29,4,0,0.0
2430,Google Ads,2024-06-22,1,0,0.0
2430,Google Ads,2024-06-22,2,0,0.0
2431,Email,2024-08-08,1,0,0.0
2431,Cold Outbound,2024-08-13,2,0,0.0
2432,Cold Outbound,2024-05-11,1,0,0.0
2432,Email,2024-05-12,2,0,0.0
2433,LinkedIn Ads,2024-05-24,1,0,0.0
2434,Google Ads,2024-07-11,1,0,0.0
2434,Referral,2024-07-12,2,0,0.0
2434,Cold Outbound,2024-07-13,3,0,0.0
2434,Google Ads,2024-07-13,4,0,0.0
2434,LinkedIn Ads,2024-07-14,5,0,0.0
2435,Organic/SEO,2024-07-28,1,1,7847.47
2435,Google Ads,2024-07-29,2,1,7847.47
2435,Organic/SEO,2024-07-29,3,1,7847.47
2435,Google Ads,2024-08-02,4,1,7847.47
2436,Google Ads,2024-05-10,1,0,0.0
2436,Content/Webinar,2024-05-10,2,0,0.0
2437,Referral,2024-07-04,1,0,0.0
2438,Cold Outbound,2024-11-05,1,0,0.0
2438,Content/Webinar,2024-11-09,2,0,0.0
2438,Google Ads,2024-11-11,3,0,0.0
2439,LinkedIn Ads,2024-08-10,1,0,0.0
2439,Cold Outbound,2024-08-10,2,0,0.0
2439,Organic/SEO,2024-08-15,3,0,0.0
2439,Cold Outbound,2024-08-19,4,0,0.0
2439,Cold Outbound,2024-08-20,5,0,0.0
2440,Google Ads,2024-02-12,1,0,0.0
2441,Referral,2024-04-23,1,0,0.0
2441,Organic/SEO,2024-04-28,2,0,0.0
2442,Google Ads,2024-01-15,1,1,7186.99
2442,Google Ads,2024-01-15,2,1,7186.99
2442,Cold Outbound,2024-01-18,3,1,7186.99
2442,Email,2024-01-18,4,1,7186.99
2443,Google Ads,2024-06-18,1,0,0.0
2443,Google Ads,2024-06-20,2,0,0.0
2443,Content/Webinar,2024-06-24,3,0,0.0
2444,Organic/SEO,2024-08-31,1,0,0.0
2444,LinkedIn Ads,2024-09-02,2,0,0.0
2444,LinkedIn Ads,2024-09-05,3,0,0.0
2444,Organic/SEO,2024-09-06,4,0,0.0
2445,Email,2024-03-03,1,0,0.0
2445,LinkedIn Ads,2024-03-07,2,0,0.0
2445,Cold Outbound,2024-03-07,3,0,0.0
2445,Email,2024-03-09,4,0,0.0
2446,Content/Webinar,2024-04-28,1,0,0.0
2447,Cold Outbound,2024-07-22,1,0,0.0
2448,Cold Outbound,2024-04-26,1,0,0.0
2448,Cold Outbound,2024-04-29,2,0,0.0
2449,Organic/SEO,2024-02-23,1,0,0.0
2450,Organic/SEO,2024-09-16,1,0,0.0
2450,LinkedIn Ads,2024-09-19,2,0,0.0
2450,Email,2024-09-22,3,0,0.0
2451,Cold Outbound,2024-05-19,1,0,0.0
2451,Google Ads,2024-05-24,2,0,0.0
2451,Content/Webinar,2024-05-27,3,0,0.0
2451,Cold Outbound,2024-05-29,4,0,0.0
2451,Cold Outbound,2024-05-30,5,0,0.0
2452,Email,2024-02-26,1,0,0.0
2452,Email,2024-02-28,2,0,0.0
2453,Google Ads,2024-07-05,1,0,0.0
2453,LinkedIn Ads,2024-07-05,2,0,0.0
2453,Content/Webinar,2024-07-10,3,0,0.0
2454,Email,2024-05-06,1,1,9114.56
2454,Email,2024-05-10,2,1,9114.56
2455,Cold Outbound,2024-06-15,1,1,5374.62
2456,Cold Outbound,2024-07-28,1,0,0.0
2456,Google Ads,2024-07-30,2,0,0.0
2457,Google Ads,2024-06-17,1,0,0.0
2457,LinkedIn Ads,2024-06-18,2,0,0.0
2457,Email,2024-06-21,3,0,0.0
2457,Email,2024-06-24,4,0,0.0
2457,Google Ads,2024-06-29,5,0,0.0
2458,LinkedIn Ads,2024-06-09,1,0,0.0
2458,Google Ads,2024-06-14,2,0,0.0
2458,Email,2024-06-16,3,0,0.0
2459,Google Ads,2024-04-18,1,0,0.0
2459,Email,2024-04-18,2,0,0.0
2459,Google Ads,2024-04-18,3,0,0.0
2459,Organic/SEO,2024-04-20,4,0,0.0
2460,Cold Outbound,2024-09-20,1,0,0.0
2461,Google Ads,2024-04-29,1,0,0.0
2461,Cold Outbound,2024-05-02,2,0,0.0
2461,Cold Outbound,2024-05-06,3,0,0.0
2461,Cold Outbound,2024-05-07,4,0,0.0
2462,Content/Webinar,2024-07-19,1,0,0.0
2462,Cold Outbound,2024-07-24,2,0,0.0
2462,Organic/SEO,2024-07-26,3,0,0.0
2463,Email,2024-06-10,1,0,0.0
2463,Google Ads,2024-06-10,2,0,0.0
2463,Organic/SEO,2024-06-11,3,0,0.0
2463,Cold Outbound,2024-06-12,4,0,0.0
2463,Cold Outbound,2024-06-12,5,0,0.0
2464,Cold Outbound,2024-02-22,1,0,0.0
2465,Cold Outbound,2024-03-27,1,1,10987.09
2465,LinkedIn Ads,2024-03-28,2,1,10987.09
2465,Organic/SEO,2024-04-02,3,1,10987.09
2465,Cold Outbound,2024-04-06,4,1,10987.09
2465,Google Ads,2024-04-08,5,1,10987.09
2466,Organic/SEO,2024-10-06,1,0,0.0
2466,Google Ads,2024-10-08,2,0,0.0
2466,Referral,2024-10-13,3,0,0.0
2466,LinkedIn Ads,2024-10-15,4,0,0.0
2467,Email,2024-01-14,1,0,0.0
2468,Google Ads,2024-03-23,1,1,9661.45
2468,Google Ads,2024-03-28,2,1,9661.45
2469,Cold Outbound,2024-03-21,1,0,0.0
2469,Cold Outbound,2024-03-22,2,0,0.0
2469,Google Ads,2024-03-24,3,0,0.0
2469,Cold Outbound,2024-03-27,4,0,0.0
2470,Email,2024-09-19,1,0,0.0
2470,Email,2024-09-21,2,0,0.0
2470,Organic/SEO,2024-09-23,3,0,0.0
2471,Organic/SEO,2024-04-19,1,0,0.0
2471,Google Ads,2024-04-22,2,0,0.0
2471,Email,2024-04-27,3,0,0.0
2472,Google Ads,2024-05-03,1,0,0.0
2472,Google Ads,2024-05-05,2,0,0.0
2472,Email,2024-05-09,3,0,0.0
2473,LinkedIn Ads,2024-08-10,1,0,0.0
2473,Google Ads,2024-08-15,2,0,0.0
2474,Email,2024-06-28,1,0,0.0
2474,LinkedIn Ads,2024-07-03,2,0,0.0
2474,Cold Outbound,2024-07-08,3,0,0.0
2474,Google Ads,2024-07-12,4,0,0.0
2475,Cold Outbound,2024-06-09,1,1,5105.5
2475,Email,2024-06-14,2,1,5105.5
2475,Content/Webinar,2024-06-17,3,1,5105.5
2475,Email,2024-06-21,4,1,5105.5
2475,Cold Outbound,2024-06-21,5,1,5105.5
2476,Content/Webinar,2024-05-12,1,0,0.0
2476,Content/Webinar,2024-05-14,2,0,0.0
2477,Email,2024-02-20,1,0,0.0
2477,Email,2024-02-22,2,0,0.0
2477,LinkedIn Ads,2024-02-27,3,0,0.0
2478,Google Ads,2024-09-07,1,0,0.0
2478,Google Ads,2024-09-09,2,0,0.0
2478,Google Ads,2024-09-09,3,0,0.0
2479,Organic/SEO,2024-07-07,1,0,0.0
2479,Email,2024-07-11,2,0,0.0
2480,Content/Webinar,2024-05-22,1,0,0.0
2480,Email,2024-05-25,2,0,0.0
2481,Referral,2024-05-05,1,0,0.0
2481,Content/Webinar,2024-05-07,2,0,0.0
2482,LinkedIn Ads,2024-06-14,1,1,4284.38
2482,Cold Outbound,2024-06-19,2,1,4284.38
2483,Organic/SEO,2024-08-06,1,0,0.0
2483,Cold Outbound,2024-08-11,2,0,0.0
2483,LinkedIn Ads,2024-08-11,3,0,0.0
2484,Cold Outbound,2024-06-19,1,0,0.0
2484,Cold Outbound,2024-06-20,2,0,0.0
2484,Email,2024-06-21,3,0,0.0
2484,Google Ads,2024-06-23,4,0,0.0
2485,Email,2024-06-23,1,0,0.0
2485,LinkedIn Ads,2024-06-28,2,0,0.0
2485,Organic/SEO,2024-07-01,3,0,0.0
2485,Email,2024-07-01,4,0,0.0
2485,Content/Webinar,2024-07-06,5,0,0.0
2486,Organic/SEO,2024-08-15,1,0,0.0
2486,Email,2024-08-17,2,0,0.0
2487,Email,2024-07-01,1,0,0.0
2487,LinkedIn Ads,2024-07-01,2,0,0.0
2487,Cold Outbound,2024-07-06,3,0,0.0
2487,Organic/SEO,2024-07-07,4,0,0.0
2487,Cold Outbound,2024-07-12,5,0,0.0
2488,LinkedIn Ads,2024-01-14,1,0,0.0
2488,LinkedIn Ads,2024-01-15,2,0,0.0
2488,Cold Outbound,2024-01-20,3,0,0.0
2489,Google Ads,2024-09-20,1,0,0.0
2490,Cold Outbound,2024-03-31,1,0,0.0
2490,Email,2024-04-05,2,0,0.0
2491,Organic/SEO,2024-11-07,1,0,0.0
2491,Email,2024-11-09,2,0,0.0
2491,Cold Outbound,2024-11-13,3,0,0.0
2491,Content/Webinar,2024-11-17,4,0,0.0
2492,Google Ads,2024-08-03,1,1,5935.97
2492,Cold Outbound,2024-08-08,2,1,5935.97
2492,LinkedIn Ads,2024-08-11,3,1,5935.97
2492,Google Ads,2024-08-15,4,1,5935.97
2493,Google Ads,2024-09-14,1,0,0.0
2493,LinkedIn Ads,2024-09-18,2,0,0.0
2494,Google Ads,2024-06-29,1,0,0.0
2495,LinkedIn Ads,2024-07-04,1,1,4923.78
2495,Cold Outbound,2024-07-09,2,1,4923.78
2496,LinkedIn Ads,2024-06-02,1,0,0.0
2496,Email,2024-06-03,2,0,0.0
2496,Cold Outbound,2024-06-04,3,0,0.0
2496,Content/Webinar,2024-06-05,4,0,0.0
2497,Content/Webinar,2024-05-25,1,0,0.0
2497,Google Ads,2024-05-28,2,0,0.0
2497,Google Ads,2024-06-02,3,0,0.0
2497,Cold Outbound,2024-06-03,4,0,0.0
2498,Cold Outbound,2024-09-15,1,0,0.0
2498,LinkedIn Ads,2024-09-18,2,0,0.0
2499,Google Ads,2024-06-28,1,0,0.0
2499,Cold Outbound,2024-06-28,2,0,0.0
2499,Content/Webinar,2024-07-03,3,0,0.0
2499,Google Ads,2024-07-03,4,0,0.0
2500,LinkedIn Ads,2024-01-17,1,0,0.0
2500,Content/Webinar,2024-01-20,2,0,0.0
2500,Organic/SEO,2024-01-21,3,0,0.0
2501,Google Ads,2024-06-27,1,0,0.0
2501,Google Ads,2024-06-28,2,0,0.0
2501,Referral,2024-06-29,3,0,0.0
2501,Email,2024-07-04,4,0,0.0
2502,Cold Outbound,2024-09-06,1,0,0.0
2502,Referral,2024-09-07,2,0,0.0
2503,Cold Outbound,2024-05-09,1,0,0.0
2503,Organic/SEO,2024-05-13,2,0,0.0
2504,Email,2024-06-29,1,0,0.0
2505,Referral,2024-11-10,1,0,0.0
2505,Content/Webinar,2024-11-13,2,0,0.0
2505,Content/Webinar,2024-11-17,3,0,0.0
2506,Google Ads,2024-02-03,1,1,8496.03
2506,LinkedIn Ads,2024-02-05,2,1,8496.03
2507,Organic/SEO,2024-01-15,1,1,15782.91
2507,Google Ads,2024-01-20,2,1,15782.91
2507,Referral,2024-01-24,3,1,15782.91
2508,Cold Outbound,2024-11-12,1,0,0.0
2508,LinkedIn Ads,2024-11-13,2,0,0.0
2509,Google Ads,2024-07-22,1,0,0.0
2510,Cold Outbound,2024-11-10,1,0,0.0
2510,Google Ads,2024-11-14,2,0,0.0
2510,LinkedIn Ads,2024-11-17,3,0,0.0
2510,Cold Outbound,2024-11-22,4,0,0.0
2511,Google Ads,2024-07-19,1,0,0.0
2511,Google Ads,2024-07-20,2,0,0.0
2512,Email,2024-08-20,1,0,0.0
2512,Organic/SEO,2024-08-24,2,0,0.0
2513,Content/Webinar,2024-04-29,1,0,0.0
2513,LinkedIn Ads,2024-04-29,2,0,0.0
2514,Cold Outbound,2024-05-09,1,0,0.0
2514,Email,2024-05-12,2,0,0.0
2515,Cold Outbound,2024-02-27,1,1,10170.23
2515,Content/Webinar,2024-02-29,2,1,10170.23
2516,Google Ads,2024-09-22,1,0,0.0
2516,Google Ads,2024-09-23,2,0,0.0
2516,Organic/SEO,2024-09-24,3,0,0.0
2516,Cold Outbound,2024-09-29,4,0,0.0
2516,LinkedIn Ads,2024-10-03,5,0,0.0
2517,Organic/SEO,2024-05-20,1,0,0.0
2518,Cold Outbound,2024-04-05,1,0,0.0
2518,Content/Webinar,2024-04-08,2,0,0.0
2519,LinkedIn Ads,2024-09-07,1,0,0.0
2519,LinkedIn Ads,2024-09-12,2,0,0.0
2519,Google Ads,2024-09-14,3,0,0.0
2520,Email,2024-04-22,1,0,0.0
2520,Organic/SEO,2024-04-27,2,0,0.0
2520,Cold Outbound,2024-04-28,3,0,0.0
2521,Content/Webinar,2024-05-25,1,0,0.0
2521,Referral,2024-05-25,2,0,0.0
2521,Content/Webinar,2024-05-27,3,0,0.0
2522,Email,2024-05-22,1,0,0.0
2522,Google Ads,2024-05-26,2,0,0.0
2523,Email,2024-04-10,1,0,0.0
2523,Email,2024-04-13,2,0,0.0
2524,Cold Outbound,2024-01-04,1,1,14604.46
2524,Referral,2024-01-04,2,1,14604.46
2524,Google Ads,2024-01-09,3,1,14604.46
2524,LinkedIn Ads,2024-01-12,4,1,14604.46
2524,Content/Webinar,2024-01-16,5,1,14604.46
2525,Email,2024-07-28,1,0,0.0
2526,LinkedIn Ads,2024-02-22,1,0,0.0
2526,Organic/SEO,2024-02-27,2,0,0.0
2526,Google Ads,2024-03-03,3,0,0.0
2526,Cold Outbound,2024-03-06,4,0,0.0
2526,Cold Outbound,2024-03-11,5,0,0.0
2527,Cold Outbound,2024-03-12,1,0,0.0
2527,Content/Webinar,2024-03-13,2,0,0.0
2528,Google Ads,2024-02-16,1,0,0.0
2529,Email,2024-10-28,1,1,8130.71
2529,Google Ads,2024-10-31,2,1,8130.71
2530,Email,2024-02-03,1,0,0.0
2530,Email,2024-02-08,2,0,0.0
2531,Email,2024-01-18,1,0,0.0
2531,Cold Outbound,2024-01-22,2,0,0.0
2532,Content/Webinar,2024-09-02,1,0,0.0
2532,Organic/SEO,2024-09-03,2,0,0.0
2532,Google Ads,2024-09-03,3,0,0.0
2533,Google Ads,2024-10-01,1,0,0.0
2533,Cold Outbound,2024-10-04,2,0,0.0
2533,Cold Outbound,2024-10-08,3,0,0.0
2533,Email,2024-10-10,4,0,0.0
2534,Referral,2024-11-08,1,1,10593.65
2534,Content/Webinar,2024-11-12,2,1,10593.65
2535,Google Ads,2024-08-31,1,0,0.0
2535,Email,2024-09-03,2,0,0.0
2535,Organic/SEO,2024-09-07,3,0,0.0
2535,Cold Outbound,2024-09-09,4,0,0.0
2536,Email,2024-08-23,1,0,0.0
2537,Google Ads,2024-02-06,1,0,0.0
2537,Email,2024-02-10,2,0,0.0
2538,Content/Webinar,2024-08-17,1,0,0.0
2538,Google Ads,2024-08-22,2,0,0.0
2538,Content/Webinar,2024-08-24,3,0,0.0
2538,Google Ads,2024-08-29,4,0,0.0
2539,Content/Webinar,2024-08-23,1,0,0.0
2539,Organic/SEO,2024-08-28,2,0,0.0
2539,Google Ads,2024-08-30,3,0,0.0
2540,Google Ads,2024-01-10,1,0,0.0
2540,Google Ads,2024-01-15,2,0,0.0
2540,Google Ads,2024-01-17,3,0,0.0
2541,Organic/SEO,2024-01-27,1,0,0.0
2541,Organic/SEO,2024-02-01,2,0,0.0
2541,Organic/SEO,2024-02-04,3,0,0.0
2542,Google Ads,2024-01-16,1,1,4801.56
2542,Google Ads,2024-01-20,2,1,4801.56
2542,Organic/SEO,2024-01-25,3,1,4801.56
2543,Cold Outbound,2024-08-09,1,0,0.0
2543,Email,2024-08-14,2,0,0.0
2544,Email,2024-01-07,1,0,0.0
2545,Cold Outbound,2024-08-16,1,0,0.0
2545,Content/Webinar,2024-08-18,2,0,0.0
2546,Cold Outbound,2024-04-24,1,0,0.0
2546,Organic/SEO,2024-04-28,2,0,0.0
2546,LinkedIn Ads,2024-04-30,3,0,0.0
2547,Content/Webinar,2024-02-26,1,0,0.0
2547,Google Ads,2024-02-26,2,0,0.0
2548,Organic/SEO,2024-08-22,1,1,11354.25
2548,Google Ads,2024-08-25,2,1,11354.25
2548,Cold Outbound,2024-08-27,3,1,11354.25
2548,Organic/SEO,2024-08-27,4,1,11354.25
2549,Cold Outbound,2024-10-30,1,0,0.0
2549,Google Ads,2024-11-04,2,0,0.0
2550,Google Ads,2024-08-11,1,0,0.0
2551,Cold Outbound,2024-04-06,1,0,0.0
2551,Google Ads,2024-04-09,2,0,0.0
2551,Google Ads,2024-04-11,3,0,0.0
2551,LinkedIn Ads,2024-04-11,4,0,0.0
2551,Google Ads,2024-04-14,5,0,0.0
2552,Email,2024-01-30,1,0,0.0
2552,Organic/SEO,2024-02-02,2,0,0.0
2553,Cold Outbound,2024-09-23,1,0,0.0
2553,Cold Outbound,2024-09-26,2,0,0.0
2553,Organic/SEO,2024-09-26,3,0,0.0
2554,LinkedIn Ads,2024-03-07,1,0,0.0
2555,Email,2024-04-04,1,0,0.0
2555,Cold Outbound,2024-04-08,2,0,0.0
2555,Cold Outbound,2024-04-12,3,0,0.0
2556,Google Ads,2024-06-21,1,0,0.0
2556,Cold Outbound,2024-06-21,2,0,0.0
2556,Content/Webinar,2024-06-22,3,0,0.0
2556,LinkedIn Ads,2024-06-22,4,0,0.0
2556,LinkedIn Ads,2024-06-24,5,0,0.0
2557,Email,2024-01-08,1,0,0.0
2558,Google Ads,2024-05-26,1,0,0.0
2558,Referral,2024-05-26,2,0,0.0
2558,Cold Outbound,2024-05-29,3,0,0.0
2559,Cold Outbound,2024-04-10,1,0,0.0
2559,Google Ads,2024-04-10,2,0,0.0
2559,Google Ads,2024-04-13,3,0,0.0
2559,LinkedIn Ads,2024-04-14,4,0,0.0
2560,Cold Outbound,2024-02-18,1,1,5036.77
2560,Email,2024-02-18,2,1,5036.77
2560,Organic/SEO,2024-02-19,3,1,5036.77
2560,Organic/SEO,2024-02-21,4,1,5036.77
2560,LinkedIn Ads,2024-02-24,5,1,5036.77
2561,Google Ads,2024-04-18,1,0,0.0
2562,Google Ads,2024-04-17,1,0,0.0
2562,Email,2024-04-17,2,0,0.0
2562,Google Ads,2024-04-18,3,0,0.0
2563,Cold Outbound,2024-07-21,1,0,0.0
2563,Cold Outbound,2024-07-25,2,0,0.0
2564,Google Ads,2024-07-28,1,0,0.0
2565,Google Ads,2024-03-07,1,0,0.0
2565,Google Ads,2024-03-12,2,0,0.0
2566,Cold Outbound,2024-10-16,1,1,7271.15
2566,Cold Outbound,2024-10-18,2,1,7271.15
2566,Organic/SEO,2024-10-22,3,1,7271.15
2566,LinkedIn Ads,2024-10-26,4,1,7271.15
2567,Organic/SEO,2024-11-21,1,0,0.0
2567,Cold Outbound,2024-11-23,2,0,0.0
2568,Email,2024-01-16,1,0,0.0
2568,Content/Webinar,2024-01-21,2,0,0.0
2568,Google Ads,2024-01-24,3,0,0.0
2569,Cold Outbound,2024-10-04,1,0,0.0
2569,Organic/SEO,2024-10-07,2,0,0.0
2569,Google Ads,2024-10-07,3,0,0.0
2570,Content/Webinar,2024-08-25,1,0,0.0
2571,Organic/SEO,2024-02-17,1,0,0.0
2571,Google Ads,2024-02-18,2,0,0.0
2571,Google Ads,2024-02-20,3,0,0.0
2571,LinkedIn Ads,2024-02-25,4,0,0.0
2572,Google Ads,2024-03-14,1,0,0.0
2572,Google Ads,2024-03-19,2,0,0.0
2572,Content/Webinar,2024-03-19,3,0,0.0
2573,Google Ads,2024-04-05,1,1,9954.37
2573,LinkedIn Ads,2024-04-10,2,1,9954.37
2573,Content/Webinar,2024-04-13,3,1,9954.37
2573,Email,2024-04-18,4,1,9954.37
2574,Email,2024-01-28,1,0,0.0
2574,Organic/SEO,2024-01-31,2,0,0.0
2575,LinkedIn Ads,2024-08-03,1,0,0.0
2575,Referral,2024-08-04,2,0,0.0
2575,LinkedIn Ads,2024-08-04,3,0,0.0
2576,Organic/SEO,2024-02-03,1,0,0.0
2577,LinkedIn Ads,2024-06-02,1,0,0.0
2577,Cold Outbound,2024-06-03,2,0,0.0
2578,Content/Webinar,2024-01-30,1,0,0.0
2578,Google Ads,2024-01-31,2,0,0.0
2578,Cold Outbound,2024-02-04,3,0,0.0
2579,Email,2024-10-15,1,0,0.0
2579,Cold Outbound,2024-10-18,2,0,0.0
2579,Organic/SEO,2024-10-18,3,0,0.0
2580,Content/Webinar,2024-09-11,1,0,0.0
2580,Google Ads,2024-09-12,2,0,0.0
2580,Organic/SEO,2024-09-16,3,0,0.0
2580,Google Ads,2024-09-17,4,0,0.0
2581,LinkedIn Ads,2024-03-01,1,0,0.0
2581,Cold Outbound,2024-03-01,2,0,0.0
2582,Organic/SEO,2024-08-06,1,1,5999.81
2583,LinkedIn Ads,2024-11-25,1,0,0.0
2583,Google Ads,2024-11-26,2,0,0.0
2584,Organic/SEO,2024-11-18,1,0,0.0
2584,Google Ads,2024-11-22,2,0,0.0
2584,Content/Webinar,2024-11-27,3,0,0.0
2584,LinkedIn Ads,2024-11-27,4,0,0.0
2585,Organic/SEO,2024-09-06,1,1,11544.34
2585,Google Ads,2024-09-10,2,1,11544.34
2585,Google Ads,2024-09-15,3,1,11544.34
2585,Organic/SEO,2024-09-18,4,1,11544.34
2586,Google Ads,2024-11-13,1,0,0.0
2586,Organic/SEO,2024-11-13,2,0,0.0
2587,Organic/SEO,2024-09-15,1,0,0.0
2587,Google Ads,2024-09-17,2,0,0.0
2587,LinkedIn Ads,2024-09-20,3,0,0.0
2588,Google Ads,2024-09-19,1,0,0.0
2588,LinkedIn Ads,2024-09-22,2,0,0.0
2589,LinkedIn Ads,2024-11-08,1,0,0.0
2589,Cold Outbound,2024-11-13,2,0,0.0
2590,Email,2024-10-25,1,0,0.0
2591,Cold Outbound,2024-01-20,1,0,0.0
2591,Organic/SEO,2024-01-22,2,0,0.0
2591,Cold Outbound,2024-01-27,3,0,0.0
2591,Referral,2024-01-29,4,0,0.0
2592,Organic/SEO,2024-10-28,1,1,7439.57
2592,Organic/SEO,2024-11-01,2,1,7439.57
2593,Email,2024-08-23,1,0,0.0
2594,Organic/SEO,2024-04-02,1,0,0.0
2594,Cold Outbound,2024-04-07,2,0,0.0
2595,Cold Outbound,2024-01-29,1,1,5339.98
2596,LinkedIn Ads,2024-01-31,1,0,0.0
2596,Cold Outbound,2024-02-02,2,0,0.0
2596,Content/Webinar,2024-02-04,3,0,0.0
2597,LinkedIn Ads,2024-10-14,1,0,0.0
2597,Google Ads,2024-10-14,2,0,0.0
2598,Email,2024-09-16,1,1,11445.55
2598,Google Ads,2024-09-17,2,1,11445.55
2598,LinkedIn Ads,2024-09-21,3,1,11445.55
2598,Content/Webinar,2024-09-26,4,1,11445.55
2599,Content/Webinar,2024-07-19,1,0,0.0
2600,LinkedIn Ads,2024-04-25,1,0,0.0
2600,Referral,2024-04-25,2,0,0.0
2600,LinkedIn Ads,2024-04-29,3,0,0.0
2601,Referral,2024-11-04,1,0,0.0
2601,Content/Webinar,2024-11-04,2,0,0.0
2601,Email,2024-11-09,3,0,0.0
2601,Google Ads,2024-11-10,4,0,0.0
2602,LinkedIn Ads,2024-06-22,1,0,0.0
2603,LinkedIn Ads,2024-05-05,1,0,0.0
2603,Google Ads,2024-05-07,2,0,0.0
2603,Cold Outbound,2024-05-07,3,0,0.0
2603,Content/Webinar,2024-05-12,4,0,0.0
2604,Cold Outbound,2024-05-22,1,0,0.0
2604,Organic/SEO,2024-05-27,2,0,0.0
2605,Email,2024-05-09,1,0,0.0
2605,LinkedIn Ads,2024-05-09,2,0,0.0
2605,Content/Webinar,2024-05-11,3,0,0.0
2606,Referral,2024-05-18,1,0,0.0
2606,Organic/SEO,2024-05-23,2,0,0.0
2606,Organic/SEO,2024-05-25,3,0,0.0
2607,LinkedIn Ads,2024-01-26,1,0,0.0
2608,Cold Outbound,2024-09-04,1,0,0.0
2609,Organic/SEO,2024-07-25,1,0,0.0
2609,Organic/SEO,2024-07-26,2,0,0.0
2609,LinkedIn Ads,2024-07-27,3,0,0.0
2610,Content/Webinar,2024-08-17,1,1,8837.25
2611,LinkedIn Ads,2024-03-21,1,0,0.0
2612,Cold Outbound,2024-04-09,1,0,0.0
2612,LinkedIn Ads,2024-04-12,2,0,0.0
2612,Email,2024-04-14,3,0,0.0
2612,Google Ads,2024-04-15,4,0,0.0
2612,Cold Outbound,2024-04-15,5,0,0.0
2613,Google Ads,2024-07-12,1,1,9253.65
2614,LinkedIn Ads,2024-01-29,1,0,0.0
2614,Cold Outbound,2024-02-01,2,0,0.0
2614,Cold Outbound,2024-02-03,3,0,0.0
2615,Organic/SEO,2024-10-25,1,0,0.0
2615,Cold Outbound,2024-10-27,2,0,0.0
2616,Content/Webinar,2024-10-19,1,0,0.0
2617,Email,2024-01-14,1,1,5941.24
2617,Content/Webinar,2024-01-18,2,1,5941.24
2617,Email,2024-01-21,3,1,5941.24
2617,Email,2024-01-25,4,1,5941.24
2618,Organic/SEO,2024-08-05,1,1,4780.93
2618,Email,2024-08-07,2,1,4780.93
2618,Google Ads,2024-08-09,3,1,4780.93
2619,Organic/SEO,2024-10-09,1,0,0.0
2619,Cold Outbound,2024-10-11,2,0,0.0
2619,LinkedIn Ads,2024-10-16,3,0,0.0
2620,Content/Webinar,2024-09-13,1,0,0.0
2621,Cold Outbound,2024-08-04,1,0,0.0
2621,Email,2024-08-06,2,0,0.0
2622,Cold Outbound,2024-05-21,1,0,0.0
2623,LinkedIn Ads,2024-02-01,1,1,11796.07
2624,LinkedIn Ads,2024-02-28,1,0,0.0
2625,Google Ads,2024-11-01,1,0,0.0
2626,LinkedIn Ads,2024-04-25,1,0,0.0
2627,Google Ads,2024-09-27,1,0,0.0
2627,Email,2024-10-02,2,0,0.0
2627,Email,2024-10-06,3,0,0.0
2628,Email,2024-06-07,1,0,0.0
2629,Content/Webinar,2024-10-18,1,1,14743.62
2630,Google Ads,2024-02-19,1,0,0.0
2630,Google Ads,2024-02-21,2,0,0.0
2631,Google Ads,2024-05-20,1,0,0.0
2631,Google Ads,2024-05-24,2,0,0.0
2631,Email,2024-05-29,3,0,0.0
2631,Cold Outbound,2024-05-31,4,0,0.0
2631,Content/Webinar,2024-06-04,5,0,0.0
2632,Referral,2024-07-07,1,0,0.0
2632,Google Ads,2024-07-11,2,0,0.0
2632,Cold Outbound,2024-07-14,3,0,0.0
2633,Cold Outbound,2024-08-06,1,0,0.0
2633,Email,2024-08-11,2,0,0.0
2633,LinkedIn Ads,2024-08-11,3,0,0.0
2633,Cold Outbound,2024-08-11,4,0,0.0
2634,Google Ads,2024-02-21,1,0,0.0
2634,Cold Outbound,2024-02-24,2,0,0.0
2635,Cold Outbound,2024-10-13,1,0,0.0
2635,Email,2024-10-13,2,0,0.0
2636,LinkedIn Ads,2024-08-03,1,0,0.0
2636,Organic/SEO,2024-08-05,2,0,0.0
2636,Email,2024-08-06,3,0,0.0
2636,Cold Outbound,2024-08-08,4,0,0.0
2637,Cold Outbound,2024-10-29,1,0,0.0
2637,Google Ads,2024-10-31,2,0,0.0
2638,Cold Outbound,2024-08-26,1,0,0.0
2638,Referral,2024-08-28,2,0,0.0
2639,Google Ads,2024-05-08,1,0,0.0
2639,Google Ads,2024-05-09,2,0,0.0
2639,Cold Outbound,2024-05-13,3,0,0.0
2639,Google Ads,2024-05-15,4,0,0.0
2640,Cold Outbound,2024-11-28,1,1,10822.17
2640,LinkedIn Ads,2024-11-29,2,1,10822.17
2640,Organic/SEO,2024-12-04,3,1,10822.17
2641,Email,2024-10-08,1,0,0.0
2642,Cold Outbound,2024-01-21,1,0,0.0
2642,Content/Webinar,2024-01-24,2,0,0.0
2643,Content/Webinar,2024-05-25,1,0,0.0
2643,Email,2024-05-30,2,0,0.0
2643,Google Ads,2024-05-31,3,0,0.0
2643,Cold Outbound,2024-06-05,4,0,0.0
2644,Cold Outbound,2024-02-08,1,0,0.0
2644,Cold Outbound,2024-02-12,2,0,0.0
2645,Content/Webinar,2024-09-25,1,0,0.0
2645,Organic/SEO,2024-09-26,2,0,0.0
2645,Cold Outbound,2024-09-29,3,0,0.0
2645,LinkedIn Ads,2024-10-02,4,0,0.0
2646,Cold Outbound,2024-10-22,1,0,0.0
2646,Content/Webinar,2024-10-27,2,0,0.0
2646,Email,2024-11-01,3,0,0.0
2646,Referral,2024-11-02,4,0,0.0
2647,Google Ads,2024-08-13,1,0,0.0
2647,LinkedIn Ads,2024-08-17,2,0,0.0
2648,Email,2024-07-01,1,0,0.0
2649,Email,2024-07-01,1,0,0.0
2649,Cold Outbound,2024-07-03,2,0,0.0
2649,Content/Webinar,2024-07-07,3,0,0.0
2650,Email,2024-09-25,1,0,0.0
2650,Google Ads,2024-09-26,2,0,0.0
2651,Cold Outbound,2024-10-27,1,0,0.0
2651,Google Ads,2024-10-30,2,0,0.0
2652,Google Ads,2024-03-21,1,0,0.0
2653,Email,2024-05-10,1,0,0.0
2654,Organic/SEO,2024-11-06,1,0,0.0
2654,LinkedIn Ads,2024-11-11,2,0,0.0
2655,Cold Outbound,2024-06-26,1,0,0.0
2655,Cold Outbound,2024-06-26,2,0,0.0
2656,Cold Outbound,2024-08-20,1,0,0.0
2657,LinkedIn Ads,2024-05-27,1,0,0.0
2658,LinkedIn Ads,2024-08-31,1,0,0.0
2658,LinkedIn Ads,2024-09-01,2,0,0.0
2658,Cold Outbound,2024-09-05,3,0,0.0
2659,Content/Webinar,2024-02-28,1,0,0.0
2659,Google Ads,2024-03-02,2,0,0.0
2659,LinkedIn Ads,2024-03-05,3,0,0.0
2660,Organic/SEO,2024-01-03,1,0,0.0
2661,Cold Outbound,2024-09-08,1,0,0.0
2661,Content/Webinar,2024-09-09,2,0,0.0
2662,Cold Outbound,2024-05-29,1,0,0.0
2663,Cold Outbound,2024-03-31,1,0,0.0
2663,Referral,2024-04-05,2,0,0.0
2664,LinkedIn Ads,2024-09-21,1,0,0.0
2665,Google Ads,2024-09-22,1,0,0.0
2665,Content/Webinar,2024-09-26,2,0,0.0
2666,Email,2024-02-09,1,0,0.0
2666,LinkedIn Ads,2024-02-10,2,0,0.0
2666,Organic/SEO,2024-02-11,3,0,0.0
2667,Google Ads,2024-04-04,1,0,0.0
2668,Cold Outbound,2024-05-13,1,0,0.0
2668,Content/Webinar,2024-05-18,2,0,0.0
2669,LinkedIn Ads,2024-10-24,1,0,0.0
2670,Cold Outbound,2024-11-04,1,0,0.0
2670,Google Ads,2024-11-07,2,0,0.0
2671,Referral,2024-08-20,1,0,0.0
2671,Cold Outbound,2024-08-21,2,0,0.0
2672,Email,2024-09-21,1,0,0.0
2673,Google Ads,2024-04-18,1,0,0.0
2673,Cold Outbound,2024-04-20,2,0,0.0
2673,Content/Webinar,2024-04-20,3,0,0.0
2674,Email,2024-10-06,1,0,0.0
2675,Google Ads,2024-07-26,1,0,0.0
2676,Email,2024-10-02,1,0,0.0
2676,Google Ads,2024-10-05,2,0,0.0
2676,Google Ads,2024-10-05,3,0,0.0
2676,Organic/SEO,2024-10-09,4,0,0.0
2677,Email,2024-06-29,1,0,0.0
2677,Google Ads,2024-06-29,2,0,0.0
2678,Google Ads,2024-08-13,1,0,0.0
2679,Email,2024-08-14,1,0,0.0
2679,Email,2024-08-18,2,0,0.0
2680,Google Ads,2024-09-05,1,1,11212.56
2680,Cold Outbound,2024-09-07,2,1,11212.56
2680,Organic/SEO,2024-09-10,3,1,11212.56
2681,Google Ads,2024-08-02,1,1,11629.35
2681,Google Ads,2024-08-05,2,1,11629.35
2681,Organic/SEO,2024-08-10,3,1,11629.35
2682,Cold Outbound,2024-09-23,1,1,12668.24
2682,Cold Outbound,2024-09-27,2,1,12668.24
2682,Organic/SEO,2024-09-27,3,1,12668.24
2682,LinkedIn Ads,2024-09-28,4,1,12668.24
2683,Organic/SEO,2024-09-08,1,1,9402.29
2684,Organic/SEO,2024-10-04,1,0,0.0
2685,LinkedIn Ads,2024-02-26,1,1,5229.65
2685,Organic/SEO,2024-02-28,2,1,5229.65
2685,Organic/SEO,2024-02-28,3,1,5229.65
2685,Referral,2024-03-04,4,1,5229.65
2685,Email,2024-03-04,5,1,5229.65
2686,Content/Webinar,2024-10-17,1,0,0.0
2686,Google Ads,2024-10-22,2,0,0.0
2686,Google Ads,2024-10-23,3,0,0.0
2687,Cold Outbound,2024-03-02,1,0,0.0
2687,Cold Outbound,2024-03-03,2,0,0.0
2687,Content/Webinar,2024-03-07,3,0,0.0
2687,Cold Outbound,2024-03-09,4,0,0.0
2688,Content/Webinar,2024-03-11,1,0,0.0
2688,Google Ads,2024-03-14,2,0,0.0
2688,Email,2024-03-18,3,0,0.0
2688,Google Ads,2024-03-18,4,0,0.0
2688,Content/Webinar,2024-03-21,5,0,0.0
2689,Content/Webinar,2024-09-24,1,1,14781.66
2690,Organic/SEO,2024-03-06,1,0,0.0
2691,Organic/SEO,2024-07-29,1,0,0.0
2692,Google Ads,2024-08-11,1,0,0.0
2692,Organic/SEO,2024-08-14,2,0,0.0
2692,LinkedIn Ads,2024-08-16,3,0,0.0
2692,Cold Outbound,2024-08-18,4,0,0.0
2693,Google Ads,2024-09-02,1,1,11975.06
2693,Content/Webinar,2024-09-06,2,1,11975.06
2694,Email,2024-05-31,1,0,0.0
2694,Content/Webinar,2024-06-05,2,0,0.0
2694,Cold Outbound,2024-06-06,3,0,0.0
2695,LinkedIn Ads,2024-11-18,1,0,0.0
2696,Referral,2024-03-29,1,0,0.0
2696,LinkedIn Ads,2024-04-03,2,0,0.0
2696,Organic/SEO,2024-04-03,3,0,0.0
2697,Cold Outbound,2024-07-02,1,0,0.0
2698,LinkedIn Ads,2024-07-09,1,0,0.0
2698,Organic/SEO,2024-07-09,2,0,0.0
2698,LinkedIn Ads,2024-07-11,3,0,0.0
2698,Cold Outbound,2024-07-12,4,0,0.0
2698,Email,2024-07-14,5,0,0.0
2699,LinkedIn Ads,2024-11-21,1,0,0.0
2700,Email,2024-10-24,1,1,5155.58
2701,Organic/SEO,2024-11-03,1,0,0.0
2701,Cold Outbound,2024-11-07,2,0,0.0
2701,LinkedIn Ads,2024-11-07,3,0,0.0
2702,Cold Outbound,2024-10-21,1,0,0.0
2702,LinkedIn Ads,2024-10-21,2,0,0.0
2702,Organic/SEO,2024-10-26,3,0,0.0
2702,Organic/SEO,2024-10-28,4,0,0.0
2703,Google Ads,2024-01-18,1,1,5473.23
2703,Email,2024-01-23,2,1,5473.23
2704,Organic/SEO,2024-11-13,1,0,0.0
2704,Organic/SEO,2024-11-16,2,0,0.0
2704,Cold Outbound,2024-11-16,3,0,0.0
2704,Cold Outbound,2024-11-20,4,0,0.0
2705,Google Ads,2024-07-12,1,1,6758.23
2706,Cold Outbound,2024-10-07,1,0,0.0
2707,Cold Outbound,2024-07-03,1,0,0.0
2707,Organic/SEO,2024-07-06,2,0,0.0
2707,Cold Outbound,2024-07-07,3,0,0.0
2707,Organic/SEO,2024-07-08,4,0,0.0
2708,LinkedIn Ads,2024-05-08,1,0,0.0
2708,Cold Outbound,2024-05-12,2,0,0.0
2708,Organic/SEO,2024-05-13,3,0,0.0
2709,Cold Outbound,2024-08-13,1,0,0.0
2710,Organic/SEO,2024-08-26,1,0,0.0
2710,Content/Webinar,2024-08-30,2,0,0.0
2710,Email,2024-09-03,3,0,0.0
2711,Google Ads,2024-05-30,1,0,0.0
2712,LinkedIn Ads,2024-03-07,1,0,0.0
2713,Google Ads,2024-11-10,1,0,0.0
2713,Referral,2024-11-13,2,0,0.0
2713,Google Ads,2024-11-18,3,0,0.0
2713,Google Ads,2024-11-23,4,0,0.0
2714,Email,2024-06-07,1,0,0.0
2715,Google Ads,2024-04-26,1,0,0.0
2715,Email,2024-04-28,2,0,0.0
2715,Cold Outbound,2024-05-03,3,0,0.0
2715,Google Ads,2024-05-08,4,0,0.0
2715,Organic/SEO,2024-05-10,5,0,0.0
2716,Cold Outbound,2024-04-18,1,0,0.0
2716,Organic/SEO,2024-04-19,2,0,0.0
2717,Content/Webinar,2024-06-13,1,0,0.0
2717,Organic/SEO,2024-06-15,2,0,0.0
2717,Cold Outbound,2024-06-18,3,0,0.0
2717,Google Ads,2024-06-20,4,0,0.0
2718,LinkedIn Ads,2024-03-05,1,0,0.0
2718,Google Ads,2024-03-09,2,0,0.0
2718,Content/Webinar,2024-03-10,3,0,0.0
2719,Content/Webinar,2024-01-20,1,0,0.0
2720,Email,2024-08-05,1,0,0.0
2721,LinkedIn Ads,2024-08-06,1,1,5107.72
2721,Email,2024-08-11,2,1,5107.72
2722,Organic/SEO,2024-09-23,1,0,0.0
2723,Content/Webinar,2024-06-30,1,1,10688.59
2724,Cold Outbound,2024-10-02,1,0,0.0
2724,Google Ads,2024-10-06,2,0,0.0
2725,Organic/SEO,2024-01-20,1,0,0.0
2725,Google Ads,2024-01-20,2,0,0.0
2726,Content/Webinar,2024-08-27,1,0,0.0
2726,LinkedIn Ads,2024-08-28,2,0,0.0
2727,Organic/SEO,2024-11-14,1,0,0.0
2727,Google Ads,2024-11-17,2,0,0.0
2727,Cold Outbound,2024-11-18,3,0,0.0
2727,Google Ads,2024-11-23,4,0,0.0
2727,Content/Webinar,2024-11-23,5,0,0.0
2728,Email,2024-05-13,1,0,0.0
2728,Organic/SEO,2024-05-14,2,0,0.0
2728,Organic/SEO,2024-05-17,3,0,0.0
2728,LinkedIn Ads,2024-05-21,4,0,0.0
2728,LinkedIn Ads,2024-05-24,5,0,0.0
2729,Content/Webinar,2024-01-30,1,0,0.0
2729,Google Ads,2024-02-03,2,0,0.0
2730,LinkedIn Ads,2024-08-12,1,1,7676.49
2730,Organic/SEO,2024-08-12,2,1,7676.49
2730,Cold Outbound,2024-08-17,3,1,7676.49
2731,Content/Webinar,2024-01-26,1,0,0.0
2731,LinkedIn Ads,2024-01-29,2,0,0.0
2731,Referral,2024-02-03,3,0,0.0
2732,Organic/SEO,2024-11-06,1,0,0.0
2732,LinkedIn Ads,2024-11-11,2,0,0.0
2733,Email,2024-09-24,1,0,0.0
2733,Google Ads,2024-09-27,2,0,0.0
2734,LinkedIn Ads,2024-08-21,1,0,0.0
2734,Google Ads,2024-08-26,2,0,0.0
2735,Organic/SEO,2024-08-14,1,0,0.0
2735,Content/Webinar,2024-08-16,2,0,0.0
2735,Cold Outbound,2024-08-21,3,0,0.0
2735,Content/Webinar,2024-08-21,4,0,0.0
2736,Cold Outbound,2024-07-22,1,0,0.0
2736,Google Ads,2024-07-26,2,0,0.0
2737,Organic/SEO,2024-06-23,1,0,0.0
2738,Google Ads,2024-06-17,1,0,0.0
2739,Content/Webinar,2024-06-18,1,0,0.0
2739,LinkedIn Ads,2024-06-20,2,0,0.0
2739,LinkedIn Ads,2024-06-24,3,0,0.0
2739,Content/Webinar,2024-06-25,4,0,0.0
2739,Organic/SEO,2024-06-25,5,0,0.0
2740,Content/Webinar,2024-08-10,1,1,9971.94
2740,Organic/SEO,2024-08-14,2,1,9971.94
2740,Content/Webinar,2024-08-14,3,1,9971.94
2741,Google Ads,2024-06-26,1,0,0.0
2741,Referral,2024-06-30,2,0,0.0
2742,Google Ads,2024-01-12,1,1,8011.05
2742,Organic/SEO,2024-01-16,2,1,8011.05
2742,Organic/SEO,2024-01-20,3,1,8011.05
2743,Organic/SEO,2024-11-10,1,0,0.0
2743,LinkedIn Ads,2024-11-11,2,0,0.0
2744,Email,2024-02-20,1,1,7275.02
2745,Cold Outbound,2024-06-18,1,0,0.0
2745,Organic/SEO,2024-06-23,2,0,0.0
2745,Organic/SEO,2024-06-24,3,0,0.0
2746,Email,2024-03-29,1,0,0.0
2746,Google Ads,2024-03-29,2,0,0.0
2747,Google Ads,2024-06-14,1,0,0.0
2747,Google Ads,2024-06-15,2,0,0.0
2748,Content/Webinar,2024-08-26,1,0,0.0
2748,Cold Outbound,2024-08-30,2,0,0.0
2749,Organic/SEO,2024-02-14,1,0,0.0
2749,Email,2024-02-14,2,0,0.0
2749,Email,2024-02-16,3,0,0.0
2750,Cold Outbound,2024-05-16,1,0,0.0
2751,Google Ads,2024-07-04,1,0,0.0
2751,Google Ads,2024-07-05,2,0,0.0
2752,Cold Outbound,2024-04-21,1,0,0.0
2752,Email,2024-04-24,2,0,0.0
2752,Referral,2024-04-27,3,0,0.0
2753,Google Ads,2024-03-16,1,0,0.0
2753,Cold Outbound,2024-03-18,2,0,0.0
2753,LinkedIn Ads,2024-03-23,3,0,0.0
2754,Google Ads,2024-04-02,1,0,0.0
2755,Email,2024-08-19,1,0,0.0
2756,Google Ads,2024-04-02,1,0,0.0
2757,Cold Outbound,2024-06-27,1,1,6481.05
2758,Google Ads,2024-01-05,1,0,0.0
2758,Email,2024-01-09,2,0,0.0
2758,Referral,2024-01-10,3,0,0.0
2759,Email,2024-02-11,1,0,0.0
2759,Organic/SEO,2024-02-15,2,0,0.0
2759,Cold Outbound,2024-02-17,3,0,0.0
2759,Content/Webinar,2024-02-17,4,0,0.0
2759,Organic/SEO,2024-02-21,5,0,0.0
2760,Cold Outbound,2024-02-06,1,0,0.0
2760,Referral,2024-02-06,2,0,0.0
2760,Google Ads,2024-02-08,3,0,0.0
2761,Cold Outbound,2024-10-30,1,0,0.0
2761,Google Ads,2024-11-04,2,0,0.0
2762,Email,2024-02-03,1,0,0.0
2762,Referral,2024-02-06,2,0,0.0
2762,Cold Outbound,2024-02-10,3,0,0.0
2762,Email,2024-02-15,4,0,0.0
2762,Email,2024-02-18,5,0,0.0
2763,Cold Outbound,2024-01-14,1,0,0.0
2764,Referral,2024-06-09,1,0,0.0
2764,Cold Outbound,2024-06-10,2,0,0.0
2764,Google Ads,2024-06-11,3,0,0.0
2764,Cold Outbound,2024-06-15,4,0,0.0
2765,Cold Outbound,2024-04-17,1,0,0.0
2765,Email,2024-04-20,2,0,0.0
2765,LinkedIn Ads,2024-04-24,3,0,0.0
2765,Organic/SEO,2024-04-29,4,0,0.0
2766,Cold Outbound,2024-10-05,1,0,0.0
2766,Content/Webinar,2024-10-05,2,0,0.0
2767,Google Ads,2024-06-13,1,0,0.0
2767,Google Ads,2024-06-16,2,0,0.0
2768,Google Ads,2024-01-26,1,1,11858.81
2768,LinkedIn Ads,2024-01-28,2,1,11858.81
2769,LinkedIn Ads,2024-04-28,1,0,0.0
2769,LinkedIn Ads,2024-05-02,2,0,0.0
2770,Google Ads,2024-03-29,1,0,0.0
2771,Cold Outbound,2024-08-04,1,0,0.0
2772,Organic/SEO,2024-05-08,1,0,0.0
2772,Referral,2024-05-10,2,0,0.0
2773,Cold Outbound,2024-10-11,1,0,0.0
2773,Referral,2024-10-15,2,0,0.0
2773,Google Ads,2024-10-15,3,0,0.0
2774,Content/Webinar,2024-07-02,1,0,0.0
2774,Cold Outbound,2024-07-02,2,0,0.0
2774,LinkedIn Ads,2024-07-03,3,0,0.0
2774,Email,2024-07-06,4,0,0.0
2775,LinkedIn Ads,2024-08-27,1,0,0.0
2776,LinkedIn Ads,2024-01-05,1,0,0.0
2776,Google Ads,2024-01-05,2,0,0.0
2777,Organic/SEO,2024-08-25,1,0,0.0
2777,Email,2024-08-25,2,0,0.0
2777,Google Ads,2024-08-25,3,0,0.0
2777,Content/Webinar,2024-08-26,4,0,0.0
2777,Google Ads,2024-08-31,5,0,0.0
2778,Email,2024-10-26,1,0,0.0
2778,Cold Outbound,2024-10-30,2,0,0.0
2779,Referral,2024-01-14,1,0,0.0
2779,Content/Webinar,2024-01-17,2,0,0.0
2779,Organic/SEO,2024-01-21,3,0,0.0
2779,Google Ads,2024-01-22,4,0,0.0
2780,Google Ads,2024-05-27,1,0,0.0
2781,Google Ads,2024-06-09,1,0,0.0
2782,LinkedIn Ads,2024-07-28,1,0,0.0
2782,Google Ads,2024-07-30,2,0,0.0
2783,Cold Outbound,2024-09-26,1,0,0.0
2783,Google Ads,2024-09-26,2,0,0.0
2784,Cold Outbound,2024-01-15,1,0,0.0
2784,Google Ads,2024-01-15,2,0,0.0
2785,Cold Outbound,2024-09-11,1,0,0.0
2786,Google Ads,2024-11-11,1,0,0.0
2786,Email,2024-11-12,2,0,0.0
2787,Email,2024-01-28,1,0,0.0
2787,Organic/SEO,2024-01-28,2,0,0.0
2788,Organic/SEO,2024-11-26,1,0,0.0
2788,Cold Outbound,2024-11-29,2,0,0.0
2789,Google Ads,2024-05-20,1,0,0.0
2789,Content/Webinar,2024-05-20,2,0,0.0
2789,Google Ads,2024-05-22,3,0,0.0
2789,Cold Outbound,2024-05-23,4,0,0.0
2790,Google Ads,2024-10-20,1,0,0.0
2790,Content/Webinar,2024-10-20,2,0,0.0
2790,LinkedIn Ads,2024-10-25,3,0,0.0
2790,Content/Webinar,2024-10-27,4,0,0.0
2790,Email,2024-10-28,5,0,0.0
2791,Google Ads,2024-10-22,1,0,0.0
2792,Cold Outbound,2024-11-17,1,0,0.0
2792,Google Ads,2024-11-22,2,0,0.0
2792,Google Ads,2024-11-24,3,0,0.0
2792,Referral,2024-11-29,4,0,0.0
2793,Google Ads,2024-04-05,1,1,7817.19
2793,Cold Outbound,2024-04-09,2,1,7817.19
2793,Content/Webinar,2024-04-14,3,1,7817.19
2794,Email,2024-02-17,1,0,0.0
2794,Google Ads,2024-02-21,2,0,0.0
2794,Google Ads,2024-02-21,3,0,0.0
2795,LinkedIn Ads,2024-02-29,1,0,0.0
2796,Cold Outbound,2024-08-15,1,1,5408.15
2796,Cold Outbound,2024-08-19,2,1,5408.15
2797,Email,2024-05-27,1,0,0.0
2798,Organic/SEO,2024-05-22,1,0,0.0
2798,Google Ads,2024-05-23,2,0,0.0
2798,Cold Outbound,2024-05-23,3,0,0.0
2799,Content/Webinar,2024-02-22,1,1,12151.94
2800,Google Ads,2024-10-26,1,0,0.0
2801,Cold Outbound,2024-03-14,1,1,11600.06
2801,Google Ads,2024-03-17,2,1,11600.06
2801,Email,2024-03-20,3,1,11600.06
2801,Organic/SEO,2024-03-22,4,1,11600.06
2802,Referral,2024-02-27,1,0,0.0
2802,Cold Outbound,2024-03-01,2,0,0.0
2803,Email,2024-11-18,1,0,0.0
2804,Organic/SEO,2024-08-02,1,1,20994.06
2804,Organic/SEO,2024-08-06,2,1,20994.06
2804,Referral,2024-08-07,3,1,20994.06
2805,Organic/SEO,2024-07-22,1,0,0.0
2805,LinkedIn Ads,2024-07-23,2,0,0.0
2806,Google Ads,2024-02-11,1,0,0.0
2806,Google Ads,2024-02-15,2,0,0.0
2806,Organic/SEO,2024-02-17,3,0,0.0
2806,Content/Webinar,2024-02-20,4,0,0.0
2807,Email,2024-01-25,1,0,0.0
2807,Cold Outbound,2024-01-28,2,0,0.0
2807,LinkedIn Ads,2024-01-31,3,0,0.0
2807,Organic/SEO,2024-02-01,4,0,0.0
2807,Content/Webinar,2024-02-02,5,0,0.0
2808,LinkedIn Ads,2024-08-19,1,0,0.0
2808,Google Ads,2024-08-21,2,0,0.0
2809,Cold Outbound,2024-06-05,1,1,3248.58
2810,Content/Webinar,2024-10-28,1,1,9061.48
2810,Organic/SEO,2024-11-01,2,1,9061.48
2810,Content/Webinar,2024-11-02,3,1,9061.48
2811,Cold Outbound,2024-07-11,1,0,0.0
2812,LinkedIn Ads,2024-11-08,1,0,0.0
2812,LinkedIn Ads,2024-11-10,2,0,0.0
2812,Cold Outbound,2024-11-11,3,0,0.0
2813,Email,2024-09-06,1,0,0.0
2813,Organic/SEO,2024-09-10,2,0,0.0
2813,Content/Webinar,2024-09-10,3,0,0.0
2814,Organic/SEO,2024-08-21,1,0,0.0
2814,LinkedIn Ads,2024-08-23,2,0,0.0
2814,Google Ads,2024-08-25,3,0,0.0
2815,LinkedIn Ads,2024-05-26,1,0,0.0
2816,Google Ads,2024-08-15,1,0,0.0
2817,Google Ads,2024-08-23,1,0,0.0
2818,Cold Outbound,2024-03-22,1,0,0.0
2818,Cold Outbound,2024-03-27,2,0,0.0
2818,Cold Outbound,2024-03-31,3,0,0.0
2819,Cold Outbound,2024-07-27,1,0,0.0
2819,Content/Webinar,2024-07-30,2,0,0.0
2819,Email,2024-08-04,3,0,0.0
2819,Organic/SEO,2024-08-08,4,0,0.0
2820,Content/Webinar,2024-03-18,1,0,0.0
2820,Cold Outbound,2024-03-21,2,0,0.0
2821,Google Ads,2024-06-12,1,0,0.0
2822,Email,2024-07-20,1,0,0.0
2822,Cold Outbound,2024-07-24,2,0,0.0
2823,Cold Outbound,2024-07-17,1,0,0.0
2823,Google Ads,2024-07-19,2,0,0.0
2824,Google Ads,2024-09-23,1,0,0.0
2824,Google Ads,2024-09-24,2,0,0.0
2824,Email,2024-09-28,3,0,0.0
2824,LinkedIn Ads,2024-10-01,4,0,0.0
2825,Cold Outbound,2024-03-16,1,0,0.0
2825,Organic/SEO,2024-03-20,2,0,0.0
2826,Content/Webinar,2024-10-05,1,0,0.0
2827,Google Ads,2024-05-22,1,0,0.0
2827,LinkedIn Ads,2024-05-22,2,0,0.0
2828,Content/Webinar,2024-01-25,1,0,0.0
2829,Google Ads,2024-11-07,1,1,8177.1
2829,Cold Outbound,2024-11-10,2,1,8177.1
2829,Google Ads,2024-11-12,3,1,8177.1
2830,Organic/SEO,2024-04-14,1,0,0.0
2831,Referral,2024-06-11,1,0,0.0
2832,Content/Webinar,2024-11-12,1,0,0.0
2832,Email,2024-11-13,2,0,0.0
2833,Email,2024-11-19,1,0,0.0
2833,Email,2024-11-21,2,0,0.0
2834,Google Ads,2024-07-22,1,0,0.0
2835,Cold Outbound,2024-04-14,1,0,0.0
2835,LinkedIn Ads,2024-04-14,2,0,0.0
2835,Google Ads,2024-04-18,3,0,0.0
2835,Cold Outbound,2024-04-20,4,0,0.0
2836,Cold Outbound,2024-10-07,1,0,0.0
2836,Cold Outbound,2024-10-08,2,0,0.0
2836,Organic/SEO,2024-10-09,3,0,0.0
2836,Cold Outbound,2024-10-12,4,0,0.0
2836,Referral,2024-10-16,5,0,0.0
2837,Email,2024-09-21,1,0,0.0
2837,Email,2024-09-23,2,0,0.0
2838,Organic/SEO,2024-01-09,1,0,0.0
2838,Email,2024-01-14,2,0,0.0
2839,Organic/SEO,2024-08-24,1,0,0.0
2840,Email,2024-09-09,1,0,0.0
2840,Organic/SEO,2024-09-14,2,0,0.0
2841,Content/Webinar,2024-01-05,1,0,0.0
2842,Organic/SEO,2024-03-07,1,1,6399.59
2843,Email,2024-08-01,1,0,0.0
2843,Cold Outbound,2024-08-02,2,0,0.0
2844,Cold Outbound,2024-10-25,1,1,7849.2
2844,Organic/SEO,2024-10-25,2,1,7849.2
2844,Organic/SEO,2024-10-28,3,1,7849.2
2844,Google Ads,2024-10-28,4,1,7849.2
2845,Organic/SEO,2024-07-09,1,0,0.0
2845,Cold Outbound,2024-07-11,2,0,0.0
2845,Google Ads,2024-07-12,3,0,0.0
2845,Content/Webinar,2024-07-12,4,0,0.0
2846,Google Ads,2024-02-10,1,0,0.0
2846,Google Ads,2024-02-15,2,0,0.0
2846,Organic/SEO,2024-02-18,3,0,0.0
2847,Content/Webinar,2024-11-03,1,0,0.0
2847,Referral,2024-11-05,2,0,0.0
2848,Cold Outbound,2024-02-15,1,0,0.0
2848,Organic/SEO,2024-02-18,2,0,0.0
2848,Organic/SEO,2024-02-18,3,0,0.0
2849,LinkedIn Ads,2024-02-15,1,0,0.0
2849,LinkedIn Ads,2024-02-16,2,0,0.0
2849,LinkedIn Ads,2024-02-21,3,0,0.0
2850,LinkedIn Ads,2024-03-02,1,0,0.0
2851,LinkedIn Ads,2024-05-05,1,1,6421.54
2851,LinkedIn Ads,2024-05-06,2,1,6421.54
2851,Cold Outbound,2024-05-10,3,1,6421.54
2852,Organic/SEO,2024-07-30,1,0,0.0
2852,Referral,2024-08-02,2,0,0.0
2853,Email,2024-08-23,1,0,0.0
2853,Google Ads,2024-08-27,2,0,0.0
2853,LinkedIn Ads,2024-08-28,3,0,0.0
2854,Cold Outbound,2024-10-19,1,0,0.0
2854,Email,2024-10-21,2,0,0.0
2855,Organic/SEO,2024-08-03,1,0,0.0
2855,Cold Outbound,2024-08-04,2,0,0.0
2855,Content/Webinar,2024-08-07,3,0,0.0
2855,Cold Outbound,2024-08-09,4,0,0.0
2856,Cold Outbound,2024-05-27,1,0,0.0
2857,LinkedIn Ads,2024-06-13,1,1,6500.7
2857,Cold Outbound,2024-06-17,2,1,6500.7
2857,Cold Outbound,2024-06-19,3,1,6500.7
2857,Referral,2024-06-21,4,1,6500.7
2857,Organic/SEO,2024-06-24,5,1,6500.7
2858,Organic/SEO,2024-01-12,1,0,0.0
2858,Google Ads,2024-01-13,2,0,0.0
2858,LinkedIn Ads,2024-01-16,3,0,0.0
2858,Content/Webinar,2024-01-16,4,0,0.0
2859,Cold Outbound,2024-05-11,1,1,7329.18
2860,Content/Webinar,2024-09-25,1,0,0.0
2860,Cold Outbound,2024-09-30,2,0,0.0
2860,Organic/SEO,2024-10-04,3,0,0.0
2860,Google Ads,2024-10-04,4,0,0.0
2860,Organic/SEO,2024-10-09,5,0,0.0
2861,Content/Webinar,2024-11-13,1,0,0.0
2861,Google Ads,2024-11-18,2,0,0.0
2861,Organic/SEO,2024-11-21,3,0,0.0
2861,Content/Webinar,2024-11-25,4,0,0.0
2861,Content/Webinar,2024-11-25,5,0,0.0
2862,Email,2024-01-17,1,1,7005.07
2862,LinkedIn Ads,2024-01-21,2,1,7005.07
2862,Google Ads,2024-01-23,3,1,7005.07
2862,Google Ads,2024-01-24,4,1,7005.07
2863,Organic/SEO,2024-06-19,1,0,0.0
2863,Organic/SEO,2024-06-24,2,0,0.0
2864,Content/Webinar,2024-08-04,1,0,0.0
2864,Cold Outbound,2024-08-05,2,0,0.0
2865,Google Ads,2024-03-15,1,0,0.0
2866,Cold Outbound,2024-02-25,1,0,0.0
2866,Google Ads,2024-02-28,2,0,0.0
2867,Cold Outbound,2024-05-19,1,0,0.0
2867,Google Ads,2024-05-19,2,0,0.0
2867,Google Ads,2024-05-21,3,0,0.0
2867,Cold Outbound,2024-05-26,4,0,0.0
2867,Cold Outbound,2024-05-29,5,0,0.0
2868,Email,2024-08-22,1,0,0.0
2868,Cold Outbound,2024-08-23,2,0,0.0
2869,Content/Webinar,2024-08-05,1,1,4955.99
2869,LinkedIn Ads,2024-08-07,2,1,4955.99
2869,LinkedIn Ads,2024-08-10,3,1,4955.99
2870,Google Ads,2024-03-24,1,0,0.0
2871,Email,2024-11-06,1,1,5209.81
2871,Content/Webinar,2024-11-06,2,1,5209.81
2871,Cold Outbound,2024-11-09,3,1,5209.81
2872,Email,2024-05-03,1,0,0.0
2872,Referral,2024-05-03,2,0,0.0
2872,Google Ads,2024-05-04,3,0,0.0
2873,Email,2024-05-24,1,0,0.0
2873,Referral,2024-05-27,2,0,0.0
2873,LinkedIn Ads,2024-05-31,3,0,0.0
2873,Organic/SEO,2024-06-03,4,0,0.0
2873,Cold Outbound,2024-06-05,5,0,0.0
2874,LinkedIn Ads,2024-06-30,1,0,0.0
2874,Cold Outbound,2024-07-01,2,0,0.0
2875,LinkedIn Ads,2024-08-11,1,0,0.0
2875,Email,2024-08-14,2,0,0.0
2875,Referral,2024-08-16,3,0,0.0
2875,Email,2024-08-18,4,0,0.0
2876,Google Ads,2024-11-19,1,0,0.0
2876,Cold Outbound,2024-11-22,2,0,0.0
2877,Organic/SEO,2024-04-10,1,0,0.0
2877,Email,2024-04-15,2,0,0.0
2877,Content/Webinar,2024-04-16,3,0,0.0
2877,Email,2024-04-17,4,0,0.0
2878,Email,2024-07-09,1,0,0.0
2879,Google Ads,2024-04-27,1,0,0.0
2879,LinkedIn Ads,2024-05-02,2,0,0.0
2880,Cold Outbound,2024-10-08,1,0,0.0
2880,Content/Webinar,2024-10-09,2,0,0.0
2881,LinkedIn Ads,2024-04-02,1,0,0.0
2881,LinkedIn Ads,2024-04-07,2,0,0.0
2881,Cold Outbound,2024-04-08,3,0,0.0
2882,LinkedIn Ads,2024-07-14,1,0,0.0
2882,Organic/SEO,2024-07-15,2,0,0.0
2883,LinkedIn Ads,2024-11-02,1,0,0.0
2883,Content/Webinar,2024-11-05,2,0,0.0
2883,Google Ads,2024-11-07,3,0,0.0
2884,LinkedIn Ads,2024-11-12,1,0,0.0
2884,Google Ads,2024-11-16,2,0,0.0
2884,Email,2024-11-16,3,0,0.0
2885,Google Ads,2024-06-23,1,1,4008.2
2885,LinkedIn Ads,2024-06-23,2,1,4008.2
2885,Google Ads,2024-06-27,3,1,4008.2
2886,Google Ads,2024-04-18,1,0,0.0
2887,Cold Outbound,2024-04-27,1,0,0.0
2887,Organic/SEO,2024-05-02,2,0,0.0
2887,Google Ads,2024-05-07,3,0,0.0
2887,LinkedIn Ads,2024-05-09,4,0,0.0
2888,Cold Outbound,2024-02-27,1,0,0.0
2889,Google Ads,2024-03-16,1,0,0.0
2890,Content/Webinar,2024-05-17,1,0,0.0
2891,Organic/SEO,2024-04-03,1,0,0.0
2891,LinkedIn Ads,2024-04-08,2,0,0.0
2891,Content/Webinar,2024-04-12,3,0,0.0
2892,Cold Outbound,2024-10-05,1,0,0.0
2892,Email,2024-10-05,2,0,0.0
2892,Organic/SEO,2024-10-05,3,0,0.0
2892,Cold Outbound,2024-10-05,4,0,0.0
2893,Google Ads,2024-11-28,1,0,0.0
2893,Cold Outbound,2024-11-29,2,0,0.0
2893,Email,2024-12-03,3,0,0.0
2894,Cold Outbound,2024-05-05,1,0,0.0
2895,Cold Outbound,2024-04-23,1,0,0.0
2895,LinkedIn Ads,2024-04-25,2,0,0.0
2895,Google Ads,2024-04-29,3,0,0.0
2896,Organic/SEO,2024-09-27,1,0,0.0
2896,Cold Outbound,2024-09-29,2,0,0.0
2897,LinkedIn Ads,2024-11-11,1,0,0.0
2897,Email,2024-11-15,2,0,0.0
2897,LinkedIn Ads,2024-11-18,3,0,0.0
2897,Content/Webinar,2024-11-20,4,0,0.0
2897,LinkedIn Ads,2024-11-20,5,0,0.0
2898,Google Ads,2024-04-30,1,1,9562.83
2898,Cold Outbound,2024-05-05,2,1,9562.83
2898,Organic/SEO,2024-05-09,3,1,9562.83
2899,Google Ads,2024-02-27,1,0,0.0
2899,Organic/SEO,2024-03-03,2,0,0.0
2900,Organic/SEO,2024-03-11,1,0,0.0
2901,Google Ads,2024-04-03,1,0,0.0
2901,Content/Webinar,2024-04-06,2,0,0.0
2902,LinkedIn Ads,2024-07-07,1,0,0.0
2902,Google Ads,2024-07-12,2,0,0.0
2903,Content/Webinar,2024-10-05,1,1,8162.34
2903,LinkedIn Ads,2024-10-05,2,1,8162.34
2903,LinkedIn Ads,2024-10-09,3,1,8162.34
2903,Organic/SEO,2024-10-09,4,1,8162.34
2904,Cold Outbound,2024-06-11,1,0,0.0
2905,Email,2024-10-26,1,0,0.0
2906,Content/Webinar,2024-06-15,1,0,0.0
2906,Cold Outbound,2024-06-17,2,0,0.0
2907,Cold Outbound,2024-10-19,1,0,0.0
2907,LinkedIn Ads,2024-10-20,2,0,0.0
2907,Email,2024-10-22,3,0,0.0
2907,LinkedIn Ads,2024-10-24,4,0,0.0
2908,Google Ads,2024-06-12,1,0,0.0
2908,Cold Outbound,2024-06-12,2,0,0.0
2908,Cold Outbound,2024-06-16,3,0,0.0
2909,Referral,2024-03-11,1,0,0.0
2910,Content/Webinar,2024-04-22,1,0,0.0
2910,LinkedIn Ads,2024-04-27,2,0,0.0
2911,LinkedIn Ads,2024-10-05,1,1,10378.93
2912,Google Ads,2024-10-27,1,1,2499.33
2912,Content/Webinar,2024-10-29,2,1,2499.33
2912,Cold Outbound,2024-10-30,3,1,2499.33
2913,Referral,2024-03-24,1,1,9480.11
2913,Google Ads,2024-03-29,2,1,9480.11
2914,Referral,2024-09-24,1,0,0.0
2914,Google Ads,2024-09-29,2,0,0.0
2914,Cold Outbound,2024-10-03,3,0,0.0
2914,Google Ads,2024-10-07,4,0,0.0
2914,LinkedIn Ads,2024-10-09,5,0,0.0
2915,Email,2024-04-07,1,0,0.0
2915,Email,2024-04-12,2,0,0.0
2916,Email,2024-02-29,1,0,0.0
2916,Organic/SEO,2024-03-04,2,0,0.0
2916,Content/Webinar,2024-03-04,3,0,0.0
2917,Cold Outbound,2024-07-15,1,1,7131.98
2918,Email,2024-04-02,1,0,0.0
2918,Content/Webinar,2024-04-05,2,0,0.0
2919,Google Ads,2024-08-07,1,0,0.0
2919,Cold Outbound,2024-08-07,2,0,0.0
2919,Google Ads,2024-08-11,3,0,0.0
2919,Google Ads,2024-08-12,4,0,0.0
2920,Referral,2024-06-03,1,1,3207.2
2920,Google Ads,2024-06-07,2,1,3207.2
2920,Organic/SEO,2024-06-10,3,1,3207.2
2921,Content/Webinar,2024-04-18,1,1,10150.91
2922,Cold Outbound,2024-01-07,1,0,0.0
2922,Cold Outbound,2024-01-09,2,0,0.0
2923,Email,2024-02-18,1,0,0.0
2923,LinkedIn Ads,2024-02-18,2,0,0.0
2924,Google Ads,2024-08-11,1,0,0.0
2924,Organic/SEO,2024-08-15,2,0,0.0
2925,Google Ads,2024-10-05,1,0,0.0
2926,Content/Webinar,2024-01-14,1,0,0.0
2926,Google Ads,2024-01-16,2,0,0.0
2927,Email,2024-04-02,1,0,0.0
2927,Content/Webinar,2024-04-03,2,0,0.0
2927,Cold Outbound,2024-04-07,3,0,0.0
2928,Google Ads,2024-06-19,1,0,0.0
2929,LinkedIn Ads,2024-01-23,1,0,0.0
2929,Cold Outbound,2024-01-28,2,0,0.0
2930,LinkedIn Ads,2024-02-09,1,0,0.0
2930,Cold Outbound,2024-02-13,2,0,0.0
2931,Email,2024-08-04,1,0,0.0
2931,Organic/SEO,2024-08-07,2,0,0.0
2931,Google Ads,2024-08-07,3,0,0.0
2931,Email,2024-08-09,4,0,0.0
2932,Organic/SEO,2024-09-07,1,0,0.0
2932,LinkedIn Ads,2024-09-10,2,0,0.0
2932,Google Ads,2024-09-10,3,0,0.0
2932,Content/Webinar,2024-09-10,4,0,0.0
2932,Google Ads,2024-09-14,5,0,0.0
2933,Organic/SEO,2024-10-16,1,0,0.0
2934,Email,2024-10-25,1,0,0.0
2934,Content/Webinar,2024-10-27,2,0,0.0
2934,Content/Webinar,2024-10-29,3,0,0.0
2934,Google Ads,2024-10-31,4,0,0.0
2934,Email,2024-11-05,5,0,0.0
2935,Organic/SEO,2024-06-04,1,0,0.0
2935,LinkedIn Ads,2024-06-09,2,0,0.0
2936,Content/Webinar,2024-06-02,1,0,0.0
2937,Google Ads,2024-02-18,1,0,0.0
2938,Email,2024-05-04,1,0,0.0
2938,Content/Webinar,2024-05-07,2,0,0.0
2938,Cold Outbound,2024-05-09,3,0,0.0
2939,Cold Outbound,2024-07-29,1,0,0.0
2940,Google Ads,2024-09-28,1,0,0.0
2940,LinkedIn Ads,2024-09-30,2,0,0.0
2941,Cold Outbound,2024-05-09,1,0,0.0
2941,Cold Outbound,2024-05-13,2,0,0.0
2941,Cold Outbound,2024-05-17,3,0,0.0
2942,Google Ads,2024-03-18,1,0,0.0
2942,Content/Webinar,2024-03-23,2,0,0.0
2942,LinkedIn Ads,2024-03-27,3,0,0.0
2942,Content/Webinar,2024-03-30,4,0,0.0
2943,LinkedIn Ads,2024-04-14,1,0,0.0
2944,LinkedIn Ads,2024-04-24,1,0,0.0
2944,Organic/SEO,2024-04-29,2,0,0.0
2944,LinkedIn Ads,2024-05-01,3,0,0.0
2945,Google Ads,2024-02-05,1,0,0.0
2945,Email,2024-02-10,2,0,0.0
2945,Referral,2024-02-10,3,0,0.0
2945,Cold Outbound,2024-02-10,4,0,0.0
2946,Content/Webinar,2024-07-17,1,0,0.0
2946,Cold Outbound,2024-07-22,2,0,0.0
2947,LinkedIn Ads,2024-01-23,1,0,0.0
2948,LinkedIn Ads,2024-10-25,1,0,0.0
2948,Referral,2024-10-27,2,0,0.0
2949,Content/Webinar,2024-07-22,1,0,0.0
2950,Email,2024-08-17,1,1,18957.81
2950,Referral,2024-08-21,2,1,18957.81
2951,Email,2024-09-25,1,0,0.0
2951,LinkedIn Ads,2024-09-29,2,0,0.0
2952,Email,2024-02-19,1,0,0.0
2952,Email,2024-02-21,2,0,0.0
2953,Organic/SEO,2024-10-22,1,0,0.0
2953,Google Ads,2024-10-22,2,0,0.0
2954,Content/Webinar,2024-07-13,1,0,0.0
2954,Google Ads,2024-07-18,2,0,0.0
2954,Email,2024-07-18,3,0,0.0
2955,Cold Outbound,2024-11-07,1,0,0.0
2955,Google Ads,2024-11-07,2,0,0.0
2956,Google Ads,2024-10-18,1,0,0.0
2956,Email,2024-10-20,2,0,0.0
2956,Cold Outbound,2024-10-25,3,0,0.0
2956,Google Ads,2024-10-30,4,0,0.0
2957,Referral,2024-01-02,1,0,0.0
2957,Google Ads,2024-01-04,2,0,0.0
2957,Google Ads,2024-01-05,3,0,0.0
2958,Cold Outbound,2024-07-18,1,0,0.0
2959,Email,2024-10-15,1,0,0.0
2959,Email,2024-10-17,2,0,0.0
2960,Organic/SEO,2024-10-17,1,0,0.0
2960,Google Ads,2024-10-22,2,0,0.0
2961,Content/Webinar,2024-09-28,1,0,0.0
2962,Google Ads,2024-02-29,1,0,0.0
2962,LinkedIn Ads,2024-02-29,2,0,0.0
2963,Email,2024-06-18,1,0,0.0
2963,Organic/SEO,2024-06-18,2,0,0.0
2963,Google Ads,2024-06-22,3,0,0.0
2964,Content/Webinar,2024-09-28,1,1,10437.16
2964,Content/Webinar,2024-09-29,2,1,10437.16
2964,Cold Outbound,2024-10-01,3,1,10437.16
2964,LinkedIn Ads,2024-10-02,4,1,10437.16
2965,Google Ads,2024-07-09,1,0,0.0
2965,LinkedIn Ads,2024-07-14,2,0,0.0
2965,Cold Outbound,2024-07-18,3,0,0.0
2965,Google Ads,2024-07-19,4,0,0.0
2965,Content/Webinar,2024-07-19,5,0,0.0
2966,Organic/SEO,2024-04-11,1,0,0.0
2966,Referral,2024-04-12,2,0,0.0
2966,Google Ads,2024-04-14,3,0,0.0
2967,Cold Outbound,2024-06-26,1,0,0.0
2967,Content/Webinar,2024-06-30,2,0,0.0
2967,Google Ads,2024-06-30,3,0,0.0
2968,Organic/SEO,2024-02-18,1,0,0.0
2968,Content/Webinar,2024-02-22,2,0,0.0
2969,Cold Outbound,2024-07-06,1,0,0.0
2969,Email,2024-07-11,2,0,0.0
2969,Content/Webinar,2024-07-16,3,0,0.0
2969,Referral,2024-07-17,4,0,0.0
2969,LinkedIn Ads,2024-07-18,5,0,0.0
2970,Email,2024-03-07,1,0,0.0
2970,Google Ads,2024-03-09,2,0,0.0
2970,LinkedIn Ads,2024-03-11,3,0,0.0
2970,Email,2024-03-11,4,0,0.0
2971,Organic/SEO,2024-09-12,1,1,5811.21
2971,Content/Webinar,2024-09-15,2,1,5811.21
2972,Cold Outbound,2024-01-01,1,0,0.0
2972,Google Ads,2024-01-06,2,0,0.0
2972,Google Ads,2024-01-11,3,0,0.0
2973,Content/Webinar,2024-06-04,1,0,0.0
2974,Email,2024-02-21,1,0,0.0
2975,LinkedIn Ads,2024-09-24,1,0,0.0
2975,Google Ads,2024-09-29,2,0,0.0
2975,LinkedIn Ads,2024-10-02,3,0,0.0
2976,Organic/SEO,2024-01-29,1,0,0.0
2976,Cold Outbound,2024-01-31,2,0,0.0
2976,Cold Outbound,2024-02-05,3,0,0.0
2977,Organic/SEO,2024-04-12,1,0,0.0
2977,Organic/SEO,2024-04-17,2,0,0.0
2978,Cold Outbound,2024-04-03,1,0,0.0
2978,Google Ads,2024-04-07,2,0,0.0
2978,Content/Webinar,2024-04-07,3,0,0.0
2978,Organic/SEO,2024-04-08,4,0,0.0
2978,LinkedIn Ads,2024-04-10,5,0,0.0
2979,Cold Outbound,2024-10-31,1,0,0.0
2979,LinkedIn Ads,2024-10-31,2,0,0.0
2980,Referral,2024-09-01,1,0,0.0
2980,LinkedIn Ads,2024-09-06,2,0,0.0
2981,Content/Webinar,2024-09-10,1,0,0.0
2981,Cold Outbound,2024-09-12,2,0,0.0
2981,Content/Webinar,2024-09-16,3,0,0.0
2981,Content/Webinar,2024-09-16,4,0,0.0
2982,Organic/SEO,2024-10-28,1,0,0.0
2982,Content/Webinar,2024-10-31,2,0,0.0
2982,Content/Webinar,2024-11-02,3,0,0.0
2982,LinkedIn Ads,2024-11-03,4,0,0.0
2983,Google Ads,2024-02-06,1,0,0.0
2983,Email,2024-02-10,2,0,0.0
2984,Organic/SEO,2024-04-16,1,0,0.0
2984,Referral,2024-04-21,2,0,0.0
2984,Cold Outbound,2024-04-25,3,0,0.0
2985,LinkedIn Ads,2024-02-26,1,0,0.0
2985,Content/Webinar,2024-02-27,2,0,0.0
2986,Organic/SEO,2024-09-07,1,0,0.0
2986,Google Ads,2024-09-09,2,0,0.0
2987,Content/Webinar,2024-10-17,1,0,0.0
2988,Cold Outbound,2024-02-24,1,0,0.0
2988,Referral,2024-02-29,2,0,0.0
2988,Google Ads,2024-03-02,3,0,0.0
2989,Google Ads,2024-05-17,1,0,0.0
2989,Referral,2024-05-17,2,0,0.0
2990,Referral,2024-01-05,1,0,0.0
2991,Cold Outbound,2024-10-30,1,0,0.0
2991,Google Ads,2024-11-04,2,0,0.0
2991,Content/Webinar,2024-11-07,3,0,0.0
2992,Google Ads,2024-01-21,1,0,0.0
2992,Cold Outbound,2024-01-21,2,0,0.0
2993,Email,2024-07-15,1,0,0.0
2993,Google Ads,2024-07-15,2,0,0.0
2993,Content/Webinar,2024-07-16,3,0,0.0
2994,Cold Outbound,2024-08-20,1,0,0.0
2995,LinkedIn Ads,2024-11-13,1,0,0.0
2996,LinkedIn Ads,2024-04-02,1,0,0.0
2997,Cold Outbound,2024-09-19,1,0,0.0
2997,Email,2024-09-19,2,0,0.0
2997,Email,2024-09-19,3,0,0.0
2997,Cold Outbound,2024-09-23,4,0,0.0
2998,Organic/SEO,2024-04-30,1,1,8338.59
2998,Organic/SEO,2024-05-01,2,1,8338.59
2998,Email,2024-05-04,3,1,8338.59
2998,Referral,2024-05-09,4,1,8338.59
2999,Email,2024-08-15,1,1,8533.0
3000,Organic/SEO,2024-07-01,1,0,0.0
3000,Google Ads,2024-07-04,2,0,0.0
3000,Email,2024-07-09,3,0,0.0
3000,Email,2024-07-10,4,0,0.0
3001,Organic/SEO,2024-10-24,1,1,13198.41
3001,LinkedIn Ads,2024-10-27,2,1,13198.41
3002,Content/Webinar,2024-08-15,1,0,0.0
3002,Cold Outbound,2024-08-19,2,0,0.0
3002,Google Ads,2024-08-20,3,0,0.0
3003,Cold Outbound,2024-09-14,1,0,0.0
3003,Organic/SEO,2024-09-19,2,0,0.0
3003,Google Ads,2024-09-24,3,0,0.0
3003,Cold Outbound,2024-09-24,4,0,0.0
3004,Referral,2024-03-10,1,0,0.0
3004,Email,2024-03-14,2,0,0.0
3004,LinkedIn Ads,2024-03-17,3,0,0.0
3004,LinkedIn Ads,2024-03-17,4,0,0.0
3005,Cold Outbound,2024-07-13,1,1,7783.49
3006,Email,2024-05-19,1,0,0.0
3006,Organic/SEO,2024-05-22,2,0,0.0
3006,LinkedIn Ads,2024-05-27,3,0,0.0
3007,Email,2024-03-09,1,0,0.0
3007,Google Ads,2024-03-09,2,0,0.0
3007,Email,2024-03-14,3,0,0.0
3007,Content/Webinar,2024-03-19,4,0,0.0
3007,Cold Outbound,2024-03-23,5,0,0.0
3008,Google Ads,2024-02-04,1,0,0.0
3008,Organic/SEO,2024-02-09,2,0,0.0
3008,LinkedIn Ads,2024-02-14,3,0,0.0
3008,Organic/SEO,2024-02-19,4,0,0.0
3009,Google Ads,2024-01-17,1,0,0.0
3010,Email,2024-08-09,1,0,0.0
3010,Organic/SEO,2024-08-09,2,0,0.0
3010,Content/Webinar,2024-08-12,3,0,0.0
3010,Cold Outbound,2024-08-15,4,0,0.0
3011,LinkedIn Ads,2024-08-14,1,1,11177.44
3011,LinkedIn Ads,2024-08-18,2,1,11177.44
3011,Cold Outbound,2024-08-18,3,1,11177.44
3011,Cold Outbound,2024-08-21,4,1,11177.44
3011,LinkedIn Ads,2024-08-21,5,1,11177.44
3012,Content/Webinar,2024-05-22,1,0,0.0
3012,Organic/SEO,2024-05-25,2,0,0.0
3012,Google Ads,2024-05-25,3,0,0.0
3013,Email,2024-08-26,1,0,0.0
3013,Organic/SEO,2024-08-28,2,0,0.0
3013,Email,2024-08-31,3,0,0.0
3014,Referral,2024-07-21,1,0,0.0
3014,Google Ads,2024-07-26,2,0,0.0
3014,Email,2024-07-26,3,0,0.0
3014,Cold Outbound,2024-07-29,4,0,0.0
3015,Cold Outbound,2024-07-02,1,0,0.0
3015,Content/Webinar,2024-07-03,2,0,0.0
3016,Organic/SEO,2024-02-15,1,0,0.0
3016,Email,2024-02-18,2,0,0.0
3017,Organic/SEO,2024-02-22,1,0,0.0
3017,Email,2024-02-22,2,0,0.0
3018,Google Ads,2024-10-28,1,0,0.0
3019,Cold Outbound,2024-03-25,1,1,7243.54
3020,Google Ads,2024-10-25,1,0,0.0
3020,Google Ads,2024-10-30,2,0,0.0
3020,LinkedIn Ads,2024-11-04,3,0,0.0
3021,Email,2024-11-12,1,0,0.0
3021,Cold Outbound,2024-11-12,2,0,0.0
3022,Email,2024-01-21,1,0,0.0
3022,Organic/SEO,2024-01-25,2,0,0.0
3022,Organic/SEO,2024-01-29,3,0,0.0
3023,Cold Outbound,2024-04-05,1,0,0.0
3023,Google Ads,2024-04-07,2,0,0.0
3024,Google Ads,2024-03-02,1,1,4848.39
3024,LinkedIn Ads,2024-03-02,2,1,4848.39
3024,Content/Webinar,2024-03-05,3,1,4848.39
3024,Google Ads,2024-03-08,4,1,4848.39
3025,Content/Webinar,2024-04-13,1,1,2838.19
3025,Google Ads,2024-04-17,2,1,2838.19
3025,Cold Outbound,2024-04-18,3,1,2838.19
3026,Cold Outbound,2024-02-28,1,0,0.0
3026,Google Ads,2024-03-04,2,0,0.0
3027,Google Ads,2024-09-26,1,0,0.0
3028,Email,2024-06-04,1,0,0.0
3028,Google Ads,2024-06-07,2,0,0.0
3029,LinkedIn Ads,2024-07-25,1,0,0.0
3030,Referral,2024-01-25,1,0,0.0
3030,Organic/SEO,2024-01-29,2,0,0.0
3031,LinkedIn Ads,2024-06-08,1,0,0.0
3032,Google Ads,2024-05-25,1,0,0.0
3033,Email,2024-02-25,1,0,0.0
3033,Referral,2024-02-25,2,0,0.0
3034,Referral,2024-03-08,1,0,0.0
3034,Cold Outbound,2024-03-10,2,0,0.0
3034,Organic/SEO,2024-03-10,3,0,0.0
3034,LinkedIn Ads,2024-03-13,4,0,0.0
3034,Google Ads,2024-03-18,5,0,0.0
3035,Organic/SEO,2024-07-27,1,0,0.0
3035,Referral,2024-07-28,2,0,0.0
3035,Cold Outbound,2024-07-29,3,0,0.0
3035,Email,2024-08-02,4,0,0.0
3035,Email,2024-08-02,5,0,0.0
3036,LinkedIn Ads,2024-01-30,1,0,0.0
3036,Email,2024-02-04,2,0,0.0
3037,Cold Outbound,2024-08-03,1,0,0.0
3037,Cold Outbound,2024-08-08,2,0,0.0
3038,Organic/SEO,2024-10-28,1,0,0.0
3039,Google Ads,2024-10-29,1,0,0.0
3039,Organic/SEO,2024-11-03,2,0,0.0
3039,Email,2024-11-03,3,0,0.0
3039,Cold Outbound,2024-11-04,4,0,0.0
3040,Organic/SEO,2024-08-25,1,0,0.0
3041,LinkedIn Ads,2024-05-23,1,0,0.0
3041,Content/Webinar,2024-05-24,2,0,0.0
3041,Content/Webinar,2024-05-27,3,0,0.0
3041,Email,2024-05-28,4,0,0.0
3042,Cold Outbound,2024-02-29,1,0,0.0
3043,Content/Webinar,2024-11-02,1,0,0.0
3043,LinkedIn Ads,2024-11-07,2,0,0.0
3043,Email,2024-11-08,3,0,0.0
3044,Organic/SEO,2024-02-10,1,0,0.0
3045,Referral,2024-08-06,1,0,0.0
3046,LinkedIn Ads,2024-10-28,1,0,0.0
3046,Content/Webinar,2024-10-31,2,0,0.0
3047,LinkedIn Ads,2024-06-17,1,0,0.0
3047,Google Ads,2024-06-22,2,0,0.0
3047,Cold Outbound,2024-06-23,3,0,0.0
3048,Google Ads,2024-01-14,1,1,10221.08
3049,Google Ads,2024-08-21,1,0,0.0
3050,Google Ads,2024-04-01,1,0,0.0
3050,LinkedIn Ads,2024-04-05,2,0,0.0
3051,Google Ads,2024-05-20,1,0,0.0
3051,Google Ads,2024-05-21,2,0,0.0
3051,LinkedIn Ads,2024-05-23,3,0,0.0
3051,Cold Outbound,2024-05-28,4,0,0.0
3052,Content/Webinar,2024-11-05,1,0,0.0
3053,Google Ads,2024-06-09,1,1,9792.64
3053,Cold Outbound,2024-06-11,2,1,9792.64
3053,LinkedIn Ads,2024-06-14,3,1,9792.64
3054,Referral,2024-07-07,1,0,0.0
3054,Cold Outbound,2024-07-08,2,0,0.0
3054,Cold Outbound,2024-07-13,3,0,0.0
3054,Content/Webinar,2024-07-15,4,0,0.0
3055,Organic/SEO,2024-09-11,1,0,0.0
3056,Email,2024-08-04,1,0,0.0
3057,Cold Outbound,2024-11-05,1,0,0.0
3057,Referral,2024-11-08,2,0,0.0
3057,Organic/SEO,2024-11-11,3,0,0.0
3058,Google Ads,2024-05-17,1,0,0.0
3059,Google Ads,2024-01-16,1,0,0.0
3059,Email,2024-01-20,2,0,0.0
3060,LinkedIn Ads,2024-01-08,1,0,0.0
3060,Referral,2024-01-10,2,0,0.0
3060,LinkedIn Ads,2024-01-11,3,0,0.0
3060,Email,2024-01-15,4,0,0.0
3061,Organic/SEO,2024-02-26,1,0,0.0
3061,Cold Outbound,2024-02-28,2,0,0.0
3062,Cold Outbound,2024-06-13,1,1,3437.19
3063,Google Ads,2024-04-22,1,0,0.0
3063,Cold Outbound,2024-04-24,2,0,0.0
3063,Email,2024-04-26,3,0,0.0
3064,Email,2024-04-06,1,1,12604.82
3064,Referral,2024-04-10,2,1,12604.82
3065,Google Ads,2024-11-11,1,0,0.0
3065,LinkedIn Ads,2024-11-16,2,0,0.0
3065,Google Ads,2024-11-20,3,0,0.0
3065,Content/Webinar,2024-11-22,4,0,0.0
3066,Google Ads,2024-03-24,1,0,0.0
3067,Email,2024-03-09,1,0,0.0
3068,Organic/SEO,2024-09-17,1,0,0.0
3068,Google Ads,2024-09-21,2,0,0.0
3068,Google Ads,2024-09-25,3,0,0.0
3068,LinkedIn Ads,2024-09-25,4,0,0.0
3068,Google Ads,2024-09-28,5,0,0.0
3069,Email,2024-03-09,1,1,9984.39
3069,Content/Webinar,2024-03-12,2,1,9984.39
3069,Content/Webinar,2024-03-15,3,1,9984.39
3070,LinkedIn Ads,2024-11-04,1,0,0.0
3071,Google Ads,2024-05-27,1,0,0.0
3071,Google Ads,2024-05-30,2,0,0.0
3071,Content/Webinar,2024-06-01,3,0,0.0
3072,Content/Webinar,2024-03-28,1,1,6975.81
3072,Organic/SEO,2024-04-01,2,1,6975.81
3072,Email,2024-04-06,3,1,6975.81
3073,Google Ads,2024-01-02,1,0,0.0
3073,Google Ads,2024-01-03,2,0,0.0
3074,Cold Outbound,2024-05-24,1,0,0.0
3075,Google Ads,2024-03-11,1,1,6370.09
3075,Organic/SEO,2024-03-14,2,1,6370.09
3076,LinkedIn Ads,2024-07-08,1,0,0.0
3076,LinkedIn Ads,2024-07-12,2,0,0.0
3076,Google Ads,2024-07-17,3,0,0.0
3076,Email,2024-07-21,4,0,0.0
3077,Email,2024-05-14,1,1,9085.54
3077,Email,2024-05-15,2,1,9085.54
3077,Google Ads,2024-05-16,3,1,9085.54
3077,Google Ads,2024-05-19,4,1,9085.54
3078,Organic/SEO,2024-03-21,1,0,0.0
3078,LinkedIn Ads,2024-03-26,2,0,0.0
3078,Google Ads,2024-03-31,3,0,0.0
3079,Email,2024-03-09,1,0,0.0
3079,Google Ads,2024-03-09,2,0,0.0
3080,LinkedIn Ads,2024-05-30,1,0,0.0
3080,Organic/SEO,2024-05-30,2,0,0.0
3080,Email,2024-06-04,3,0,0.0
3081,Content/Webinar,2024-04-30,1,0,0.0
3082,Referral,2024-01-31,1,0,0.0
3082,Google Ads,2024-02-05,2,0,0.0
3082,Content/Webinar,2024-02-08,3,0,0.0
3082,Cold Outbound,2024-02-11,4,0,0.0
3083,Organic/SEO,2024-09-04,1,0,0.0
3083,LinkedIn Ads,2024-09-04,2,0,0.0
3084,Organic/SEO,2024-09-01,1,0,0.0
3084,LinkedIn Ads,2024-09-05,2,0,0.0
3085,Cold Outbound,2024-05-24,1,0,0.0
3085,Referral,2024-05-27,2,0,0.0
3086,Cold Outbound,2024-10-13,1,0,0.0
3087,Cold Outbound,2024-05-14,1,0,0.0
3088,LinkedIn Ads,2024-02-03,1,0,0.0
3089,Content/Webinar,2024-02-19,1,0,0.0
3089,LinkedIn Ads,2024-02-23,2,0,0.0
3090,Cold Outbound,2024-10-30,1,0,0.0
3091,LinkedIn Ads,2024-04-18,1,1,3629.6
3091,Organic/SEO,2024-04-19,2,1,3629.6
3092,Cold Outbound,2024-02-12,1,0,0.0
3092,Content/Webinar,2024-02-16,2,0,0.0
3093,LinkedIn Ads,2024-05-01,1,0,0.0
3094,Google Ads,2024-03-24,1,0,0.0
3094,Cold Outbound,2024-03-27,2,0,0.0
3095,Content/Webinar,2024-03-22,1,0,0.0
3096,Google Ads,2024-10-06,1,0,0.0
3096,Cold Outbound,2024-10-11,2,0,0.0
3096,Google Ads,2024-10-11,3,0,0.0
3096,Email,2024-10-16,4,0,0.0
3097,Cold Outbound,2024-05-24,1,0,0.0
3097,Organic/SEO,2024-05-29,2,0,0.0
3098,Organic/SEO,2024-01-19,1,0,0.0
3098,Content/Webinar,2024-01-24,2,0,0.0
3098,Cold Outbound,2024-01-28,3,0,0.0
3099,Cold Outbound,2024-09-06,1,0,0.0
3099,Organic/SEO,2024-09-09,2,0,0.0
3100,Email,2024-03-01,1,0,0.0
3100,Google Ads,2024-03-01,2,0,0.0
3101,Cold Outbound,2024-01-18,1,0,0.0
3102,LinkedIn Ads,2024-03-12,1,0,0.0
3102,Email,2024-03-12,2,0,0.0
3102,Organic/SEO,2024-03-16,3,0,0.0
3103,Google Ads,2024-04-27,1,0,0.0
3104,Email,2024-11-17,1,0,0.0
3105,LinkedIn Ads,2024-06-03,1,0,0.0
3105,LinkedIn Ads,2024-06-08,2,0,0.0
3105,Email,2024-06-09,3,0,0.0
3106,Cold Outbound,2024-09-11,1,0,0.0
3106,LinkedIn Ads,2024-09-14,2,0,0.0
3107,Email,2024-01-26,1,0,0.0
3107,Email,2024-01-28,2,0,0.0
3107,Cold Outbound,2024-01-30,3,0,0.0
3107,Google Ads,2024-01-31,4,0,0.0
3108,Organic/SEO,2024-10-11,1,0,0.0
3108,Referral,2024-10-14,2,0,0.0
3108,Referral,2024-10-18,3,0,0.0
3108,Cold Outbound,2024-10-20,4,0,0.0
3109,Google Ads,2024-07-21,1,0,0.0
3109,Google Ads,2024-07-23,2,0,0.0
3110,Organic/SEO,2024-02-16,1,0,0.0
3110,Referral,2024-02-17,2,0,0.0
3110,Cold Outbound,2024-02-18,3,0,0.0
3110,Email,2024-02-23,4,0,0.0
3110,LinkedIn Ads,2024-02-25,5,0,0.0
3111,Cold Outbound,2024-08-28,1,0,0.0
3111,LinkedIn Ads,2024-08-29,2,0,0.0
3112,LinkedIn Ads,2024-07-25,1,0,0.0
3112,Organic/SEO,2024-07-30,2,0,0.0
3113,Google Ads,2024-04-30,1,0,0.0
3114,Google Ads,2024-04-16,1,0,0.0
3115,Email,2024-03-12,1,1,9147.05
3115,Email,2024-03-14,2,1,9147.05
3115,Content/Webinar,2024-03-19,3,1,9147.05
3115,Google Ads,2024-03-21,4,1,9147.05
3115,Organic/SEO,2024-03-26,5,1,9147.05
3116,LinkedIn Ads,2024-01-30,1,0,0.0
3116,Organic/SEO,2024-02-03,2,0,0.0
3117,Email,2024-06-24,1,0,0.0
3117,Google Ads,2024-06-27,2,0,0.0
3117,Cold Outbound,2024-06-28,3,0,0.0
3117,Google Ads,2024-06-30,4,0,0.0
3118,Cold Outbound,2024-06-13,1,0,0.0
3118,Organic/SEO,2024-06-15,2,0,0.0
3119,Cold Outbound,2024-01-14,1,0,0.0
3119,Organic/SEO,2024-01-14,2,0,0.0
3120,Cold Outbound,2024-07-14,1,0,0.0
3120,Email,2024-07-14,2,0,0.0
3121,LinkedIn Ads,2024-08-20,1,0,0.0
3121,Organic/SEO,2024-08-23,2,0,0.0
3122,Google Ads,2024-10-17,1,0,0.0
3122,Organic/SEO,2024-10-21,2,0,0.0
3123,Email,2024-06-01,1,0,0.0
3123,Content/Webinar,2024-06-02,2,0,0.0
3124,Organic/SEO,2024-05-22,1,0,0.0
3124,Cold Outbound,2024-05-24,2,0,0.0
3124,LinkedIn Ads,2024-05-28,3,0,0.0
3124,Organic/SEO,2024-05-29,4,0,0.0
3125,Cold Outbound,2024-05-23,1,0,0.0
3126,Google Ads,2024-01-16,1,0,0.0
3127,Email,2024-07-25,1,0,0.0
3127,Content/Webinar,2024-07-27,2,0,0.0
3127,Google Ads,2024-07-30,3,0,0.0
3127,LinkedIn Ads,2024-08-03,4,0,0.0
3127,Cold Outbound,2024-08-05,5,0,0.0
3128,Cold Outbound,2024-02-26,1,0,0.0
3129,Cold Outbound,2024-07-30,1,0,0.0
3129,Cold Outbound,2024-08-01,2,0,0.0
3129,LinkedIn Ads,2024-08-04,3,0,0.0
3130,Organic/SEO,2024-10-04,1,0,0.0
3130,Email,2024-10-07,2,0,0.0
3130,Email,2024-10-10,3,0,0.0
3131,Cold Outbound,2024-05-09,1,0,0.0
3131,LinkedIn Ads,2024-05-14,2,0,0.0
3132,LinkedIn Ads,2024-07-20,1,0,0.0
3132,Email,2024-07-24,2,0,0.0
3133,Content/Webinar,2024-11-21,1,1,6655.49
3133,Google Ads,2024-11-25,2,1,6655.49
3134,Google Ads,2024-01-18,1,0,0.0
3134,Content/Webinar,2024-01-20,2,0,0.0
3135,Google Ads,2024-02-20,1,1,3638.15
3135,Email,2024-02-25,2,1,3638.15
3136,LinkedIn Ads,2024-08-05,1,0,0.0
3136,Google Ads,2024-08-06,2,0,0.0
3137,Organic/SEO,2024-05-19,1,0,0.0
3137,Google Ads,2024-05-19,2,0,0.0
3137,Google Ads,2024-05-24,3,0,0.0
3138,Referral,2024-08-24,1,0,0.0
3138,LinkedIn Ads,2024-08-27,2,0,0.0
3138,Cold Outbound,2024-08-28,3,0,0.0
3138,LinkedIn Ads,2024-08-28,4,0,0.0
3139,Cold Outbound,2024-03-05,1,1,3661.24
3139,Cold Outbound,2024-03-08,2,1,3661.24
3139,Email,2024-03-11,3,1,3661.24
3140,Cold Outbound,2024-06-14,1,0,0.0
3141,Email,2024-02-20,1,0,0.0
3141,LinkedIn Ads,2024-02-21,2,0,0.0
3142,Cold Outbound,2024-01-01,1,0,0.0
3142,Google Ads,2024-01-04,2,0,0.0
3143,Email,2024-10-09,1,0,0.0
3144,Organic/SEO,2024-06-14,1,0,0.0
3145,Google Ads,2024-11-10,1,0,0.0
3146,LinkedIn Ads,2024-07-01,1,0,0.0
3146,Cold Outbound,2024-07-02,2,0,0.0
3147,Google Ads,2024-09-04,1,0,0.0
3148,Google Ads,2024-08-05,1,0,0.0
3148,Google Ads,2024-08-05,2,0,0.0
3148,Organic/SEO,2024-08-07,3,0,0.0
3148,Cold Outbound,2024-08-07,4,0,0.0
3149,LinkedIn Ads,2024-05-19,1,0,0.0
3149,Email,2024-05-19,2,0,0.0
3150,LinkedIn Ads,2024-03-20,1,0,0.0
3150,Cold Outbound,2024-03-22,2,0,0.0
3150,Email,2024-03-27,3,0,0.0
3150,Email,2024-03-27,4,0,0.0
3151,Email,2024-07-29,1,0,0.0
3151,Content/Webinar,2024-07-29,2,0,0.0
3152,Content/Webinar,2024-11-17,1,0,0.0
3152,Google Ads,2024-11-20,2,0,0.0
3153,Content/Webinar,2024-05-10,1,0,0.0
3153,Referral,2024-05-13,2,0,0.0
3154,Email,2024-03-11,1,1,4622.71
3154,LinkedIn Ads,2024-03-14,2,1,4622.71
3154,Organic/SEO,2024-03-19,3,1,4622.71
3154,Cold Outbound,2024-03-23,4,1,4622.71
3155,Organic/SEO,2024-09-07,1,0,0.0
3155,Google Ads,2024-09-08,2,0,0.0
3155,Cold Outbound,2024-09-11,3,0,0.0
3155,Google Ads,2024-09-12,4,0,0.0
3155,Google Ads,2024-09-17,5,0,0.0
3156,Email,2024-04-04,1,0,0.0
3156,Google Ads,2024-04-05,2,0,0.0
3156,Cold Outbound,2024-04-07,3,0,0.0
3156,LinkedIn Ads,2024-04-07,4,0,0.0
3157,Organic/SEO,2024-07-28,1,0,0.0
3157,Cold Outbound,2024-08-02,2,0,0.0
3157,Cold Outbound,2024-08-04,3,0,0.0
3158,Content/Webinar,2024-07-19,1,0,0.0
3158,Cold Outbound,2024-07-21,2,0,0.0
3158,LinkedIn Ads,2024-07-25,3,0,0.0
3158,Cold Outbound,2024-07-28,4,0,0.0
3159,Organic/SEO,2024-08-03,1,0,0.0
3160,Referral,2024-10-30,1,0,0.0
3160,Organic/SEO,2024-10-30,2,0,0.0
3160,Google Ads,2024-10-31,3,0,0.0
3160,Organic/SEO,2024-10-31,4,0,0.0
3161,Cold Outbound,2024-04-28,1,0,0.0
3161,Email,2024-05-02,2,0,0.0
3161,Content/Webinar,2024-05-05,3,0,0.0
3162,Google Ads,2024-11-25,1,0,0.0
3162,Cold Outbound,2024-11-28,2,0,0.0
3162,Email,2024-11-28,3,0,0.0
3162,Content/Webinar,2024-11-29,4,0,0.0
3163,Content/Webinar,2024-09-11,1,0,0.0
3163,Content/Webinar,2024-09-16,2,0,0.0
3164,Google Ads,2024-07-18,1,0,0.0
3164,LinkedIn Ads,2024-07-19,2,0,0.0
3165,Google Ads,2024-10-23,1,0,0.0
3166,LinkedIn Ads,2024-08-17,1,0,0.0
3166,Organic/SEO,2024-08-22,2,0,0.0
3166,LinkedIn Ads,2024-08-24,3,0,0.0
3166,Google Ads,2024-08-25,4,0,0.0
3166,Organic/SEO,2024-08-30,5,0,0.0
3167,LinkedIn Ads,2024-10-30,1,0,0.0
3168,LinkedIn Ads,2024-05-01,1,1,4974.83
3168,Content/Webinar,2024-05-02,2,1,4974.83
3168,Cold Outbound,2024-05-05,3,1,4974.83
3168,LinkedIn Ads,2024-05-10,4,1,4974.83
3169,Google Ads,2024-07-16,1,0,0.0
3169,LinkedIn Ads,2024-07-21,2,0,0.0
3170,Referral,2024-07-02,1,1,9059.94
3170,Content/Webinar,2024-07-07,2,1,9059.94
3170,Organic/SEO,2024-07-12,3,1,9059.94
3170,Content/Webinar,2024-07-16,4,1,9059.94
3170,Email,2024-07-17,5,1,9059.94
3171,Google Ads,2024-09-05,1,0,0.0
3171,Google Ads,2024-09-06,2,0,0.0
3172,Organic/SEO,2024-02-29,1,0,0.0
3172,Google Ads,2024-02-29,2,0,0.0
3172,Cold Outbound,2024-03-02,3,0,0.0
3172,Email,2024-03-04,4,0,0.0
3173,LinkedIn Ads,2024-05-30,1,0,0.0
3173,Organic/SEO,2024-06-04,2,0,0.0
3174,Cold Outbound,2024-11-25,1,0,0.0
3174,Google Ads,2024-11-29,2,0,0.0
3174,Cold Outbound,2024-11-29,3,0,0.0
3175,Email,2024-06-09,1,0,0.0
3175,Email,2024-06-11,2,0,0.0
3175,Google Ads,2024-06-16,3,0,0.0
3175,Google Ads,2024-06-18,4,0,0.0
3176,Organic/SEO,2024-01-31,1,0,0.0
3177,Email,2024-06-27,1,0,0.0
3177,Google Ads,2024-06-30,2,0,0.0
3178,Google Ads,2024-02-22,1,1,6582.58
3179,Cold Outbound,2024-05-15,1,0,0.0
3179,Google Ads,2024-05-19,2,0,0.0
3179,Cold Outbound,2024-05-24,3,0,0.0
3180,Organic/SEO,2024-04-26,1,0,0.0
3181,Google Ads,2024-09-24,1,0,0.0
3181,Google Ads,2024-09-25,2,0,0.0
3182,LinkedIn Ads,2024-08-17,1,0,0.0
3183,Cold Outbound,2024-06-18,1,0,0.0
3184,Referral,2024-01-18,1,0,0.0
3184,Organic/SEO,2024-01-20,2,0,0.0
3185,Email,2024-03-11,1,0,0.0
3186,Google Ads,2024-11-25,1,1,11905.48
3186,LinkedIn Ads,2024-11-26,2,1,11905.48
3187,Cold Outbound,2024-11-14,1,0,0.0
3188,Cold Outbound,2024-08-05,1,0,0.0
3188,Google Ads,2024-08-07,2,0,0.0
3188,Content/Webinar,2024-08-12,3,0,0.0
3188,Content/Webinar,2024-08-14,4,0,0.0
3189,Google Ads,2024-09-03,1,0,0.0
3189,Cold Outbound,2024-09-07,2,0,0.0
3189,Email,2024-09-07,3,0,0.0
3190,Organic/SEO,2024-09-03,1,0,0.0
3190,Referral,2024-09-08,2,0,0.0
3190,Cold Outbound,2024-09-12,3,0,0.0
3191,Google Ads,2024-09-19,1,1,2232.09
3191,Google Ads,2024-09-24,2,1,2232.09
3191,Cold Outbound,2024-09-24,3,1,2232.09
3192,Cold Outbound,2024-05-06,1,0,0.0
3192,Cold Outbound,2024-05-07,2,0,0.0
3193,Cold Outbound,2024-05-14,1,0,0.0
3193,Google Ads,2024-05-16,2,0,0.0
3194,LinkedIn Ads,2024-02-16,1,0,0.0
3194,Cold Outbound,2024-02-21,2,0,0.0
3195,Email,2024-11-06,1,0,0.0
3196,Content/Webinar,2024-11-17,1,1,13064.83
3196,Content/Webinar,2024-11-22,2,1,13064.83
3197,Email,2024-08-23,1,0,0.0
3197,Content/Webinar,2024-08-23,2,0,0.0
3198,Cold Outbound,2024-07-06,1,0,0.0
3198,Content/Webinar,2024-07-10,2,0,0.0
3198,Referral,2024-07-13,3,0,0.0
3198,Content/Webinar,2024-07-14,4,0,0.0
3199,Cold Outbound,2024-06-17,1,0,0.0
3199,Google Ads,2024-06-18,2,0,0.0
3199,Organic/SEO,2024-06-23,3,0,0.0
3199,Email,2024-06-27,4,0,0.0
3200,Cold Outbound,2024-02-02,1,0,0.0
3201,Email,2024-06-03,1,1,8029.39
3202,Email,2024-01-12,1,0,0.0
3203,Google Ads,2024-09-17,1,1,6534.61
3203,Google Ads,2024-09-22,2,1,6534.61
3203,Google Ads,2024-09-24,3,1,6534.61
3204,LinkedIn Ads,2024-09-28,1,0,0.0
3205,Google Ads,2024-06-03,1,0,0.0
3205,LinkedIn Ads,2024-06-03,2,0,0.0
3205,Cold Outbound,2024-06-04,3,0,0.0
3206,LinkedIn Ads,2024-08-17,1,0,0.0
3207,LinkedIn Ads,2024-03-09,1,0,0.0
3207,LinkedIn Ads,2024-03-14,2,0,0.0
3208,Google Ads,2024-04-12,1,0,0.0
3208,Google Ads,2024-04-13,2,0,0.0
3208,LinkedIn Ads,2024-04-15,3,0,0.0
3209,Email,2024-03-29,1,1,11914.61
3209,Organic/SEO,2024-04-02,2,1,11914.61
3210,Email,2024-11-02,1,0,0.0
3211,Google Ads,2024-03-20,1,1,5983.14
3211,Organic/SEO,2024-03-22,2,1,5983.14
3212,Email,2024-03-28,1,0,0.0
3212,Google Ads,2024-04-02,2,0,0.0
3212,LinkedIn Ads,2024-04-02,3,0,0.0
3212,Email,2024-04-07,4,0,0.0
3212,Cold Outbound,2024-04-12,5,0,0.0
3213,Cold Outbound,2024-06-09,1,0,0.0
3213,Email,2024-06-14,2,0,0.0
3214,Email,2024-01-06,1,0,0.0
3215,Content/Webinar,2024-09-27,1,0,0.0
3215,Organic/SEO,2024-09-29,2,0,0.0
3215,LinkedIn Ads,2024-10-03,3,0,0.0
3216,Organic/SEO,2024-11-19,1,0,0.0
3216,Email,2024-11-20,2,0,0.0
3216,Organic/SEO,2024-11-21,3,0,0.0
3217,Content/Webinar,2024-04-17,1,0,0.0
3218,Cold Outbound,2024-09-14,1,1,7307.51
3219,Cold Outbound,2024-04-26,1,0,0.0
3219,Email,2024-04-29,2,0,0.0
3219,Email,2024-05-02,3,0,0.0
3220,Organic/SEO,2024-01-24,1,0,0.0
3220,Email,2024-01-24,2,0,0.0
3221,Cold Outbound,2024-07-30,1,0,0.0
3221,Organic/SEO,2024-08-01,2,0,0.0
3222,Cold Outbound,2024-01-11,1,0,0.0
3222,LinkedIn Ads,2024-01-15,2,0,0.0
3222,Email,2024-01-20,3,0,0.0
3223,Organic/SEO,2024-03-04,1,0,0.0
3223,Google Ads,2024-03-07,2,0,0.0
3223,Google Ads,2024-03-07,3,0,0.0
3224,Google Ads,2024-08-09,1,0,0.0
3224,LinkedIn Ads,2024-08-11,2,0,0.0
3225,Referral,2024-11-23,1,1,10032.97
3226,Google Ads,2024-03-21,1,0,0.0
3226,Content/Webinar,2024-03-24,2,0,0.0
3226,LinkedIn Ads,2024-03-24,3,0,0.0
3227,LinkedIn Ads,2024-05-09,1,0,0.0
3227,Referral,2024-05-14,2,0,0.0
3227,Email,2024-05-17,3,0,0.0
3227,Google Ads,2024-05-19,4,0,0.0
3227,Organic/SEO,2024-05-23,5,0,0.0
3228,Email,2024-01-08,1,1,3873.85
3228,Cold Outbound,2024-01-11,2,1,3873.85
3228,Cold Outbound,2024-01-11,3,1,3873.85
3229,Google Ads,2024-04-15,1,0,0.0
3229,Organic/SEO,2024-04-16,2,0,0.0
3229,Cold Outbound,2024-04-19,3,0,0.0
3230,Organic/SEO,2024-09-24,1,0,0.0
3231,Email,2024-05-03,1,0,0.0
3231,Cold Outbound,2024-05-08,2,0,0.0
3231,LinkedIn Ads,2024-05-11,3,0,0.0
3231,Email,2024-05-13,4,0,0.0
3232,Content/Webinar,2024-10-05,1,0,0.0
3232,Content/Webinar,2024-10-06,2,0,0.0
3233,Email,2024-03-30,1,0,0.0
3233,Content/Webinar,2024-04-02,2,0,0.0
3234,Cold Outbound,2024-03-06,1,0,0.0
3234,Referral,2024-03-09,2,0,0.0
3234,Referral,2024-03-10,3,0,0.0
3235,Content/Webinar,2024-03-29,1,0,0.0
3235,Cold Outbound,2024-03-30,2,0,0.0
3235,Referral,2024-04-03,3,0,0.0
3236,Content/Webinar,2024-05-13,1,0,0.0
3236,Cold Outbound,2024-05-16,2,0,0.0
3236,Cold Outbound,2024-05-18,3,0,0.0
3237,LinkedIn Ads,2024-06-18,1,0,0.0
3237,LinkedIn Ads,2024-06-23,2,0,0.0
3237,Cold Outbound,2024-06-26,3,0,0.0
3238,Organic/SEO,2024-11-25,1,0,0.0
3238,Organic/SEO,2024-11-25,2,0,0.0
3238,Cold Outbound,2024-11-29,3,0,0.0
3238,Organic/SEO,2024-12-02,4,0,0.0
3239,LinkedIn Ads,2024-11-16,1,0,0.0
3240,Content/Webinar,2024-01-23,1,0,0.0
3240,Cold Outbound,2024-01-25,2,0,0.0
3241,Cold Outbound,2024-07-30,1,0,0.0
3241,Google Ads,2024-08-03,2,0,0.0
3241,Email,2024-08-06,3,0,0.0
3241,Cold Outbound,2024-08-06,4,0,0.0
3242,LinkedIn Ads,2024-03-31,1,0,0.0
3242,Google Ads,2024-03-31,2,0,0.0
3243,Cold Outbound,2024-06-10,1,0,0.0
3244,Google Ads,2024-03-30,1,0,0.0
3244,Cold Outbound,2024-04-02,2,0,0.0
3245,Cold Outbound,2024-01-10,1,0,0.0
3246,Google Ads,2024-07-08,1,0,0.0
3247,Google Ads,2024-01-03,1,0,0.0
3247,Google Ads,2024-01-05,2,0,0.0
3248,LinkedIn Ads,2024-01-18,1,0,0.0
3249,Referral,2024-02-20,1,0,0.0
3249,Cold Outbound,2024-02-20,2,0,0.0
3249,Email,2024-02-20,3,0,0.0
3249,Google Ads,2024-02-23,4,0,0.0
3250,Email,2024-08-01,1,1,8325.61
3250,Google Ads,2024-08-05,2,1,8325.61
3251,Google Ads,2024-08-25,1,0,0.0
3251,Email,2024-08-29,2,0,0.0
3251,Email,2024-09-03,3,0,0.0
3252,Cold Outbound,2024-07-10,1,0,0.0
3252,Organic/SEO,2024-07-12,2,0,0.0
3253,Cold Outbound,2024-08-17,1,0,0.0
3253,Google Ads,2024-08-19,2,0,0.0
3253,Email,2024-08-23,3,0,0.0
3254,LinkedIn Ads,2024-01-30,1,0,0.0
3255,Organic/SEO,2024-01-23,1,1,11693.91
3256,Content/Webinar,2024-07-29,1,0,0.0
3256,Cold Outbound,2024-07-30,2,0,0.0
3256,Email,2024-07-31,3,0,0.0
3256,Content/Webinar,2024-08-04,4,0,0.0
3257,Google Ads,2024-09-26,1,0,0.0
3258,LinkedIn Ads,2024-09-22,1,0,0.0
3258,Cold Outbound,2024-09-22,2,0,0.0
3258,Google Ads,2024-09-26,3,0,0.0
3259,Google Ads,2024-09-26,1,0,0.0
3259,Email,2024-09-30,2,0,0.0
3259,Organic/SEO,2024-10-04,3,0,0.0
3260,Google Ads,2024-06-23,1,0,0.0
3260,Organic/SEO,2024-06-25,2,0,0.0
3260,Email,2024-06-29,3,0,0.0
3260,Google Ads,2024-07-03,4,0,0.0
3261,Google Ads,2024-09-26,1,0,0.0
3262,Cold Outbound,2024-07-19,1,0,0.0
3263,Google Ads,2024-01-05,1,0,0.0
3263,Email,2024-01-08,2,0,0.0
3263,Google Ads,2024-01-11,3,0,0.0
3264,Cold Outbound,2024-06-19,1,0,0.0
3265,Google Ads,2024-03-01,1,0,0.0
3266,Organic/SEO,2024-03-17,1,1,4055.36
3266,Content/Webinar,2024-03-20,2,1,4055.36
3267,Email,2024-01-14,1,1,3498.14
3267,Email,2024-01-18,2,1,3498.14
3268,Email,2024-03-18,1,0,0.0
3269,Cold Outbound,2024-03-20,1,0,0.0
3269,Organic/SEO,2024-03-21,2,0,0.0
3270,Content/Webinar,2024-06-27,1,0,0.0
3270,Google Ads,2024-07-01,2,0,0.0
3271,LinkedIn Ads,2024-09-16,1,0,0.0
3271,Google Ads,2024-09-17,2,0,0.0
3271,Email,2024-09-19,3,0,0.0
3271,Cold Outbound,2024-09-19,4,0,0.0
3271,LinkedIn Ads,2024-09-20,5,0,0.0
3272,Organic/SEO,2024-07-14,1,0,0.0
3272,Cold Outbound,2024-07-18,2,0,0.0
3272,Referral,2024-07-20,3,0,0.0
3272,LinkedIn Ads,2024-07-20,4,0,0.0
3273,Organic/SEO,2024-04-20,1,0,0.0
3274,Google Ads,2024-01-16,1,1,10048.58
3275,Google Ads,2024-08-24,1,0,0.0
3275,Cold Outbound,2024-08-28,2,0,0.0
3275,LinkedIn Ads,2024-09-02,3,0,0.0
3276,Google Ads,2024-08-18,1,0,0.0
3277,Email,2024-04-07,1,0,0.0
3277,Cold Outbound,2024-04-09,2,0,0.0
3278,Google Ads,2024-02-17,1,0,0.0
3278,Cold Outbound,2024-02-22,2,0,0.0
3278,Organic/SEO,2024-02-27,3,0,0.0
3279,Content/Webinar,2024-08-24,1,0,0.0
3279,Email,2024-08-24,2,0,0.0
3279,LinkedIn Ads,2024-08-25,3,0,0.0
3279,LinkedIn Ads,2024-08-28,4,0,0.0
3280,LinkedIn Ads,2024-10-09,1,0,0.0
3280,Organic/SEO,2024-10-14,2,0,0.0
3281,Cold Outbound,2024-01-22,1,0,0.0
3281,Google Ads,2024-01-23,2,0,0.0
3282,Referral,2024-11-28,1,0,0.0
3282,Google Ads,2024-12-03,2,0,0.0
3282,Content/Webinar,2024-12-08,3,0,0.0
3282,Cold Outbound,2024-12-12,4,0,0.0
3282,Google Ads,2024-12-17,5,0,0.0
3283,Organic/SEO,2024-01-06,1,0,0.0
3283,Content/Webinar,2024-01-06,2,0,0.0
3283,Google Ads,2024-01-06,3,0,0.0
3283,LinkedIn Ads,2024-01-11,4,0,0.0
3284,LinkedIn Ads,2024-04-03,1,0,0.0
3284,LinkedIn Ads,2024-04-07,2,0,0.0
3284,Cold Outbound,2024-04-08,3,0,0.0
3285,Email,2024-03-05,1,0,0.0
3285,LinkedIn Ads,2024-03-09,2,0,0.0
3286,Content/Webinar,2024-08-10,1,0,0.0
3287,Cold Outbound,2024-05-22,1,0,0.0
3288,Email,2024-10-04,1,0,0.0
3288,Content/Webinar,2024-10-07,2,0,0.0
3289,LinkedIn Ads,2024-03-15,1,0,0.0
3289,Content/Webinar,2024-03-20,2,0,0.0
3289,Organic/SEO,2024-03-22,3,0,0.0
3289,Content/Webinar,2024-03-26,4,0,0.0
3290,Content/Webinar,2024-05-27,1,0,0.0
3290,Google Ads,2024-05-29,2,0,0.0
3290,Google Ads,2024-05-29,3,0,0.0
3290,Organic/SEO,2024-06-01,4,0,0.0
3291,Cold Outbound,2024-10-13,1,0,0.0
3292,Organic/SEO,2024-11-03,1,0,0.0
3293,Content/Webinar,2024-07-04,1,0,0.0
3293,Google Ads,2024-07-04,2,0,0.0
3294,Email,2024-03-29,1,0,0.0
3294,Cold Outbound,2024-03-31,2,0,0.0
3294,Email,2024-04-05,3,0,0.0
3294,Email,2024-04-07,4,0,0.0
3294,Content/Webinar,2024-04-07,5,0,0.0
3295,Content/Webinar,2024-10-08,1,0,0.0
3296,Organic/SEO,2024-03-15,1,0,0.0
3296,Organic/SEO,2024-03-16,2,0,0.0
3297,Google Ads,2024-01-01,1,0,0.0
3298,Organic/SEO,2024-04-10,1,0,0.0
3298,Cold Outbound,2024-04-14,2,0,0.0
3299,Email,2024-08-15,1,0,0.0
3299,Organic/SEO,2024-08-20,2,0,0.0
3300,Content/Webinar,2024-06-30,1,0,0.0
3300,Organic/SEO,2024-07-01,2,0,0.0
3301,Cold Outbound,2024-01-05,1,1,11650.71
3301,Organic/SEO,2024-01-10,2,1,11650.71
3301,Content/Webinar,2024-01-11,3,1,11650.71
3302,Cold Outbound,2024-06-25,1,0,0.0
3303,Google Ads,2024-10-11,1,0,0.0
3303,Cold Outbound,2024-10-16,2,0,0.0
3303,Organic/SEO,2024-10-17,3,0,0.0
3303,Cold Outbound,2024-10-21,4,0,0.0
3304,Organic/SEO,2024-04-27,1,0,0.0
3304,Content/Webinar,2024-04-28,2,0,0.0
3305,LinkedIn Ads,2024-02-19,1,0,0.0
3305,Cold Outbound,2024-02-20,2,0,0.0
3306,Google Ads,2024-01-05,1,1,7572.12
3306,Google Ads,2024-01-06,2,1,7572.12
3307,Google Ads,2024-10-27,1,0,0.0
3307,Content/Webinar,2024-10-27,2,0,0.0
3307,Google Ads,2024-10-28,3,0,0.0
3307,Google Ads,2024-10-30,4,0,0.0
3308,Organic/SEO,2024-07-29,1,0,0.0
3308,LinkedIn Ads,2024-08-02,2,0,0.0
3309,Email,2024-07-14,1,0,0.0
3309,Cold Outbound,2024-07-17,2,0,0.0
3309,Google Ads,2024-07-21,3,0,0.0
3310,Google Ads,2024-01-10,1,0,0.0
3311,LinkedIn Ads,2024-01-23,1,0,0.0
3312,Email,2024-01-23,1,0,0.0
3312,Content/Webinar,2024-01-24,2,0,0.0
3313,Cold Outbound,2024-11-09,1,0,0.0
3313,Cold Outbound,2024-11-11,2,0,0.0
3313,Content/Webinar,2024-11-11,3,0,0.0
3313,Organic/SEO,2024-11-14,4,0,0.0
3314,LinkedIn Ads,2024-09-27,1,0,0.0
3314,LinkedIn Ads,2024-09-28,2,0,0.0
3314,Cold Outbound,2024-10-01,3,0,0.0
3315,Cold Outbound,2024-09-24,1,0,0.0
3316,Content/Webinar,2024-01-12,1,0,0.0
3316,Content/Webinar,2024-01-12,2,0,0.0
3316,Google Ads,2024-01-14,3,0,0.0
3317,Google Ads,2024-02-07,1,0,0.0
3318,LinkedIn Ads,2024-02-08,1,1,8854.66
3319,Email,2024-01-19,1,0,0.0
3319,Google Ads,2024-01-20,2,0,0.0
3320,Google Ads,2024-05-08,1,0,0.0
3320,LinkedIn Ads,2024-05-11,2,0,0.0
3321,Content/Webinar,2024-02-23,1,0,0.0
3321,Google Ads,2024-02-25,2,0,0.0
3321,Google Ads,2024-02-25,3,0,0.0
3322,Google Ads,2024-10-24,1,0,0.0
3322,Cold Outbound,2024-10-29,2,0,0.0
3323,Organic/SEO,2024-01-07,1,1,3309.52
3323,Organic/SEO,2024-01-09,2,1,3309.52
3323,Cold Outbound,2024-01-11,3,1,3309.52
3324,LinkedIn Ads,2024-09-30,1,1,7438.7
3325,Google Ads,2024-08-30,1,1,10250.07
3325,Google Ads,2024-08-30,2,1,10250.07
3325,Content/Webinar,2024-09-04,3,1,10250.07
3325,Email,2024-09-06,4,1,10250.07
3325,Google Ads,2024-09-06,5,1,10250.07
3326,Organic/SEO,2024-11-05,1,0,0.0
3327,Google Ads,2024-02-10,1,0,0.0
3327,Google Ads,2024-02-13,2,0,0.0
3327,Email,2024-02-17,3,0,0.0
3327,Cold Outbound,2024-02-21,4,0,0.0
3327,LinkedIn Ads,2024-02-21,5,0,0.0
3328,Cold Outbound,2024-09-14,1,0,0.0
3329,Email,2024-11-01,1,0,0.0
3329,Content/Webinar,2024-11-05,2,0,0.0
3329,Email,2024-11-10,3,0,0.0
3329,LinkedIn Ads,2024-11-14,4,0,0.0
3329,Email,2024-11-17,5,0,0.0
3330,Cold Outbound,2024-03-12,1,0,0.0
3330,Email,2024-03-16,2,0,0.0
3330,Cold Outbound,2024-03-16,3,0,0.0
3331,Email,2024-06-08,1,0,0.0
3331,Referral,2024-06-10,2,0,0.0
3331,Google Ads,2024-06-13,3,0,0.0
3332,Organic/SEO,2024-02-20,1,0,0.0
3332,LinkedIn Ads,2024-02-25,2,0,0.0
3332,Cold Outbound,2024-02-29,3,0,0.0
3333,Organic/SEO,2024-08-30,1,1,3763.96
3333,Email,2024-08-30,2,1,3763.96
3334,Organic/SEO,2024-09-16,1,0,0.0
3334,Content/Webinar,2024-09-16,2,0,0.0
3334,Cold Outbound,2024-09-16,3,0,0.0
3335,Referral,2024-08-22,1,0,0.0
3335,Referral,2024-08-23,2,0,0.0
3336,Email,2024-09-29,1,0,0.0
3337,LinkedIn Ads,2024-05-25,1,0,0.0
3338,Email,2024-06-25,1,1,9877.01
3338,Cold Outbound,2024-06-25,2,1,9877.01
3338,LinkedIn Ads,2024-06-28,3,1,9877.01
3338,Email,2024-06-30,4,1,9877.01
3339,Organic/SEO,2024-07-24,1,1,10711.78
3339,LinkedIn Ads,2024-07-27,2,1,10711.78
3339,Google Ads,2024-07-27,3,1,10711.78
3339,Cold Outbound,2024-07-31,4,1,10711.78
3339,LinkedIn Ads,2024-08-04,5,1,10711.78
3340,Google Ads,2024-07-10,1,0,0.0
3340,Organic/SEO,2024-07-13,2,0,0.0
3340,LinkedIn Ads,2024-07-17,3,0,0.0
3341,Cold Outbound,2024-04-09,1,0,0.0
3342,LinkedIn Ads,2024-10-22,1,1,12315.24
3342,Cold Outbound,2024-10-22,2,1,12315.24
3342,LinkedIn Ads,2024-10-27,3,1,12315.24
3343,Google Ads,2024-03-06,1,0,0.0
3343,Google Ads,2024-03-06,2,0,0.0
3343,Cold Outbound,2024-03-11,3,0,0.0
3344,Content/Webinar,2024-04-22,1,0,0.0
3345,Email,2024-07-15,1,0,0.0
3345,Google Ads,2024-07-15,2,0,0.0
3346,LinkedIn Ads,2024-05-29,1,0,0.0
3346,Organic/SEO,2024-06-03,2,0,0.0
3346,Email,2024-06-05,3,0,0.0
3346,LinkedIn Ads,2024-06-09,4,0,0.0
3347,Referral,2024-02-23,1,0,0.0
3347,LinkedIn Ads,2024-02-23,2,0,0.0
3347,LinkedIn Ads,2024-02-24,3,0,0.0
3348,Email,2024-02-15,1,0,0.0
3348,Cold Outbound,2024-02-17,2,0,0.0
3349,Google Ads,2024-10-04,1,0,0.0
3349,LinkedIn Ads,2024-10-08,2,0,0.0
3350,LinkedIn Ads,2024-01-15,1,0,0.0
3350,Cold Outbound,2024-01-20,2,0,0.0
3351,Referral,2024-07-21,1,0,0.0
3352,Email,2024-05-25,1,0,0.0
3353,Google Ads,2024-04-17,1,0,0.0
3354,LinkedIn Ads,2024-03-17,1,0,0.0
3354,LinkedIn Ads,2024-03-18,2,0,0.0
3355,LinkedIn Ads,2024-04-08,1,0,0.0
3355,Content/Webinar,2024-04-08,2,0,0.0
3355,Google Ads,2024-04-10,3,0,0.0
3355,Organic/SEO,2024-04-13,4,0,0.0
3356,Organic/SEO,2024-06-05,1,1,6734.61
3357,Google Ads,2024-05-26,1,0,0.0
3357,Content/Webinar,2024-05-29,2,0,0.0
3357,Content/Webinar,2024-06-03,3,0,0.0
3358,Content/Webinar,2024-06-25,1,0,0.0
3359,LinkedIn Ads,2024-04-28,1,0,0.0
3359,Content/Webinar,2024-05-02,2,0,0.0
3359,Content/Webinar,2024-05-07,3,0,0.0
3360,Email,2024-04-08,1,0,0.0
3361,Referral,2024-07-29,1,0,0.0
3361,Content/Webinar,2024-07-30,2,0,0.0
3361,Cold Outbound,2024-08-02,3,0,0.0
3361,Content/Webinar,2024-08-06,4,0,0.0
3361,Organic/SEO,2024-08-10,5,0,0.0
3362,LinkedIn Ads,2024-05-16,1,0,0.0
3362,Organic/SEO,2024-05-18,2,0,0.0
3362,Google Ads,2024-05-23,3,0,0.0
3363,Google Ads,2024-03-15,1,0,0.0
3364,Google Ads,2024-08-22,1,0,0.0
3365,Google Ads,2024-09-03,1,1,11017.4
3365,Cold Outbound,2024-09-05,2,1,11017.4
3365,Email,2024-09-05,3,1,11017.4
3365,Content/Webinar,2024-09-09,4,1,11017.4
3366,Cold Outbound,2024-04-07,1,1,10981.14
3366,Google Ads,2024-04-10,2,1,10981.14
3366,Google Ads,2024-04-11,3,1,10981.14
3366,Content/Webinar,2024-04-15,4,1,10981.14
3366,LinkedIn Ads,2024-04-20,5,1,10981.14
3367,Cold Outbound,2024-04-04,1,0,0.0
3367,LinkedIn Ads,2024-04-05,2,0,0.0
3368,Google Ads,2024-10-08,1,0,0.0
3368,Organic/SEO,2024-10-13,2,0,0.0
3368,Email,2024-10-18,3,0,0.0
3369,Content/Webinar,2024-08-05,1,0,0.0
3369,Google Ads,2024-08-08,2,0,0.0
3369,Organic/SEO,2024-08-12,3,0,0.0
3370,Cold Outbound,2024-07-06,1,0,0.0
3370,Google Ads,2024-07-08,2,0,0.0
3371,LinkedIn Ads,2024-11-26,1,0,0.0
3371,Cold Outbound,2024-12-01,2,0,0.0
3371,LinkedIn Ads,2024-12-03,3,0,0.0
3372,LinkedIn Ads,2024-07-22,1,0,0.0
3372,Content/Webinar,2024-07-26,2,0,0.0
3372,Google Ads,2024-07-26,3,0,0.0
3372,Google Ads,2024-07-29,4,0,0.0
3372,Email,2024-08-01,5,0,0.0
3373,Google Ads,2024-04-10,1,0,0.0
3373,Referral,2024-04-11,2,0,0.0
3374,Google Ads,2024-09-29,1,0,0.0
3374,Organic/SEO,2024-09-29,2,0,0.0
3374,Cold Outbound,2024-10-04,3,0,0.0
3374,LinkedIn Ads,2024-10-06,4,0,0.0
3374,LinkedIn Ads,2024-10-11,5,0,0.0
3375,Email,2024-04-01,1,0,0.0
3375,Organic/SEO,2024-04-02,2,0,0.0
3375,Referral,2024-04-04,3,0,0.0
3375,Email,2024-04-07,4,0,0.0
3375,Google Ads,2024-04-07,5,0,0.0
3376,Content/Webinar,2024-01-17,1,0,0.0
3376,Google Ads,2024-01-22,2,0,0.0
3376,Google Ads,2024-01-25,3,0,0.0
3377,Referral,2024-10-25,1,0,0.0
3377,Google Ads,2024-10-29,2,0,0.0
3377,Organic/SEO,2024-11-01,3,0,0.0
3377,Email,2024-11-06,4,0,0.0
3377,Google Ads,2024-11-06,5,0,0.0
3378,Content/Webinar,2024-08-22,1,1,8292.96
3378,Referral,2024-08-27,2,1,8292.96
3378,LinkedIn Ads,2024-08-31,3,1,8292.96
3379,LinkedIn Ads,2024-08-07,1,0,0.0
3380,Email,2024-05-10,1,0,0.0
3381,Organic/SEO,2024-07-09,1,0,0.0
3381,LinkedIn Ads,2024-07-10,2,0,0.0
3381,LinkedIn Ads,2024-07-11,3,0,0.0
3381,Google Ads,2024-07-11,4,0,0.0
3382,Email,2024-04-15,1,1,4251.87
3382,LinkedIn Ads,2024-04-19,2,1,4251.87
3382,Referral,2024-04-23,3,1,4251.87
3382,Content/Webinar,2024-04-24,4,1,4251.87
3382,Content/Webinar,2024-04-27,5,1,4251.87
3383,LinkedIn Ads,2024-03-02,1,0,0.0
3383,LinkedIn Ads,2024-03-05,2,0,0.0
3384,Organic/SEO,2024-06-01,1,0,0.0
3384,Organic/SEO,2024-06-03,2,0,0.0
3384,Cold Outbound,2024-06-07,3,0,0.0
3385,Content/Webinar,2024-03-13,1,0,0.0
3386,Content/Webinar,2024-01-13,1,0,0.0
3386,Content/Webinar,2024-01-17,2,0,0.0
3386,Organic/SEO,2024-01-18,3,0,0.0
3387,Cold Outbound,2024-07-15,1,0,0.0
3387,Google Ads,2024-07-20,2,0,0.0
3388,Cold Outbound,2024-03-20,1,1,10389.64
3388,Email,2024-03-23,2,1,10389.64
3388,Organic/SEO,2024-03-24,3,1,10389.64
3388,Organic/SEO,2024-03-28,4,1,10389.64
3389,Google Ads,2024-09-11,1,0,0.0
3389,Email,2024-09-14,2,0,0.0
3389,Content/Webinar,2024-09-19,3,0,0.0
3390,Organic/SEO,2024-02-23,1,0,0.0
3390,Email,2024-02-25,2,0,0.0
3391,Referral,2024-07-12,1,0,0.0
3391,Cold Outbound,2024-07-12,2,0,0.0
3391,Referral,2024-07-16,3,0,0.0
3391,Organic/SEO,2024-07-21,4,0,0.0
3391,Cold Outbound,2024-07-24,5,0,0.0
3392,Google Ads,2024-05-15,1,0,0.0
3392,Content/Webinar,2024-05-19,2,0,0.0
3393,Google Ads,2024-05-15,1,0,0.0
3393,Google Ads,2024-05-20,2,0,0.0
3393,LinkedIn Ads,2024-05-23,3,0,0.0
3393,Email,2024-05-26,4,0,0.0
3394,Content/Webinar,2024-05-11,1,0,0.0
3394,Cold Outbound,2024-05-12,2,0,0.0
3394,Cold Outbound,2024-05-15,3,0,0.0
3395,Cold Outbound,2024-01-13,1,1,3378.75
3396,Google Ads,2024-03-17,1,0,0.0
3397,Google Ads,2024-07-11,1,0,0.0
3397,Organic/SEO,2024-07-13,2,0,0.0
3397,Content/Webinar,2024-07-18,3,0,0.0
3397,Cold Outbound,2024-07-22,4,0,0.0
3397,Organic/SEO,2024-07-27,5,0,0.0
3398,Cold Outbound,2024-05-31,1,0,0.0
3398,Google Ads,2024-06-02,2,0,0.0
3398,Google Ads,2024-06-06,3,0,0.0
3399,Google Ads,2024-06-10,1,0,0.0
3399,Google Ads,2024-06-14,2,0,0.0
3399,Referral,2024-06-18,3,0,0.0
3399,Cold Outbound,2024-06-19,4,0,0.0
3399,Email,2024-06-19,5,0,0.0
3400,Email,2024-04-07,1,0,0.0
3400,Email,2024-04-08,2,0,0.0
3400,Email,2024-04-10,3,0,0.0
3401,Email,2024-02-13,1,1,9816.48
3401,Google Ads,2024-02-16,2,1,9816.48
3402,Google Ads,2024-05-19,1,0,0.0
3402,Cold Outbound,2024-05-20,2,0,0.0
3403,Cold Outbound,2024-09-12,1,0,0.0
3403,Cold Outbound,2024-09-16,2,0,0.0
3404,Cold Outbound,2024-02-29,1,0,0.0
3404,Content/Webinar,2024-03-02,2,0,0.0
3404,Email,2024-03-03,3,0,0.0
3404,LinkedIn Ads,2024-03-06,4,0,0.0
3405,Email,2024-08-14,1,0,0.0
3406,Cold Outbound,2024-05-12,1,0,0.0
3406,Cold Outbound,2024-05-12,2,0,0.0
3406,Cold Outbound,2024-05-17,3,0,0.0
3406,LinkedIn Ads,2024-05-21,4,0,0.0
3407,Cold Outbound,2024-02-06,1,0,0.0
3407,Email,2024-02-11,2,0,0.0
3408,Cold Outbound,2024-04-23,1,0,0.0
3409,Organic/SEO,2024-09-10,1,0,0.0
3409,Organic/SEO,2024-09-15,2,0,0.0
3409,Referral,2024-09-15,3,0,0.0
3410,Content/Webinar,2024-11-23,1,0,0.0
3410,LinkedIn Ads,2024-11-24,2,0,0.0
3411,Cold Outbound,2024-07-24,1,0,0.0
3411,Cold Outbound,2024-07-27,2,0,0.0
3411,Content/Webinar,2024-07-29,3,0,0.0
3411,Google Ads,2024-08-03,4,0,0.0
3411,Organic/SEO,2024-08-05,5,0,0.0
3412,Email,2024-05-06,1,1,2618.73
3412,Content/Webinar,2024-05-06,2,1,2618.73
3412,Cold Outbound,2024-05-08,3,1,2618.73
3413,Organic/SEO,2024-02-29,1,0,0.0
3413,Cold Outbound,2024-03-04,2,0,0.0
3413,Google Ads,2024-03-08,3,0,0.0
3413,Email,2024-03-10,4,0,0.0
3413,Email,2024-03-12,5,0,0.0
3414,Google Ads,2024-01-25,1,0,0.0
3414,LinkedIn Ads,2024-01-28,2,0,0.0
3414,Organic/SEO,2024-02-01,3,0,0.0
3414,LinkedIn Ads,2024-02-06,4,0,0.0
3415,Email,2024-01-28,1,0,0.0
3415,Cold Outbound,2024-01-31,2,0,0.0
3415,Google Ads,2024-01-31,3,0,0.0
3415,Google Ads,2024-02-02,4,0,0.0
3416,Organic/SEO,2024-10-28,1,0,0.0
3416,Email,2024-10-29,2,0,0.0
3416,Cold Outbound,2024-10-29,3,0,0.0
3416,LinkedIn Ads,2024-10-29,4,0,0.0
3417,Cold Outbound,2024-10-05,1,0,0.0
3417,Content/Webinar,2024-10-05,2,0,0.0
3417,LinkedIn Ads,2024-10-10,3,0,0.0
3417,Cold Outbound,2024-10-10,4,0,0.0
3418,Organic/SEO,2024-06-23,1,0,0.0
3418,Google Ads,2024-06-28,2,0,0.0
3418,Email,2024-06-30,3,0,0.0
3419,Organic/SEO,2024-08-13,1,1,14622.5
3419,Organic/SEO,2024-08-18,2,1,14622.5
3419,Referral,2024-08-22,3,1,14622.5
3419,Content/Webinar,2024-08-24,4,1,14622.5
3420,LinkedIn Ads,2024-09-27,1,0,0.0
3421,Google Ads,2024-09-24,1,0,0.0
3422,Organic/SEO,2024-01-28,1,0,0.0
3422,Cold Outbound,2024-02-01,2,0,0.0
3422,LinkedIn Ads,2024-02-01,3,0,0.0
3423,Organic/SEO,2024-11-08,1,0,0.0
3423,Content/Webinar,2024-11-13,2,0,0.0
3423,LinkedIn Ads,2024-11-13,3,0,0.0
3424,LinkedIn Ads,2024-05-30,1,0,0.0
3424,Organic/SEO,2024-06-02,2,0,0.0
3424,Cold Outbound,2024-06-05,3,0,0.0
3425,Google Ads,2024-06-20,1,1,7627.11
3426,Organic/SEO,2024-05-27,1,1,11026.55
3427,Referral,2024-03-18,1,0,0.0
3427,Content/Webinar,2024-03-19,2,0,0.0
3427,Google Ads,2024-03-21,3,0,0.0
3427,Referral,2024-03-21,4,0,0.0
3428,Organic/SEO,2024-02-05,1,0,0.0
3428,Cold Outbound,2024-02-10,2,0,0.0
3428,Cold Outbound,2024-02-15,3,0,0.0
3428,Cold Outbound,2024-02-16,4,0,0.0
3428,Google Ads,2024-02-19,5,0,0.0
3429,Google Ads,2024-05-11,1,1,5332.72
3430,Email,2024-07-28,1,0,0.0
3431,Organic/SEO,2024-04-24,1,0,0.0
3432,Email,2024-07-18,1,0,0.0
3433,Cold Outbound,2024-11-09,1,0,0.0
3434,Cold Outbound,2024-04-10,1,0,0.0
3434,Email,2024-04-13,2,0,0.0
3435,Email,2024-03-23,1,0,0.0
3435,Cold Outbound,2024-03-25,2,0,0.0
3436,LinkedIn Ads,2024-11-27,1,0,0.0
3437,Organic/SEO,2024-01-04,1,0,0.0
3437,Organic/SEO,2024-01-06,2,0,0.0
3437,Content/Webinar,2024-01-09,3,0,0.0
3437,Cold Outbound,2024-01-11,4,0,0.0
3438,Cold Outbound,2024-02-29,1,0,0.0
3439,Google Ads,2024-05-16,1,1,2303.4
3439,Google Ads,2024-05-17,2,1,2303.4
3439,Cold Outbound,2024-05-17,3,1,2303.4
3440,Cold Outbound,2024-11-05,1,0,0.0
3440,Email,2024-11-09,2,0,0.0
3440,Google Ads,2024-11-12,3,0,0.0
3441,Google Ads,2024-11-21,1,0,0.0
3442,Cold Outbound,2024-04-09,1,0,0.0
3442,Email,2024-04-10,2,0,0.0
3442,Google Ads,2024-04-12,3,0,0.0
3443,Referral,2024-05-28,1,0,0.0
3444,Email,2024-11-02,1,0,0.0
3444,Email,2024-11-03,2,0,0.0
3444,Referral,2024-11-07,3,0,0.0
3444,Email,2024-11-10,4,0,0.0
3445,Google Ads,2024-08-06,1,0,0.0
3445,Google Ads,2024-08-06,2,0,0.0
3446,Email,2024-08-28,1,0,0.0
3447,Organic/SEO,2024-10-22,1,0,0.0
3447,Email,2024-10-24,2,0,0.0
3448,Content/Webinar,2024-11-07,1,0,0.0
3448,Content/Webinar,2024-11-09,2,0,0.0
3448,Email,2024-11-14,3,0,0.0
3449,Organic/SEO,2024-03-11,1,1,12864.86
3449,Google Ads,2024-03-14,2,1,12864.86
3449,LinkedIn Ads,2024-03-14,3,1,12864.86
3450,Organic/SEO,2024-04-05,1,0,0.0
3450,Email,2024-04-10,2,0,0.0
3451,Content/Webinar,2024-01-23,1,0,0.0
3451,Email,2024-01-24,2,0,0.0
3452,LinkedIn Ads,2024-07-31,1,1,3652.96
3452,Google Ads,2024-08-02,2,1,3652.96
3452,Organic/SEO,2024-08-06,3,1,3652.96
3453,Organic/SEO,2024-07-02,1,0,0.0
3453,Google Ads,2024-07-02,2,0,0.0
3453,Google Ads,2024-07-06,3,0,0.0
3454,Cold Outbound,2024-05-10,1,1,5660.04
3454,Email,2024-05-10,2,1,5660.04
3454,Cold Outbound,2024-05-12,3,1,5660.04
3455,Content/Webinar,2024-07-31,1,0,0.0
3456,Cold Outbound,2024-03-27,1,0,0.0
3456,Email,2024-03-29,2,0,0.0
3456,Email,2024-03-30,3,0,0.0
3456,Cold Outbound,2024-04-01,4,0,0.0
3457,Google Ads,2024-05-08,1,0,0.0
3457,Email,2024-05-13,2,0,0.0
3458,Organic/SEO,2024-01-09,1,0,0.0
3458,Email,2024-01-12,2,0,0.0
3458,Cold Outbound,2024-01-15,3,0,0.0
3459,Cold Outbound,2024-09-13,1,1,4861.42
3459,Email,2024-09-15,2,1,4861.42
3459,Organic/SEO,2024-09-19,3,1,4861.42
3460,Google Ads,2024-09-23,1,0,0.0
3461,Organic/SEO,2024-06-03,1,0,0.0
3461,Google Ads,2024-06-03,2,0,0.0
3462,Cold Outbound,2024-11-13,1,0,0.0
3463,Organic/SEO,2024-05-17,1,0,0.0
3464,Google Ads,2024-10-06,1,0,0.0
3464,LinkedIn Ads,2024-10-09,2,0,0.0
3465,Cold Outbound,2024-08-31,1,0,0.0
3465,Email,2024-09-01,2,0,0.0
3466,Organic/SEO,2024-04-30,1,0,0.0
3467,Referral,2024-01-24,1,1,4209.93
3467,Organic/SEO,2024-01-26,2,1,4209.93
3467,Email,2024-01-27,3,1,4209.93
3468,Google Ads,2024-06-17,1,0,0.0
3468,Organic/SEO,2024-06-19,2,0,0.0
3468,Organic/SEO,2024-06-24,3,0,0.0
3468,Content/Webinar,2024-06-26,4,0,0.0
3469,LinkedIn Ads,2024-01-02,1,0,0.0
3469,Content/Webinar,2024-01-07,2,0,0.0
3469,Google Ads,2024-01-12,3,0,0.0
3470,Google Ads,2024-01-26,1,0,0.0
3471,Organic/SEO,2024-03-23,1,1,8627.1
3471,LinkedIn Ads,2024-03-26,2,1,8627.1
3471,Google Ads,2024-03-31,3,1,8627.1
3472,Google Ads,2024-08-15,1,1,6835.32
3473,Cold Outbound,2024-08-30,1,0,0.0
3473,Google Ads,2024-08-30,2,0,0.0
3474,Organic/SEO,2024-02-06,1,0,0.0
3475,Cold Outbound,2024-05-06,1,1,6373.7
3475,Organic/SEO,2024-05-07,2,1,6373.7
3475,Content/Webinar,2024-05-10,3,1,6373.7
3475,Cold Outbound,2024-05-10,4,1,6373.7
3475,Organic/SEO,2024-05-15,5,1,6373.7
3476,Google Ads,2024-05-28,1,0,0.0
3476,Cold Outbound,2024-06-01,2,0,0.0
3476,Google Ads,2024-06-03,3,0,0.0
3476,Email,2024-06-07,4,0,0.0
3477,LinkedIn Ads,2024-03-18,1,0,0.0
3477,Email,2024-03-19,2,0,0.0
3478,LinkedIn Ads,2024-04-09,1,0,0.0
3478,Cold Outbound,2024-04-13,2,0,0.0
3478,Email,2024-04-16,3,0,0.0
3478,Cold Outbound,2024-04-20,4,0,0.0
3478,Google Ads,2024-04-23,5,0,0.0
3479,Cold Outbound,2024-07-30,1,0,0.0
3479,Organic/SEO,2024-07-31,2,0,0.0
3480,Cold Outbound,2024-03-07,1,0,0.0
3480,Organic/SEO,2024-03-08,2,0,0.0
3480,Content/Webinar,2024-03-11,3,0,0.0
3481,Cold Outbound,2024-05-27,1,0,0.0
3481,LinkedIn Ads,2024-05-30,2,0,0.0
3481,Cold Outbound,2024-05-31,3,0,0.0
3481,Organic/SEO,2024-06-02,4,0,0.0
3481,Cold Outbound,2024-06-04,5,0,0.0
3482,Content/Webinar,2024-07-12,1,0,0.0
3483,Google Ads,2024-04-02,1,1,5163.19
3483,Content/Webinar,2024-04-02,2,1,5163.19
3483,Google Ads,2024-04-03,3,1,5163.19
3483,Content/Webinar,2024-04-05,4,1,5163.19
3483,Email,2024-04-06,5,1,5163.19
3484,Organic/SEO,2024-04-17,1,0,0.0
3484,Content/Webinar,2024-04-20,2,0,0.0
3484,LinkedIn Ads,2024-04-24,3,0,0.0
3485,Google Ads,2024-02-15,1,0,0.0
3485,Cold Outbound,2024-02-19,2,0,0.0
3486,Organic/SEO,2024-11-27,1,0,0.0
3487,Organic/SEO,2024-04-16,1,1,6882.26
3487,LinkedIn Ads,2024-04-21,2,1,6882.26
3487,Cold Outbound,2024-04-26,3,1,6882.26
3487,Google Ads,2024-04-28,4,1,6882.26
3487,Organic/SEO,2024-04-30,5,1,6882.26
3488,Cold Outbound,2024-08-06,1,0,0.0
3489,Cold Outbound,2024-03-14,1,1,7631.24
3490,Cold Outbound,2024-09-30,1,0,0.0
3491,Google Ads,2024-10-03,1,0,0.0
3492,Google Ads,2024-07-24,1,0,0.0
3492,Cold Outbound,2024-07-29,2,0,0.0
3493,Content/Webinar,2024-05-16,1,0,0.0
3494,Content/Webinar,2024-08-27,1,0,0.0
3494,Email,2024-09-01,2,0,0.0
3495,Content/Webinar,2024-05-08,1,0,0.0
3495,Email,2024-05-11,2,0,0.0
3495,Content/Webinar,2024-05-14,3,0,0.0
3496,Email,2024-07-08,1,0,0.0
3497,LinkedIn Ads,2024-10-27,1,0,0.0
3497,Cold Outbound,2024-10-29,2,0,0.0
3498,Organic/SEO,2024-08-28,1,1,10811.26
3499,Organic/SEO,2024-10-28,1,0,0.0
3499,Cold Outbound,2024-10-29,2,0,0.0
3499,Cold Outbound,2024-11-01,3,0,0.0
3500,Google Ads,2024-08-03,1,0,0.0
3501,Cold Outbound,2024-08-26,1,0,0.0
3501,Cold Outbound,2024-08-28,2,0,0.0
3501,Google Ads,2024-08-28,3,0,0.0
3501,Organic/SEO,2024-09-01,4,0,0.0
3502,Email,2024-08-12,1,0,0.0
3502,Organic/SEO,2024-08-16,2,0,0.0
3502,LinkedIn Ads,2024-08-19,3,0,0.0
3503,Google Ads,2024-06-21,1,0,0.0
3503,Google Ads,2024-06-23,2,0,0.0
3504,Content/Webinar,2024-07-10,1,0,0.0
3504,Google Ads,2024-07-10,2,0,0.0
3505,LinkedIn Ads,2024-03-09,1,1,6694.11
3505,Cold Outbound,2024-03-14,2,1,6694.11
3505,Google Ads,2024-03-18,3,1,6694.11
3505,Content/Webinar,2024-03-19,4,1,6694.11
3506,Email,2024-11-27,1,1,8406.16
3506,Google Ads,2024-11-28,2,1,8406.16
3506,LinkedIn Ads,2024-12-02,3,1,8406.16
3507,Email,2024-09-29,1,0,0.0
3507,LinkedIn Ads,2024-10-01,2,0,0.0
3507,Referral,2024-10-03,3,0,0.0
3507,Organic/SEO,2024-10-05,4,0,0.0
3508,Cold Outbound,2024-04-24,1,0,0.0
3508,Cold Outbound,2024-04-24,2,0,0.0
3508,Organic/SEO,2024-04-25,3,0,0.0
3509,Content/Webinar,2024-10-11,1,1,7027.13
3509,Google Ads,2024-10-15,2,1,7027.13
3510,Organic/SEO,2024-04-03,1,0,0.0
3510,Google Ads,2024-04-04,2,0,0.0
3510,LinkedIn Ads,2024-04-06,3,0,0.0
3511,Email,2024-01-01,1,1,9708.1
3512,Email,2024-10-19,1,0,0.0
3513,Content/Webinar,2024-10-25,1,1,10600.45
3513,Content/Webinar,2024-10-28,2,1,10600.45
3513,Google Ads,2024-10-29,3,1,10600.45
3513,Organic/SEO,2024-11-02,4,1,10600.45
3514,Cold Outbound,2024-07-04,1,0,0.0
3515,Cold Outbound,2024-11-20,1,0,0.0
3515,Content/Webinar,2024-11-23,2,0,0.0
3515,Referral,2024-11-26,3,0,0.0
3515,Referral,2024-11-28,4,0,0.0
3515,Email,2024-11-30,5,0,0.0
3516,Content/Webinar,2024-05-24,1,0,0.0
3516,Organic/SEO,2024-05-29,2,0,0.0
3517,Content/Webinar,2024-04-09,1,0,0.0
3517,Cold Outbound,2024-04-10,2,0,0.0
3518,Content/Webinar,2024-04-23,1,0,0.0
3519,Organic/SEO,2024-08-26,1,1,8051.0
3519,Cold Outbound,2024-08-30,2,1,8051.0
3519,LinkedIn Ads,2024-09-04,3,1,8051.0
3520,Google Ads,2024-05-06,1,1,4401.65
3520,Google Ads,2024-05-08,2,1,4401.65
3521,Cold Outbound,2024-10-11,1,0,0.0
3522,Content/Webinar,2024-04-06,1,0,0.0
3522,Cold Outbound,2024-04-07,2,0,0.0
3523,LinkedIn Ads,2024-04-14,1,1,10262.27
3523,LinkedIn Ads,2024-04-17,2,1,10262.27
3523,Google Ads,2024-04-21,3,1,10262.27
3524,Email,2024-04-14,1,0,0.0
3524,Email,2024-04-18,2,0,0.0
3525,Content/Webinar,2024-04-29,1,0,0.0
3525,Email,2024-04-29,2,0,0.0
3526,Cold Outbound,2024-10-27,1,0,0.0
3526,Google Ads,2024-10-31,2,0,0.0
3527,LinkedIn Ads,2024-05-15,1,1,7665.87
3528,Cold Outbound,2024-01-14,1,1,3435.3
3528,Organic/SEO,2024-01-14,2,1,3435.3
3528,Google Ads,2024-01-15,3,1,3435.3
3529,LinkedIn Ads,2024-10-04,1,1,20520.07
3529,Organic/SEO,2024-10-07,2,1,20520.07
3529,Referral,2024-10-08,3,1,20520.07
3530,LinkedIn Ads,2024-09-29,1,0,0.0
3530,Content/Webinar,2024-09-30,2,0,0.0
3530,Cold Outbound,2024-10-02,3,0,0.0
3531,Cold Outbound,2024-01-30,1,0,0.0
3531,Google Ads,2024-02-03,2,0,0.0
3531,Cold Outbound,2024-02-05,3,0,0.0
3531,Content/Webinar,2024-02-06,4,0,0.0
3532,Content/Webinar,2024-01-06,1,0,0.0
3532,Email,2024-01-10,2,0,0.0
3533,Referral,2024-06-07,1,0,0.0
3533,Organic/SEO,2024-06-09,2,0,0.0
3533,LinkedIn Ads,2024-06-12,3,0,0.0
3534,Email,2024-08-14,1,0,0.0
3534,LinkedIn Ads,2024-08-19,2,0,0.0
3534,Cold Outbound,2024-08-23,3,0,0.0
3535,Google Ads,2024-09-22,1,0,0.0
3535,Content/Webinar,2024-09-26,2,0,0.0
3536,Content/Webinar,2024-09-29,1,0,0.0
3536,Cold Outbound,2024-10-03,2,0,0.0
3536,Content/Webinar,2024-10-03,3,0,0.0
3536,LinkedIn Ads,2024-10-05,4,0,0.0
3537,Google Ads,2024-03-11,1,1,9374.55
3537,LinkedIn Ads,2024-03-15,2,1,9374.55
3537,LinkedIn Ads,2024-03-18,3,1,9374.55
3538,Organic/SEO,2024-05-14,1,0,0.0
3538,Content/Webinar,2024-05-14,2,0,0.0
3538,Cold Outbound,2024-05-19,3,0,0.0
3539,Cold Outbound,2024-07-28,1,0,0.0
3539,LinkedIn Ads,2024-07-31,2,0,0.0
3539,Organic/SEO,2024-08-05,3,0,0.0
3540,Cold Outbound,2024-10-31,1,0,0.0
3541,Cold Outbound,2024-03-27,1,0,0.0
3541,Google Ads,2024-03-31,2,0,0.0
3542,Google Ads,2024-09-19,1,0,0.0
3543,Cold Outbound,2024-05-08,1,0,0.0
3543,Google Ads,2024-05-09,2,0,0.0
3543,Google Ads,2024-05-11,3,0,0.0
3543,Organic/SEO,2024-05-15,4,0,0.0
3544,Google Ads,2024-02-08,1,0,0.0
3544,Organic/SEO,2024-02-13,2,0,0.0
3544,Google Ads,2024-02-15,3,0,0.0
3545,LinkedIn Ads,2024-09-24,1,1,6210.6
3545,Cold Outbound,2024-09-27,2,1,6210.6
3545,Organic/SEO,2024-09-28,3,1,6210.6
3545,Content/Webinar,2024-10-02,4,1,6210.6
3546,Content/Webinar,2024-10-05,1,0,0.0
3546,Email,2024-10-07,2,0,0.0
3547,Organic/SEO,2024-05-08,1,0,0.0
3547,Referral,2024-05-08,2,0,0.0
3548,Organic/SEO,2024-01-14,1,0,0.0
3548,Cold Outbound,2024-01-18,2,0,0.0
3549,Cold Outbound,2024-10-28,1,0,0.0
3550,Google Ads,2024-08-18,1,1,5693.3
3551,Google Ads,2024-04-17,1,0,0.0
3551,Referral,2024-04-21,2,0,0.0
3551,Organic/SEO,2024-04-21,3,0,0.0
3552,Content/Webinar,2024-02-12,1,0,0.0
3553,LinkedIn Ads,2024-08-19,1,1,10334.27
3554,Cold Outbound,2024-08-18,1,0,0.0
3554,Google Ads,2024-08-23,2,0,0.0
3555,Google Ads,2024-09-21,1,0,0.0
3555,Email,2024-09-21,2,0,0.0
3555,Content/Webinar,2024-09-22,3,0,0.0
3555,Content/Webinar,2024-09-25,4,0,0.0
3556,Content/Webinar,2024-04-09,1,0,0.0
3556,Cold Outbound,2024-04-11,2,0,0.0
3556,Google Ads,2024-04-15,3,0,0.0
3556,LinkedIn Ads,2024-04-18,4,0,0.0
3556,Cold Outbound,2024-04-21,5,0,0.0
3557,Cold Outbound,2024-07-19,1,1,3597.36
3558,Email,2024-03-12,1,0,0.0
3558,Cold Outbound,2024-03-16,2,0,0.0
3559,LinkedIn Ads,2024-05-19,1,0,0.0
3559,Organic/SEO,2024-05-22,2,0,0.0
3559,Organic/SEO,2024-05-27,3,0,0.0
3560,Cold Outbound,2024-03-01,1,0,0.0
3560,Cold Outbound,2024-03-01,2,0,0.0
3561,Cold Outbound,2024-08-06,1,1,8659.2
3561,Content/Webinar,2024-08-08,2,1,8659.2
3561,Organic/SEO,2024-08-09,3,1,8659.2
3562,Content/Webinar,2024-03-24,1,0,0.0
3562,LinkedIn Ads,2024-03-28,2,0,0.0
3563,Cold Outbound,2024-01-21,1,0,0.0
3563,Organic/SEO,2024-01-24,2,0,0.0
3563,Cold Outbound,2024-01-29,3,0,0.0
3564,Organic/SEO,2024-11-01,1,1,9792.81
3564,Content/Webinar,2024-11-01,2,1,9792.81
3564,Cold Outbound,2024-11-01,3,1,9792.81
3564,LinkedIn Ads,2024-11-01,4,1,9792.81
3564,Email,2024-11-06,5,1,9792.81
3565,Cold Outbound,2024-01-31,1,1,3930.89
3566,Organic/SEO,2024-01-22,1,0,0.0
3566,Organic/SEO,2024-01-22,2,0,0.0
3566,Cold Outbound,2024-01-24,3,0,0.0
3566,Content/Webinar,2024-01-29,4,0,0.0
3567,Content/Webinar,2024-08-03,1,0,0.0
3567,Organic/SEO,2024-08-07,2,0,0.0
3567,Email,2024-08-12,3,0,0.0
3568,LinkedIn Ads,2024-04-07,1,1,9821.13
3568,Email,2024-04-10,2,1,9821.13
3568,Google Ads,2024-04-14,3,1,9821.13
3569,Cold Outbound,2024-08-24,1,0,0.0
3569,Cold Outbound,2024-08-24,2,0,0.0
3570,LinkedIn Ads,2024-04-23,1,0,0.0
3570,Cold Outbound,2024-04-23,2,0,0.0
3571,Cold Outbound,2024-07-16,1,0,0.0
3571,Referral,2024-07-17,2,0,0.0
3571,Cold Outbound,2024-07-18,3,0,0.0
3571,Content/Webinar,2024-07-21,4,0,0.0
3571,LinkedIn Ads,2024-07-23,5,0,0.0
3572,Cold Outbound,2024-01-13,1,0,0.0
3572,LinkedIn Ads,2024-01-14,2,0,0.0
3573,Referral,2024-08-23,1,0,0.0
3573,Content/Webinar,2024-08-26,2,0,0.0
3574,Google Ads,2024-06-01,1,0,0.0
3575,Organic/SEO,2024-04-06,1,0,0.0
3575,Cold Outbound,2024-04-10,2,0,0.0
3575,Google Ads,2024-04-13,3,0,0.0
3575,LinkedIn Ads,2024-04-14,4,0,0.0
3576,Google Ads,2024-06-19,1,0,0.0
3576,Cold Outbound,2024-06-19,2,0,0.0
3576,Google Ads,2024-06-23,3,0,0.0
3577,Cold Outbound,2024-04-09,1,0,0.0
3577,Email,2024-04-14,2,0,0.0
3577,LinkedIn Ads,2024-04-19,3,0,0.0
3578,Referral,2024-07-28,1,0,0.0
3578,Cold Outbound,2024-08-01,2,0,0.0
3579,Organic/SEO,2024-10-17,1,0,0.0
3579,Email,2024-10-17,2,0,0.0
3580,Email,2024-08-13,1,0,0.0
3580,Cold Outbound,2024-08-15,2,0,0.0
3580,LinkedIn Ads,2024-08-17,3,0,0.0
3580,Content/Webinar,2024-08-17,4,0,0.0
3581,Google Ads,2024-06-04,1,0,0.0
3581,Google Ads,2024-06-07,2,0,0.0
3581,Cold Outbound,2024-06-10,3,0,0.0
3581,Google Ads,2024-06-14,4,0,0.0
3582,Google Ads,2024-07-07,1,0,0.0
3583,Content/Webinar,2024-08-28,1,0,0.0
3583,Google Ads,2024-09-02,2,0,0.0
3583,Cold Outbound,2024-09-06,3,0,0.0
3583,Email,2024-09-11,4,0,0.0
3583,Cold Outbound,2024-09-15,5,0,0.0
3584,LinkedIn Ads,2024-08-20,1,0,0.0
3584,Google Ads,2024-08-21,2,0,0.0
3584,Email,2024-08-25,3,0,0.0
3585,Cold Outbound,2024-01-28,1,0,0.0
3585,Cold Outbound,2024-02-02,2,0,0.0
3585,Organic/SEO,2024-02-05,3,0,0.0
3585,LinkedIn Ads,2024-02-07,4,0,0.0
3586,Cold Outbound,2024-02-28,1,0,0.0
3586,Organic/SEO,2024-02-28,2,0,0.0
3587,Organic/SEO,2024-10-05,1,0,0.0
3587,Organic/SEO,2024-10-05,2,0,0.0
3587,Cold Outbound,2024-10-05,3,0,0.0
3588,Google Ads,2024-04-11,1,0,0.0
3588,Google Ads,2024-04-12,2,0,0.0
3588,Organic/SEO,2024-04-15,3,0,0.0
3588,LinkedIn Ads,2024-04-16,4,0,0.0
3588,Cold Outbound,2024-04-21,5,0,0.0
3589,Cold Outbound,2024-01-04,1,0,0.0
3590,Cold Outbound,2024-07-07,1,0,0.0
3591,Organic/SEO,2024-11-17,1,1,7895.03
3591,LinkedIn Ads,2024-11-22,2,1,7895.03
3591,Organic/SEO,2024-11-26,3,1,7895.03
3591,LinkedIn Ads,2024-11-28,4,1,7895.03
3592,LinkedIn Ads,2024-10-08,1,0,0.0
3592,Organic/SEO,2024-10-12,2,0,0.0
3592,Email,2024-10-14,3,0,0.0
3592,Email,2024-10-16,4,0,0.0
3592,Email,2024-10-19,5,0,0.0
3593,Referral,2024-01-12,1,0,0.0
3593,Content/Webinar,2024-01-14,2,0,0.0
3594,Content/Webinar,2024-02-24,1,0,0.0
3594,LinkedIn Ads,2024-02-26,2,0,0.0
3594,Google Ads,2024-02-29,3,0,0.0
3595,LinkedIn Ads,2024-08-20,1,0,0.0
3596,Organic/SEO,2024-05-10,1,0,0.0
3596,Google Ads,2024-05-10,2,0,0.0
3597,Email,2024-06-29,1,0,0.0
3597,Cold Outbound,2024-07-02,2,0,0.0
3597,Cold Outbound,2024-07-02,3,0,0.0
3598,LinkedIn Ads,2024-11-25,1,0,0.0
3599,Cold Outbound,2024-05-14,1,0,0.0
3599,LinkedIn Ads,2024-05-16,2,0,0.0
3599,Content/Webinar,2024-05-20,3,0,0.0
3600,Email,2024-09-19,1,0,0.0
3601,Email,2024-05-19,1,0,0.0
3602,Content/Webinar,2024-02-14,1,0,0.0
3603,Content/Webinar,2024-10-19,1,1,4362.92
3604,Email,2024-07-16,1,0,0.0
3604,LinkedIn Ads,2024-07-18,2,0,0.0
3605,Cold Outbound,2024-11-26,1,0,0.0
3605,LinkedIn Ads,2024-11-29,2,0,0.0
3606,Cold Outbound,2024-09-17,1,0,0.0
3606,Referral,2024-09-22,2,0,0.0
3606,Cold Outbound,2024-09-24,3,0,0.0
3607,Organic/SEO,2024-10-06,1,0,0.0
3607,Content/Webinar,2024-10-11,2,0,0.0
3608,Organic/SEO,2024-04-27,1,0,0.0
3608,Organic/SEO,2024-04-29,2,0,0.0
3608,Email,2024-04-30,3,0,0.0
3608,Organic/SEO,2024-05-05,4,0,0.0
3609,Email,2024-01-01,1,0,0.0
3609,Google Ads,2024-01-04,2,0,0.0
3610,Referral,2024-11-21,1,0,0.0
3610,Content/Webinar,2024-11-26,2,0,0.0
3611,Email,2024-08-28,1,1,7765.1
3611,LinkedIn Ads,2024-09-01,2,1,7765.1
3611,Email,2024-09-01,3,1,7765.1
3611,Cold Outbound,2024-09-02,4,1,7765.1
3611,Organic/SEO,2024-09-03,5,1,7765.1
3612,Cold Outbound,2024-02-05,1,0,0.0
3612,Google Ads,2024-02-06,2,0,0.0
3612,LinkedIn Ads,2024-02-06,3,0,0.0
3612,Google Ads,2024-02-07,4,0,0.0
3613,Referral,2024-09-26,1,0,0.0
3613,Organic/SEO,2024-09-28,2,0,0.0
3614,LinkedIn Ads,2024-05-03,1,1,8416.35
3614,LinkedIn Ads,2024-05-05,2,1,8416.35
3614,Google Ads,2024-05-06,3,1,8416.35
3615,Email,2024-11-22,1,0,0.0
3615,Email,2024-11-23,2,0,0.0
3616,Cold Outbound,2024-06-18,1,0,0.0
3616,Cold Outbound,2024-06-22,2,0,0.0
3616,Email,2024-06-23,3,0,0.0
3616,Email,2024-06-23,4,0,0.0
3617,LinkedIn Ads,2024-05-21,1,0,0.0
3618,LinkedIn Ads,2024-08-10,1,0,0.0
3618,Email,2024-08-10,2,0,0.0
3618,LinkedIn Ads,2024-08-14,3,0,0.0
3619,Content/Webinar,2024-03-04,1,0,0.0
3619,Email,2024-03-05,2,0,0.0
3619,Cold Outbound,2024-03-05,3,0,0.0
3620,Organic/SEO,2024-07-26,1,0,0.0
3620,Organic/SEO,2024-07-30,2,0,0.0
3620,Cold Outbound,2024-08-01,3,0,0.0
3620,Google Ads,2024-08-01,4,0,0.0
3620,LinkedIn Ads,2024-08-03,5,0,0.0
3621,Cold Outbound,2024-11-15,1,0,0.0
3621,Cold Outbound,2024-11-18,2,0,0.0
3621,LinkedIn Ads,2024-11-21,3,0,0.0
3622,Content/Webinar,2024-08-06,1,0,0.0
3622,Cold Outbound,2024-08-09,2,0,0.0
3622,Google Ads,2024-08-14,3,0,0.0
3623,Google Ads,2024-06-01,1,0,0.0
3623,Google Ads,2024-06-01,2,0,0.0
3624,Cold Outbound,2024-10-16,1,1,7855.89
3624,Referral,2024-10-18,2,1,7855.89
3624,Organic/SEO,2024-10-18,3,1,7855.89
3625,Email,2024-03-15,1,0,0.0
3625,Email,2024-03-15,2,0,0.0
3625,Cold Outbound,2024-03-17,3,0,0.0
3626,Cold Outbound,2024-10-06,1,0,0.0
3627,Google Ads,2024-10-01,1,0,0.0
3627,Email,2024-10-03,2,0,0.0
3627,Google Ads,2024-10-04,3,0,0.0
3628,Organic/SEO,2024-07-21,1,0,0.0
3628,Content/Webinar,2024-07-22,2,0,0.0
3628,Content/Webinar,2024-07-22,3,0,0.0
3628,Cold Outbound,2024-07-26,4,0,0.0
3628,Content/Webinar,2024-07-31,5,0,0.0
3629,Referral,2024-09-09,1,1,2642.71
3629,Google Ads,2024-09-10,2,1,2642.71
3629,Google Ads,2024-09-13,3,1,2642.71
3629,Email,2024-09-15,4,1,2642.71
3629,Cold Outbound,2024-09-16,5,1,2642.71
3630,Organic/SEO,2024-06-17,1,1,6820.62
3630,Cold Outbound,2024-06-22,2,1,6820.62
3630,Content/Webinar,2024-06-22,3,1,6820.62
3630,Cold Outbound,2024-06-22,4,1,6820.62
3631,Organic/SEO,2024-08-30,1,0,0.0
3632,Cold Outbound,2024-09-23,1,0,0.0
3632,LinkedIn Ads,2024-09-26,2,0,0.0
3632,Google Ads,2024-09-28,3,0,0.0
3633,LinkedIn Ads,2024-06-16,1,0,0.0
3633,Cold Outbound,2024-06-19,2,0,0.0
3633,LinkedIn Ads,2024-06-19,3,0,0.0
3634,Cold Outbound,2024-06-18,1,0,0.0
3634,Email,2024-06-20,2,0,0.0
3635,Google Ads,2024-08-14,1,0,0.0
3635,Content/Webinar,2024-08-16,2,0,0.0
3635,Email,2024-08-16,3,0,0.0
3635,Google Ads,2024-08-17,4,0,0.0
3636,Cold Outbound,2024-06-16,1,0,0.0
3637,Organic/SEO,2024-02-06,1,0,0.0
3637,Cold Outbound,2024-02-11,2,0,0.0
3637,Google Ads,2024-02-12,3,0,0.0
3638,Cold Outbound,2024-01-15,1,0,0.0
3638,Organic/SEO,2024-01-15,2,0,0.0
3638,Email,2024-01-18,3,0,0.0
3639,Cold Outbound,2024-05-13,1,0,0.0
3639,Google Ads,2024-05-16,2,0,0.0
3639,Cold Outbound,2024-05-19,3,0,0.0
3640,LinkedIn Ads,2024-02-11,1,0,0.0
3640,Organic/SEO,2024-02-16,2,0,0.0
3640,Google Ads,2024-02-20,3,0,0.0
3641,Email,2024-07-20,1,0,0.0
3641,Content/Webinar,2024-07-20,2,0,0.0
3641,Organic/SEO,2024-07-23,3,0,0.0
3641,LinkedIn Ads,2024-07-27,4,0,0.0
3642,Cold Outbound,2024-01-09,1,1,3387.58
3642,Cold Outbound,2024-01-11,2,1,3387.58
3643,Email,2024-09-19,1,0,0.0
3643,Google Ads,2024-09-22,2,0,0.0
3643,Google Ads,2024-09-22,3,0,0.0
3644,Cold Outbound,2024-02-22,1,0,0.0
3644,Google Ads,2024-02-25,2,0,0.0
3645,Referral,2024-08-02,1,1,5875.29
3645,Organic/SEO,2024-08-06,2,1,5875.29
3646,Content/Webinar,2024-02-16,1,0,0.0
3646,Content/Webinar,2024-02-20,2,0,0.0
3646,Content/Webinar,2024-02-21,3,0,0.0
3647,Organic/SEO,2024-10-21,1,0,0.0
3648,LinkedIn Ads,2024-11-27,1,0,0.0
3649,Email,2024-06-26,1,0,0.0
3649,Cold Outbound,2024-07-01,2,0,0.0
3650,LinkedIn Ads,2024-10-20,1,0,0.0
3651,Google Ads,2024-04-11,1,0,0.0
3652,Email,2024-03-27,1,0,0.0
3652,Email,2024-03-31,2,0,0.0
3653,Content/Webinar,2024-11-22,1,0,0.0
3654,LinkedIn Ads,2024-10-12,1,0,0.0
3654,Google Ads,2024-10-14,2,0,0.0
3654,Google Ads,2024-10-14,3,0,0.0
3655,Content/Webinar,2024-08-03,1,1,9425.27
3655,Google Ads,2024-08-04,2,1,9425.27
3656,Organic/SEO,2024-01-30,1,0,0.0
3656,Google Ads,2024-02-01,2,0,0.0
3656,Referral,2024-02-06,3,0,0.0
3656,Google Ads,2024-02-10,4,0,0.0
3657,Cold Outbound,2024-07-15,1,0,0.0
3657,Referral,2024-07-16,2,0,0.0
3658,Referral,2024-02-04,1,0,0.0
3658,LinkedIn Ads,2024-02-07,2,0,0.0
3658,Email,2024-02-09,3,0,0.0
3659,LinkedIn Ads,2024-10-29,1,0,0.0
3659,Content/Webinar,2024-10-31,2,0,0.0
3660,Cold Outbound,2024-09-21,1,0,0.0
3660,LinkedIn Ads,2024-09-26,2,0,0.0
3660,Google Ads,2024-10-01,3,0,0.0
3660,Organic/SEO,2024-10-05,4,0,0.0
3661,LinkedIn Ads,2024-07-12,1,0,0.0
3661,Cold Outbound,2024-07-14,2,0,0.0
3661,Google Ads,2024-07-17,3,0,0.0
3661,Cold Outbound,2024-07-21,4,0,0.0
3662,Content/Webinar,2024-06-21,1,0,0.0
3663,Cold Outbound,2024-04-24,1,0,0.0
3663,Content/Webinar,2024-04-24,2,0,0.0
3663,Organic/SEO,2024-04-28,3,0,0.0
3663,Cold Outbound,2024-04-30,4,0,0.0
3664,LinkedIn Ads,2024-01-26,1,0,0.0
3664,Organic/SEO,2024-01-30,2,0,0.0
3664,LinkedIn Ads,2024-01-31,3,0,0.0
3664,Content/Webinar,2024-02-03,4,0,0.0
3665,Organic/SEO,2024-06-08,1,0,0.0
3665,Content/Webinar,2024-06-13,2,0,0.0
3666,Email,2024-07-18,1,0,0.0
3666,Cold Outbound,2024-07-22,2,0,0.0
3667,LinkedIn Ads,2024-01-27,1,0,0.0
3667,Google Ads,2024-01-31,2,0,0.0
3667,Cold Outbound,2024-02-04,3,0,0.0
3668,Google Ads,2024-10-15,1,0,0.0
3668,Google Ads,2024-10-20,2,0,0.0
3669,Organic/SEO,2024-03-16,1,0,0.0
3670,Cold Outbound,2024-10-26,1,0,0.0
3671,Google Ads,2024-05-04,1,0,0.0
3671,Cold Outbound,2024-05-09,2,0,0.0
3671,Organic/SEO,2024-05-13,3,0,0.0
3671,Email,2024-05-18,4,0,0.0
3672,Organic/SEO,2024-09-15,1,0,0.0
3672,Organic/SEO,2024-09-15,2,0,0.0
3672,Cold Outbound,2024-09-18,3,0,0.0
3673,Cold Outbound,2024-06-19,1,0,0.0
3673,Cold Outbound,2024-06-24,2,0,0.0
3673,Organic/SEO,2024-06-26,3,0,0.0
3674,Email,2024-04-09,1,0,0.0
3674,Organic/SEO,2024-04-13,2,0,0.0
3674,Google Ads,2024-04-13,3,0,0.0
3674,Cold Outbound,2024-04-14,4,0,0.0
3675,Google Ads,2024-08-21,1,0,0.0
3675,LinkedIn Ads,2024-08-22,2,0,0.0
3676,Cold Outbound,2024-09-22,1,1,8784.03
3676,Content/Webinar,2024-09-25,2,1,8784.03
3676,Google Ads,2024-09-28,3,1,8784.03
3676,Google Ads,2024-09-28,4,1,8784.03
3676,Content/Webinar,2024-10-02,5,1,8784.03
3677,Email,2024-06-10,1,0,0.0
3677,Cold Outbound,2024-06-11,2,0,0.0
3678,Email,2024-10-01,1,0,0.0
3678,LinkedIn Ads,2024-10-02,2,0,0.0
3678,Content/Webinar,2024-10-04,3,0,0.0
3679,Google Ads,2024-06-26,1,1,7583.2
3679,Content/Webinar,2024-06-30,2,1,7583.2
3679,Email,2024-07-01,3,1,7583.2
3679,Cold Outbound,2024-07-04,4,1,7583.2
3680,LinkedIn Ads,2024-08-27,1,0,0.0
3680,LinkedIn Ads,2024-09-01,2,0,0.0
3681,Organic/SEO,2024-05-01,1,0,0.0
3682,Cold Outbound,2024-05-08,1,0,0.0
3682,Content/Webinar,2024-05-12,2,0,0.0
3682,Cold Outbound,2024-05-12,3,0,0.0
3683,Content/Webinar,2024-01-26,1,0,0.0
3683,Google Ads,2024-01-29,2,0,0.0
3684,Organic/SEO,2024-06-16,1,0,0.0
3684,Cold Outbound,2024-06-16,2,0,0.0
3684,Google Ads,2024-06-18,3,0,0.0
3685,Cold Outbound,2024-11-04,1,0,0.0
3686,LinkedIn Ads,2024-05-25,1,0,0.0
3686,Google Ads,2024-05-26,2,0,0.0
3686,LinkedIn Ads,2024-05-28,3,0,0.0
3686,Content/Webinar,2024-05-29,4,0,0.0
3686,Cold Outbound,2024-06-03,5,0,0.0
3687,Email,2024-05-13,1,0,0.0
3688,Referral,2024-03-06,1,0,0.0
3688,Cold Outbound,2024-03-06,2,0,0.0
3688,Email,2024-03-08,3,0,0.0
3689,LinkedIn Ads,2024-03-17,1,0,0.0
3690,Organic/SEO,2024-04-24,1,0,0.0
3690,LinkedIn Ads,2024-04-26,2,0,0.0
3691,Referral,2024-04-12,1,0,0.0
3691,Organic/SEO,2024-04-14,2,0,0.0
3691,LinkedIn Ads,2024-04-16,3,0,0.0
3692,Google Ads,2024-04-29,1,0,0.0
3692,LinkedIn Ads,2024-05-03,2,0,0.0
3692,Email,2024-05-05,3,0,0.0
3692,Referral,2024-05-07,4,0,0.0
3693,Google Ads,2024-02-19,1,0,0.0
3693,LinkedIn Ads,2024-02-24,2,0,0.0
3693,Content/Webinar,2024-02-27,3,0,0.0
3694,Cold Outbound,2024-02-07,1,0,0.0
3694,Cold Outbound,2024-02-11,2,0,0.0
3695,Content/Webinar,2024-05-15,1,0,0.0
3696,Referral,2024-03-20,1,0,0.0
3696,LinkedIn Ads,2024-03-25,2,0,0.0
3696,Cold Outbound,2024-03-25,3,0,0.0
3697,Organic/SEO,2024-03-18,1,0,0.0
3698,Organic/SEO,2024-11-11,1,0,0.0
3698,Organic/SEO,2024-11-11,2,0,0.0
3698,Email,2024-11-11,3,0,0.0
3698,Email,2024-11-13,4,0,0.0
3698,Content/Webinar,2024-11-16,5,0,0.0
3699,LinkedIn Ads,2024-03-19,1,0,0.0
3699,Email,2024-03-24,2,0,0.0
3699,Cold Outbound,2024-03-24,3,0,0.0
3700,Cold Outbound,2024-03-28,1,0,0.0
3701,Cold Outbound,2024-02-16,1,0,0.0
3702,Google Ads,2024-08-10,1,0,0.0
3703,Google Ads,2024-02-03,1,0,0.0
3703,Cold Outbound,2024-02-03,2,0,0.0
3704,Google Ads,2024-06-03,1,0,0.0
3704,Email,2024-06-08,2,0,0.0
3704,LinkedIn Ads,2024-06-10,3,0,0.0
3704,Organic/SEO,2024-06-15,4,0,0.0
3705,Google Ads,2024-03-22,1,0,0.0
3705,Content/Webinar,2024-03-23,2,0,0.0
3705,Referral,2024-03-27,3,0,0.0
3706,LinkedIn Ads,2024-10-05,1,1,10901.09
3706,Organic/SEO,2024-10-09,2,1,10901.09
3706,Google Ads,2024-10-10,3,1,10901.09
3706,Google Ads,2024-10-11,4,1,10901.09
3706,Content/Webinar,2024-10-16,5,1,10901.09
3707,Organic/SEO,2024-03-25,1,1,5241.48
3707,Google Ads,2024-03-25,2,1,5241.48
3707,Google Ads,2024-03-27,3,1,5241.48
3708,Cold Outbound,2024-02-17,1,1,5080.76
3709,Referral,2024-09-29,1,0,0.0
3710,Organic/SEO,2024-09-24,1,0,0.0
3711,LinkedIn Ads,2024-04-18,1,0,0.0
3711,Email,2024-04-18,2,0,0.0
3712,Content/Webinar,2024-06-14,1,0,0.0
3712,LinkedIn Ads,2024-06-19,2,0,0.0
3712,Organic/SEO,2024-06-23,3,0,0.0
3712,Email,2024-06-25,4,0,0.0
3712,LinkedIn Ads,2024-06-30,5,0,0.0
3713,Google Ads,2024-09-19,1,0,0.0
3714,Email,2024-03-14,1,0,0.0
3714,LinkedIn Ads,2024-03-16,2,0,0.0
3714,Content/Webinar,2024-03-21,3,0,0.0
3714,Content/Webinar,2024-03-26,4,0,0.0
3715,Email,2024-02-29,1,0,0.0
3715,Content/Webinar,2024-03-01,2,0,0.0
3716,Google Ads,2024-03-06,1,0,0.0
3716,Email,2024-03-07,2,0,0.0
3717,Cold Outbound,2024-11-09,1,0,0.0
3717,Cold Outbound,2024-11-11,2,0,0.0
3718,Content/Webinar,2024-04-15,1,0,0.0
3718,Organic/SEO,2024-04-19,2,0,0.0
3718,LinkedIn Ads,2024-04-22,3,0,0.0
3718,Cold Outbound,2024-04-23,4,0,0.0
3719,Google Ads,2024-06-12,1,0,0.0
3720,LinkedIn Ads,2024-06-05,1,1,4566.06
3720,Organic/SEO,2024-06-10,2,1,4566.06
3720,LinkedIn Ads,2024-06-11,3,1,4566.06
3721,Google Ads,2024-06-06,1,0,0.0
3721,Email,2024-06-09,2,0,0.0
3721,Organic/SEO,2024-06-13,3,0,0.0
3722,Email,2024-03-13,1,0,0.0
3723,Organic/SEO,2024-06-28,1,0,0.0
3723,Cold Outbound,2024-06-29,2,0,0.0
3723,Organic/SEO,2024-07-04,3,0,0.0
3724,Cold Outbound,2024-06-15,1,0,0.0
3724,Cold Outbound,2024-06-19,2,0,0.0
3724,Referral,2024-06-20,3,0,0.0
3724,Cold Outbound,2024-06-22,4,0,0.0
3725,Cold Outbound,2024-04-09,1,0,0.0
3725,Google Ads,2024-04-12,2,0,0.0
3725,Email,2024-04-13,3,0,0.0
3726,Google Ads,2024-03-02,1,0,0.0
3726,Google Ads,2024-03-02,2,0,0.0
3726,LinkedIn Ads,2024-03-04,3,0,0.0
3727,Cold Outbound,2024-08-31,1,0,0.0
3728,LinkedIn Ads,2024-11-11,1,0,0.0
3728,LinkedIn Ads,2024-11-16,2,0,0.0
3728,Cold Outbound,2024-11-21,3,0,0.0
3728,Organic/SEO,2024-11-24,4,0,0.0
3729,Cold Outbound,2024-03-07,1,0,0.0
3729,LinkedIn Ads,2024-03-12,2,0,0.0
3730,Organic/SEO,2024-07-21,1,0,0.0
3730,Content/Webinar,2024-07-25,2,0,0.0
3731,Referral,2024-07-15,1,0,0.0
3731,Referral,2024-07-16,2,0,0.0
3731,Cold Outbound,2024-07-20,3,0,0.0
3732,Organic/SEO,2024-10-21,1,0,0.0
3733,Google Ads,2024-09-25,1,0,0.0
3733,Cold Outbound,2024-09-25,2,0,0.0
3733,Email,2024-09-26,3,0,0.0
3734,LinkedIn Ads,2024-06-08,1,0,0.0
3734,LinkedIn Ads,2024-06-11,2,0,0.0
3734,Cold Outbound,2024-06-12,3,0,0.0
3734,Organic/SEO,2024-06-17,4,0,0.0
3734,Email,2024-06-17,5,0,0.0
3735,Google Ads,2024-02-21,1,0,0.0
3735,Google Ads,2024-02-23,2,0,0.0
3735,Organic/SEO,2024-02-25,3,0,0.0
3735,Organic/SEO,2024-02-29,4,0,0.0
3736,Cold Outbound,2024-03-25,1,0,0.0
3736,Organic/SEO,2024-03-29,2,0,0.0
3736,Email,2024-04-02,3,0,0.0
3737,Email,2024-06-21,1,1,5189.42
3738,Content/Webinar,2024-03-03,1,1,9112.07
3738,LinkedIn Ads,2024-03-04,2,1,9112.07
3738,LinkedIn Ads,2024-03-07,3,1,9112.07
3738,LinkedIn Ads,2024-03-12,4,1,9112.07
3739,Email,2024-01-06,1,0,0.0
3739,LinkedIn Ads,2024-01-07,2,0,0.0
3739,Cold Outbound,2024-01-10,3,0,0.0
3739,Google Ads,2024-01-10,4,0,0.0
3739,Google Ads,2024-01-15,5,0,0.0
3740,Google Ads,2024-04-09,1,0,0.0
3740,Email,2024-04-14,2,0,0.0
3740,Cold Outbound,2024-04-19,3,0,0.0
3741,Email,2024-07-14,1,0,0.0
3741,LinkedIn Ads,2024-07-15,2,0,0.0
3741,Content/Webinar,2024-07-19,3,0,0.0
3742,Google Ads,2024-02-15,1,1,4974.37
3743,Cold Outbound,2024-10-13,1,0,0.0
3743,LinkedIn Ads,2024-10-14,2,0,0.0
3744,Referral,2024-02-15,1,0,0.0
3744,Google Ads,2024-02-20,2,0,0.0
3745,Cold Outbound,2024-01-09,1,0,0.0
3745,Content/Webinar,2024-01-13,2,0,0.0
3745,Google Ads,2024-01-17,3,0,0.0
3746,Content/Webinar,2024-10-06,1,0,0.0
3747,Cold Outbound,2024-07-20,1,0,0.0
3747,Google Ads,2024-07-23,2,0,0.0
3747,Cold Outbound,2024-07-23,3,0,0.0
3747,Google Ads,2024-07-27,4,0,0.0
3748,Cold Outbound,2024-01-26,1,0,0.0
3748,Content/Webinar,2024-01-26,2,0,0.0
3749,Cold Outbound,2024-03-07,1,0,0.0
3749,Content/Webinar,2024-03-09,2,0,0.0
3749,Email,2024-03-14,3,0,0.0
3749,Google Ads,2024-03-17,4,0,0.0
3750,Google Ads,2024-03-20,1,0,0.0
3751,Content/Webinar,2024-03-17,1,0,0.0
3751,Google Ads,2024-03-20,2,0,0.0
3751,Google Ads,2024-03-20,3,0,0.0
3751,Organic/SEO,2024-03-23,4,0,0.0
3751,Organic/SEO,2024-03-26,5,0,0.0
3752,Cold Outbound,2024-08-27,1,0,0.0
3753,Cold Outbound,2024-02-02,1,0,0.0
3753,Cold Outbound,2024-02-03,2,0,0.0
3754,Email,2024-01-24,1,0,0.0
3754,Google Ads,2024-01-25,2,0,0.0
3754,LinkedIn Ads,2024-01-28,3,0,0.0
3755,Email,2024-05-16,1,0,0.0
3755,Content/Webinar,2024-05-20,2,0,0.0
3755,Email,2024-05-23,3,0,0.0
3756,Cold Outbound,2024-07-21,1,0,0.0
3756,LinkedIn Ads,2024-07-24,2,0,0.0
3756,Cold Outbound,2024-07-27,3,0,0.0
3756,Organic/SEO,2024-07-30,4,0,0.0
3757,Organic/SEO,2024-10-04,1,0,0.0
3757,Cold Outbound,2024-10-09,2,0,0.0
3757,Cold Outbound,2024-10-13,3,0,0.0
3758,Google Ads,2024-06-01,1,0,0.0
3758,Email,2024-06-02,2,0,0.0
3758,Cold Outbound,2024-06-06,3,0,0.0
3759,Organic/SEO,2024-03-31,1,1,8074.46
3759,Google Ads,2024-04-02,2,1,8074.46
3759,Email,2024-04-03,3,1,8074.46
3759,Email,2024-04-05,4,1,8074.46
3759,Email,2024-04-06,5,1,8074.46
3760,Referral,2024-01-19,1,1,14407.62
3760,Content/Webinar,2024-01-19,2,1,14407.62
3761,Email,2024-03-06,1,0,0.0
3761,LinkedIn Ads,2024-03-09,2,0,0.0
3762,Content/Webinar,2024-02-07,1,0,0.0
3762,Content/Webinar,2024-02-12,2,0,0.0
3762,Google Ads,2024-02-16,3,0,0.0
3762,Content/Webinar,2024-02-21,4,0,0.0
3762,Content/Webinar,2024-02-24,5,0,0.0
3763,Content/Webinar,2024-01-25,1,0,0.0
3763,Email,2024-01-28,2,0,0.0
3763,Google Ads,2024-02-02,3,0,0.0
3763,Google Ads,2024-02-06,4,0,0.0
3764,LinkedIn Ads,2024-10-12,1,0,0.0
3764,Email,2024-10-16,2,0,0.0
3764,Google Ads,2024-10-21,3,0,0.0
3764,Organic/SEO,2024-10-22,4,0,0.0
3765,Google Ads,2024-02-16,1,0,0.0
3765,Content/Webinar,2024-02-20,2,0,0.0
3765,Email,2024-02-20,3,0,0.0
3766,Email,2024-11-27,1,0,0.0
3767,Cold Outbound,2024-11-12,1,0,0.0
3768,Referral,2024-06-28,1,0,0.0
3768,LinkedIn Ads,2024-06-30,2,0,0.0
3769,Email,2024-06-07,1,0,0.0
3769,LinkedIn Ads,2024-06-12,2,0,0.0
3769,Cold Outbound,2024-06-14,3,0,0.0
3770,Email,2024-08-09,1,0,0.0
3770,Email,2024-08-14,2,0,0.0
3770,Cold Outbound,2024-08-16,3,0,0.0
3770,LinkedIn Ads,2024-08-18,4,0,0.0
3771,Organic/SEO,2024-04-11,1,0,0.0
3772,Organic/SEO,2024-06-28,1,0,0.0
3772,Referral,2024-06-29,2,0,0.0
3773,Google Ads,2024-06-07,1,0,0.0
3773,Content/Webinar,2024-06-07,2,0,0.0
3774,Email,2024-01-31,1,1,11807.65
3774,Email,2024-02-03,2,1,11807.65
3774,Cold Outbound,2024-02-03,3,1,11807.65
3774,LinkedIn Ads,2024-02-06,4,1,11807.65
3775,Organic/SEO,2024-02-08,1,0,0.0
3775,Organic/SEO,2024-02-13,2,0,0.0
3775,Content/Webinar,2024-02-17,3,0,0.0
3776,Google Ads,2024-04-22,1,0,0.0
3776,Organic/SEO,2024-04-25,2,0,0.0
3777,LinkedIn Ads,2024-07-31,1,1,8771.06
3778,Google Ads,2024-10-08,1,0,0.0
3778,LinkedIn Ads,2024-10-08,2,0,0.0
3778,Organic/SEO,2024-10-08,3,0,0.0
3778,Cold Outbound,2024-10-08,4,0,0.0
3779,Google Ads,2024-04-02,1,0,0.0
3779,Cold Outbound,2024-04-04,2,0,0.0
3780,Google Ads,2024-06-02,1,0,0.0
3780,Organic/SEO,2024-06-06,2,0,0.0
3780,Organic/SEO,2024-06-09,3,0,0.0
3781,LinkedIn Ads,2024-02-20,1,0,0.0
3782,Content/Webinar,2024-04-28,1,0,0.0
3783,Cold Outbound,2024-08-14,1,0,0.0
3783,Content/Webinar,2024-08-15,2,0,0.0
3783,Content/Webinar,2024-08-16,3,0,0.0
3783,LinkedIn Ads,2024-08-20,4,0,0.0
3784,Content/Webinar,2024-08-08,1,1,6975.21
3784,Cold Outbound,2024-08-13,2,1,6975.21
3784,Google Ads,2024-08-15,3,1,6975.21
3784,Google Ads,2024-08-17,4,1,6975.21
3785,Cold Outbound,2024-03-05,1,0,0.0
3785,LinkedIn Ads,2024-03-06,2,0,0.0
3785,Google Ads,2024-03-08,3,0,0.0
3785,Organic/SEO,2024-03-11,4,0,0.0
3786,Google Ads,2024-07-29,1,0,0.0
3787,Organic/SEO,2024-06-26,1,0,0.0
3788,Organic/SEO,2024-04-15,1,0,0.0
3788,Cold Outbound,2024-04-18,2,0,0.0
3788,Google Ads,2024-04-21,3,0,0.0
3788,Cold Outbound,2024-04-23,4,0,0.0
3789,Organic/SEO,2024-02-12,1,0,0.0
3789,Email,2024-02-14,2,0,0.0
3790,Email,2024-03-04,1,0,0.0
3790,Organic/SEO,2024-03-04,2,0,0.0
3790,Cold Outbound,2024-03-05,3,0,0.0
3790,Organic/SEO,2024-03-10,4,0,0.0
3791,Email,2024-11-12,1,0,0.0
3791,LinkedIn Ads,2024-11-17,2,0,0.0
3791,Cold Outbound,2024-11-19,3,0,0.0
3792,Referral,2024-02-04,1,0,0.0
3792,Content/Webinar,2024-02-07,2,0,0.0
3792,Content/Webinar,2024-02-12,3,0,0.0
3793,Referral,2024-02-12,1,0,0.0
3793,Google Ads,2024-02-17,2,0,0.0
3793,LinkedIn Ads,2024-02-20,3,0,0.0
3794,LinkedIn Ads,2024-06-22,1,1,10574.19
3794,Cold Outbound,2024-06-27,2,1,10574.19
3794,LinkedIn Ads,2024-07-02,3,1,10574.19
3795,Cold Outbound,2024-02-27,1,0,0.0
3795,LinkedIn Ads,2024-02-29,2,0,0.0
3795,LinkedIn Ads,2024-02-29,3,0,0.0
3795,Cold Outbound,2024-03-05,4,0,0.0
3796,Google Ads,2024-04-17,1,0,0.0
3797,Cold Outbound,2024-05-14,1,0,0.0
3797,LinkedIn Ads,2024-05-16,2,0,0.0
3798,Organic/SEO,2024-11-26,1,1,6171.51
3798,Email,2024-12-01,2,1,6171.51
3799,Email,2024-01-21,1,0,0.0
3799,LinkedIn Ads,2024-01-24,2,0,0.0
3799,Email,2024-01-27,3,0,0.0
3800,Cold Outbound,2024-02-23,1,0,0.0
3800,Organic/SEO,2024-02-28,2,0,0.0
3800,Email,2024-03-03,3,0,0.0
3800,Cold Outbound,2024-03-06,4,0,0.0
3801,Cold Outbound,2024-06-15,1,0,0.0
3801,Email,2024-06-20,2,0,0.0
3801,Organic/SEO,2024-06-24,3,0,0.0
3802,LinkedIn Ads,2024-08-24,1,0,0.0
3802,Google Ads,2024-08-24,2,0,0.0
3803,Google Ads,2024-09-16,1,1,6985.28
3804,Email,2024-10-04,1,0,0.0
3804,Google Ads,2024-10-04,2,0,0.0
3805,LinkedIn Ads,2024-04-24,1,0,0.0
3805,Cold Outbound,2024-04-28,2,0,0.0
3805,Organic/SEO,2024-05-01,3,0,0.0
3806,LinkedIn Ads,2024-03-03,1,0,0.0
3807,Content/Webinar,2024-08-12,1,1,9473.75
3807,Organic/SEO,2024-08-12,2,1,9473.75
3808,Content/Webinar,2024-08-03,1,0,0.0
3808,Cold Outbound,2024-08-06,2,0,0.0
3809,LinkedIn Ads,2024-06-27,1,0,0.0
3809,LinkedIn Ads,2024-07-02,2,0,0.0
3810,Google Ads,2024-03-16,1,0,0.0
3810,Cold Outbound,2024-03-20,2,0,0.0
3810,LinkedIn Ads,2024-03-24,3,0,0.0
3810,Google Ads,2024-03-24,4,0,0.0
3810,Google Ads,2024-03-27,5,0,0.0
3811,Cold Outbound,2024-02-12,1,0,0.0
3812,Email,2024-04-04,1,0,0.0
3813,Organic/SEO,2024-03-21,1,0,0.0
3813,Email,2024-03-22,2,0,0.0
3813,Cold Outbound,2024-03-27,3,0,0.0
3813,Google Ads,2024-03-30,4,0,0.0
3814,Content/Webinar,2024-04-29,1,0,0.0
3814,Cold Outbound,2024-05-03,2,0,0.0
3814,Google Ads,2024-05-04,3,0,0.0
3815,Cold Outbound,2024-05-29,1,0,0.0
3815,Email,2024-05-30,2,0,0.0
3815,Google Ads,2024-06-01,3,0,0.0
3816,Google Ads,2024-10-27,1,0,0.0
3817,Email,2024-11-20,1,0,0.0
3817,Google Ads,2024-11-22,2,0,0.0
3817,Cold Outbound,2024-11-27,3,0,0.0
3818,LinkedIn Ads,2024-03-10,1,0,0.0
3818,Cold Outbound,2024-03-14,2,0,0.0
3818,Content/Webinar,2024-03-18,3,0,0.0
3819,Cold Outbound,2024-03-11,1,0,0.0
3820,Cold Outbound,2024-09-16,1,0,0.0
3820,Cold Outbound,2024-09-19,2,0,0.0
3820,Content/Webinar,2024-09-23,3,0,0.0
3820,Organic/SEO,2024-09-23,4,0,0.0
3821,Content/Webinar,2024-10-31,1,1,10429.27
3821,LinkedIn Ads,2024-11-01,2,1,10429.27
3822,Email,2024-08-01,1,0,0.0
3822,Cold Outbound,2024-08-05,2,0,0.0
3822,Content/Webinar,2024-08-05,3,0,0.0
3823,Organic/SEO,2024-10-04,1,0,0.0
3823,Cold Outbound,2024-10-05,2,0,0.0
3824,Cold Outbound,2024-02-28,1,0,0.0
3824,LinkedIn Ads,2024-02-29,2,0,0.0
3824,Referral,2024-03-05,3,0,0.0
3824,Email,2024-03-08,4,0,0.0
3825,LinkedIn Ads,2024-05-13,1,0,0.0
3825,Google Ads,2024-05-14,2,0,0.0
3826,Referral,2024-10-29,1,0,0.0
3826,Content/Webinar,2024-11-01,2,0,0.0
3826,Referral,2024-11-03,3,0,0.0
3826,LinkedIn Ads,2024-11-06,4,0,0.0
3827,Organic/SEO,2024-08-27,1,0,0.0
3827,Cold Outbound,2024-09-01,2,0,0.0
3828,Google Ads,2024-09-24,1,0,0.0
3828,Organic/SEO,2024-09-25,2,0,0.0
3829,Content/Webinar,2024-10-07,1,0,0.0
3830,Organic/SEO,2024-06-30,1,0,0.0
3830,Google Ads,2024-07-03,2,0,0.0
3830,Organic/SEO,2024-07-08,3,0,0.0
3831,LinkedIn Ads,2024-01-19,1,0,0.0
3832,Email,2024-03-08,1,0,0.0
3833,Content/Webinar,2024-05-04,1,0,0.0
3833,Email,2024-05-05,2,0,0.0
3834,Organic/SEO,2024-04-17,1,0,0.0
3834,Content/Webinar,2024-04-18,2,0,0.0
3834,Referral,2024-04-19,3,0,0.0
3835,Google Ads,2024-06-08,1,1,5299.78
3835,Content/Webinar,2024-06-08,2,1,5299.78
3835,Content/Webinar,2024-06-11,3,1,5299.78
3835,Referral,2024-06-11,4,1,5299.78
3835,Content/Webinar,2024-06-11,5,1,5299.78
3836,Referral,2024-10-07,1,0,0.0
3836,Cold Outbound,2024-10-09,2,0,0.0
3836,Email,2024-10-12,3,0,0.0
3837,LinkedIn Ads,2024-06-07,1,1,7702.6
3837,Email,2024-06-07,2,1,7702.6
3838,Google Ads,2024-04-17,1,0,0.0
3838,Cold Outbound,2024-04-22,2,0,0.0
3838,LinkedIn Ads,2024-04-27,3,0,0.0
3839,Google Ads,2024-11-18,1,0,0.0
3839,Organic/SEO,2024-11-19,2,0,0.0
3840,Organic/SEO,2024-10-19,1,0,0.0
3841,Content/Webinar,2024-09-21,1,0,0.0
3842,Google Ads,2024-07-30,1,0,0.0
3842,Organic/SEO,2024-08-02,2,0,0.0
3842,Email,2024-08-04,3,0,0.0
3842,Email,2024-08-08,4,0,0.0
3842,Google Ads,2024-08-12,5,0,0.0
3843,Email,2024-04-30,1,0,0.0
3843,LinkedIn Ads,2024-05-04,2,0,0.0
3844,Cold Outbound,2024-07-16,1,0,0.0
3844,Email,2024-07-17,2,0,0.0
3845,Cold Outbound,2024-04-18,1,1,4005.99
3846,Google Ads,2024-02-28,1,0,0.0
3847,Email,2024-11-06,1,1,11567.59
3847,Organic/SEO,2024-11-11,2,1,11567.59
3848,Google Ads,2024-11-03,1,0,0.0
3848,Google Ads,2024-11-06,2,0,0.0
3848,Email,2024-11-08,3,0,0.0
3848,Organic/SEO,2024-11-10,4,0,0.0
3849,Cold Outbound,2024-03-01,1,0,0.0
3849,Cold Outbound,2024-03-03,2,0,0.0
3850,Content/Webinar,2024-02-21,1,0,0.0
3850,Google Ads,2024-02-23,2,0,0.0
3851,Cold Outbound,2024-09-02,1,0,0.0
3851,Google Ads,2024-09-05,2,0,0.0
3852,Content/Webinar,2024-11-26,1,0,0.0
3852,Cold Outbound,2024-11-27,2,0,0.0
3852,Email,2024-11-29,3,0,0.0
3853,Content/Webinar,2024-03-14,1,0,0.0
3853,Organic/SEO,2024-03-18,2,0,0.0
3854,Cold Outbound,2024-05-31,1,0,0.0
3854,Email,2024-06-05,2,0,0.0
3854,Google Ads,2024-06-05,3,0,0.0
3854,LinkedIn Ads,2024-06-10,4,0,0.0
3854,Organic/SEO,2024-06-14,5,0,0.0
3855,Cold Outbound,2024-02-07,1,0,0.0
3856,Cold Outbound,2024-11-12,1,1,6790.56
3857,LinkedIn Ads,2024-06-20,1,0,0.0
3857,Google Ads,2024-06-25,2,0,0.0
3857,Content/Webinar,2024-06-26,3,0,0.0
3858,Email,2024-07-22,1,0,0.0
3859,LinkedIn Ads,2024-11-06,1,1,4793.46
3859,Cold Outbound,2024-11-06,2,1,4793.46
3860,Content/Webinar,2024-10-14,1,0,0.0
3861,Google Ads,2024-03-13,1,0,0.0
3861,Cold Outbound,2024-03-15,2,0,0.0
3861,Email,2024-03-15,3,0,0.0
3862,Cold Outbound,2024-02-21,1,0,0.0
3863,Email,2024-08-08,1,0,0.0
3863,LinkedIn Ads,2024-08-13,2,0,0.0
3863,Cold Outbound,2024-08-13,3,0,0.0
3864,Cold Outbound,2024-03-20,1,1,5211.39
3865,Cold Outbound,2024-04-15,1,0,0.0
3865,Cold Outbound,2024-04-20,2,0,0.0
3865,Organic/SEO,2024-04-23,3,0,0.0
3866,Organic/SEO,2024-04-17,1,1,9074.43
3867,LinkedIn Ads,2024-01-07,1,0,0.0
3868,Email,2024-02-12,1,0,0.0
3869,Cold Outbound,2024-06-07,1,0,0.0
3869,Email,2024-06-07,2,0,0.0
3869,Cold Outbound,2024-06-11,3,0,0.0
3869,Google Ads,2024-06-11,4,0,0.0
3869,Cold Outbound,2024-06-13,5,0,0.0
3870,Organic/SEO,2024-01-25,1,0,0.0
3871,LinkedIn Ads,2024-05-07,1,0,0.0
3871,Google Ads,2024-05-08,2,0,0.0
3871,Organic/SEO,2024-05-08,3,0,0.0
3871,Cold Outbound,2024-05-10,4,0,0.0
3871,Content/Webinar,2024-05-15,5,0,0.0
3872,Organic/SEO,2024-03-16,1,0,0.0
3872,Referral,2024-03-17,2,0,0.0
3872,Content/Webinar,2024-03-17,3,0,0.0
3873,Content/Webinar,2024-07-25,1,0,0.0
3873,Content/Webinar,2024-07-29,2,0,0.0
3873,Cold Outbound,2024-08-02,3,0,0.0
3874,Content/Webinar,2024-11-04,1,0,0.0
3874,Google Ads,2024-11-07,2,0,0.0
3875,Google Ads,2024-05-17,1,0,0.0
3876,Organic/SEO,2024-10-25,1,0,0.0
3876,Google Ads,2024-10-29,2,0,0.0
3876,Content/Webinar,2024-10-30,3,0,0.0
3876,Google Ads,2024-11-01,4,0,0.0
3877,Organic/SEO,2024-03-05,1,1,5302.18
3877,Google Ads,2024-03-05,2,1,5302.18
3878,Organic/SEO,2024-10-20,1,1,11318.11
3879,Email,2024-08-26,1,0,0.0
3879,Cold Outbound,2024-08-27,2,0,0.0
3879,Google Ads,2024-08-30,3,0,0.0
3880,Content/Webinar,2024-07-18,1,1,6443.32
3880,LinkedIn Ads,2024-07-20,2,1,6443.32
3880,Content/Webinar,2024-07-20,3,1,6443.32
3881,Organic/SEO,2024-07-24,1,0,0.0
3881,Content/Webinar,2024-07-26,2,0,0.0
3881,Email,2024-07-30,3,0,0.0
3881,Cold Outbound,2024-08-01,4,0,0.0
3882,Cold Outbound,2024-07-10,1,0,0.0
3882,Google Ads,2024-07-11,2,0,0.0
3882,Cold Outbound,2024-07-14,3,0,0.0
3883,Content/Webinar,2024-03-08,1,0,0.0
3884,Google Ads,2024-06-19,1,0,0.0
3884,Google Ads,2024-06-24,2,0,0.0
3884,Cold Outbound,2024-06-28,3,0,0.0
3885,Email,2024-05-27,1,0,0.0
3885,Organic/SEO,2024-05-28,2,0,0.0
3886,Organic/SEO,2024-10-16,1,0,0.0
3887,Content/Webinar,2024-11-01,1,0,0.0
3887,Cold Outbound,2024-11-04,2,0,0.0
3887,Google Ads,2024-11-07,3,0,0.0
3887,Cold Outbound,2024-11-11,4,0,0.0
3888,Google Ads,2024-07-30,1,0,0.0
3888,Content/Webinar,2024-07-30,2,0,0.0
3889,Google Ads,2024-01-13,1,0,0.0
3890,Organic/SEO,2024-09-07,1,0,0.0
3890,LinkedIn Ads,2024-09-11,2,0,0.0
3891,Email,2024-08-16,1,1,3818.28
3892,Google Ads,2024-10-05,1,0,0.0
3892,Email,2024-10-08,2,0,0.0
3893,Google Ads,2024-01-24,1,0,0.0
3893,Google Ads,2024-01-24,2,0,0.0
3893,Cold Outbound,2024-01-26,3,0,0.0
3893,Google Ads,2024-01-28,4,0,0.0
3893,Google Ads,2024-01-29,5,0,0.0
3894,Organic/SEO,2024-09-06,1,1,5749.69
3894,Google Ads,2024-09-07,2,1,5749.69
3894,Cold Outbound,2024-09-08,3,1,5749.69
3895,Cold Outbound,2024-09-12,1,0,0.0
3895,Cold Outbound,2024-09-15,2,0,0.0
3895,Google Ads,2024-09-16,3,0,0.0
3895,LinkedIn Ads,2024-09-18,4,0,0.0
3895,Google Ads,2024-09-21,5,0,0.0
3896,Email,2024-03-19,1,0,0.0
3896,Email,2024-03-20,2,0,0.0
3897,Content/Webinar,2024-10-03,1,0,0.0
3897,Cold Outbound,2024-10-03,2,0,0.0
3898,Cold Outbound,2024-10-11,1,0,0.0
3899,Google Ads,2024-08-27,1,0,0.0
3899,Content/Webinar,2024-08-31,2,0,0.0
3899,LinkedIn Ads,2024-09-05,3,0,0.0
3899,Email,2024-09-08,4,0,0.0
3900,Email,2024-10-17,1,0,0.0
3900,Google Ads,2024-10-21,2,0,0.0
3900,Google Ads,2024-10-24,3,0,0.0
3901,Google Ads,2024-06-17,1,0,0.0
3902,Content/Webinar,2024-08-17,1,1,5319.98
3902,LinkedIn Ads,2024-08-19,2,1,5319.98
3903,Organic/SEO,2024-10-22,1,0,0.0
3903,Organic/SEO,2024-10-27,2,0,0.0
3904,Email,2024-07-31,1,0,0.0
3904,Google Ads,2024-08-04,2,0,0.0
3904,Email,2024-08-06,3,0,0.0
3904,Organic/SEO,2024-08-08,4,0,0.0
3905,LinkedIn Ads,2024-08-27,1,0,0.0
3906,Cold Outbound,2024-06-16,1,0,0.0
3907,Content/Webinar,2024-04-01,1,0,0.0
3907,Google Ads,2024-04-05,2,0,0.0
3908,LinkedIn Ads,2024-02-22,1,0,0.0
3908,Organic/SEO,2024-02-25,2,0,0.0
3908,Email,2024-02-28,3,0,0.0
3908,LinkedIn Ads,2024-03-04,4,0,0.0
3909,Google Ads,2024-07-30,1,0,0.0
3909,Google Ads,2024-07-31,2,0,0.0
3909,Organic/SEO,2024-08-02,3,0,0.0
3910,Cold Outbound,2024-08-29,1,1,3844.07
3910,Cold Outbound,2024-09-03,2,1,3844.07
3910,Organic/SEO,2024-09-08,3,1,3844.07
3910,Google Ads,2024-09-08,4,1,3844.07
3911,Email,2024-01-28,1,0,0.0
3911,Organic/SEO,2024-02-01,2,0,0.0
3911,LinkedIn Ads,2024-02-06,3,0,0.0
3912,Google Ads,2024-10-11,1,0,0.0
3912,Cold Outbound,2024-10-12,2,0,0.0
3912,Email,2024-10-17,3,0,0.0
3912,Cold Outbound,2024-10-19,4,0,0.0
3913,Email,2024-08-16,1,0,0.0
3914,Email,2024-01-12,1,0,0.0
3915,Cold Outbound,2024-01-15,1,0,0.0
3915,Email,2024-01-20,2,0,0.0
3915,Organic/SEO,2024-01-21,3,0,0.0
3916,Google Ads,2024-10-15,1,0,0.0
3917,LinkedIn Ads,2024-03-16,1,1,12596.47
3918,Organic/SEO,2024-04-12,1,0,0.0
3919,Google Ads,2024-01-05,1,0,0.0
3919,LinkedIn Ads,2024-01-10,2,0,0.0
3919,Cold Outbound,2024-01-10,3,0,0.0
3920,Referral,2024-02-06,1,1,11745.61
3920,Content/Webinar,2024-02-07,2,1,11745.61
3920,LinkedIn Ads,2024-02-11,3,1,11745.61
3920,Content/Webinar,2024-02-13,4,1,11745.61
3921,Google Ads,2024-06-15,1,0,0.0
3921,LinkedIn Ads,2024-06-17,2,0,0.0
3922,Email,2024-09-17,1,0,0.0
3922,Google Ads,2024-09-18,2,0,0.0
3922,Cold Outbound,2024-09-22,3,0,0.0
3922,Google Ads,2024-09-22,4,0,0.0
3923,Google Ads,2024-08-19,1,0,0.0
3923,Google Ads,2024-08-23,2,0,0.0
3923,Referral,2024-08-26,3,0,0.0
3924,Email,2024-07-20,1,0,0.0
3924,Google Ads,2024-07-24,2,0,0.0
3924,Google Ads,2024-07-26,3,0,0.0
3925,Content/Webinar,2024-08-12,1,0,0.0
3926,LinkedIn Ads,2024-09-01,1,0,0.0
3926,Cold Outbound,2024-09-05,2,0,0.0
3926,Google Ads,2024-09-09,3,0,0.0
3927,Email,2024-04-16,1,1,10896.36
3927,Google Ads,2024-04-18,2,1,10896.36
3927,LinkedIn Ads,2024-04-20,3,1,10896.36
3927,Organic/SEO,2024-04-21,4,1,10896.36
3927,Google Ads,2024-04-26,5,1,10896.36
3928,Organic/SEO,2024-05-07,1,0,0.0
3928,Google Ads,2024-05-11,2,0,0.0
3928,Google Ads,2024-05-15,3,0,0.0
3929,Organic/SEO,2024-05-15,1,0,0.0
3930,Referral,2024-09-12,1,0,0.0
3930,Cold Outbound,2024-09-12,2,0,0.0
3930,Email,2024-09-16,3,0,0.0
3931,Cold Outbound,2024-06-02,1,0,0.0
3931,Organic/SEO,2024-06-05,2,0,0.0
3931,Google Ads,2024-06-07,3,0,0.0
3932,Organic/SEO,2024-03-31,1,0,0.0
3932,Content/Webinar,2024-04-04,2,0,0.0
3932,Cold Outbound,2024-04-07,3,0,0.0
3933,LinkedIn Ads,2024-10-11,1,0,0.0
3933,Google Ads,2024-10-12,2,0,0.0
3933,Referral,2024-10-14,3,0,0.0
3934,Cold Outbound,2024-07-27,1,0,0.0
3934,Google Ads,2024-07-29,2,0,0.0
3935,Google Ads,2024-06-10,1,1,6432.59
3936,Cold Outbound,2024-02-01,1,0,0.0
3937,Content/Webinar,2024-04-30,1,0,0.0
3937,Email,2024-05-05,2,0,0.0
3938,Cold Outbound,2024-09-16,1,1,22794.62
3938,Referral,2024-09-17,2,1,22794.62
3939,Cold Outbound,2024-10-02,1,1,8963.14
3939,Referral,2024-10-02,2,1,8963.14
3939,LinkedIn Ads,2024-10-04,3,1,8963.14
3939,Cold Outbound,2024-10-05,4,1,8963.14
3939,LinkedIn Ads,2024-10-07,5,1,8963.14
3940,Google Ads,2024-07-29,1,0,0.0
3941,Cold Outbound,2024-05-10,1,0,0.0
3942,Google Ads,2024-05-07,1,0,0.0
3942,Google Ads,2024-05-10,2,0,0.0
3942,Email,2024-05-13,3,0,0.0
3943,Cold Outbound,2024-03-25,1,0,0.0
3944,Google Ads,2024-03-01,1,0,0.0
3945,Google Ads,2024-01-31,1,0,0.0
3945,Google Ads,2024-02-03,2,0,0.0
3945,LinkedIn Ads,2024-02-03,3,0,0.0
3945,Email,2024-02-03,4,0,0.0
3946,Content/Webinar,2024-07-18,1,1,6784.97
3947,Email,2024-02-24,1,0,0.0
3948,LinkedIn Ads,2024-06-07,1,0,0.0
3949,Email,2024-02-01,1,0,0.0
3950,Email,2024-06-29,1,0,0.0
3950,Email,2024-06-30,2,0,0.0
3951,Email,2024-09-29,1,0,0.0
3951,Cold Outbound,2024-10-03,2,0,0.0
3952,Organic/SEO,2024-06-16,1,0,0.0
3952,Organic/SEO,2024-06-21,2,0,0.0
3952,Content/Webinar,2024-06-25,3,0,0.0
3953,LinkedIn Ads,2024-04-03,1,0,0.0
3953,Cold Outbound,2024-04-03,2,0,0.0
3953,Google Ads,2024-04-05,3,0,0.0
3954,Google Ads,2024-04-22,1,0,0.0
3954,LinkedIn Ads,2024-04-26,2,0,0.0
3954,Cold Outbound,2024-04-26,3,0,0.0
3954,Email,2024-04-28,4,0,0.0
3955,Email,2024-10-16,1,0,0.0
3955,LinkedIn Ads,2024-10-19,2,0,0.0
3955,Email,2024-10-19,3,0,0.0
3955,Email,2024-10-21,4,0,0.0
3956,Email,2024-09-03,1,0,0.0
3956,Email,2024-09-04,2,0,0.0
3957,Email,2024-07-10,1,0,0.0
3957,LinkedIn Ads,2024-07-15,2,0,0.0
3957,Content/Webinar,2024-07-18,3,0,0.0
3958,Cold Outbound,2024-02-05,1,0,0.0
3958,Content/Webinar,2024-02-09,2,0,0.0
3959,Google Ads,2024-07-05,1,1,4507.05
3959,Referral,2024-07-07,2,1,4507.05
3959,Google Ads,2024-07-11,3,1,4507.05
3960,Email,2024-06-23,1,0,0.0
3960,Email,2024-06-27,2,0,0.0
3960,Organic/SEO,2024-07-01,3,0,0.0
3960,Google Ads,2024-07-01,4,0,0.0
3961,Content/Webinar,2024-11-02,1,0,0.0
3962,Cold Outbound,2024-08-07,1,0,0.0
3962,Content/Webinar,2024-08-11,2,0,0.0
3962,Email,2024-08-14,3,0,0.0
3963,Organic/SEO,2024-07-10,1,0,0.0
3963,LinkedIn Ads,2024-07-11,2,0,0.0
3964,LinkedIn Ads,2024-05-07,1,0,0.0
3965,Organic/SEO,2024-07-24,1,0,0.0
3965,Cold Outbound,2024-07-25,2,0,0.0
3966,Cold Outbound,2024-03-25,1,0,0.0
3967,LinkedIn Ads,2024-03-01,1,0,0.0
3967,Organic/SEO,2024-03-05,2,0,0.0
3967,Referral,2024-03-08,3,0,0.0
3967,Referral,2024-03-13,4,0,0.0
3967,Organic/SEO,2024-03-15,5,0,0.0
3968,Cold Outbound,2024-09-16,1,0,0.0
3968,LinkedIn Ads,2024-09-19,2,0,0.0
3968,Email,2024-09-19,3,0,0.0
3969,Google Ads,2024-05-03,1,0,0.0
3969,Email,2024-05-04,2,0,0.0
3969,Email,2024-05-07,3,0,0.0
3969,Organic/SEO,2024-05-08,4,0,0.0
3970,Email,2024-04-29,1,0,0.0
3970,Google Ads,2024-04-29,2,0,0.0
3971,Email,2024-10-28,1,0,0.0
3971,Google Ads,2024-11-02,2,0,0.0
3972,Google Ads,2024-09-29,1,0,0.0
3972,Organic/SEO,2024-10-04,2,0,0.0
3973,LinkedIn Ads,2024-01-30,1,0,0.0
3974,Google Ads,2024-02-20,1,0,0.0
3974,Organic/SEO,2024-02-21,2,0,0.0
3974,Google Ads,2024-02-26,3,0,0.0
3975,Email,2024-01-02,1,0,0.0
3976,Email,2024-08-12,1,0,0.0
3976,Google Ads,2024-08-15,2,0,0.0
3977,Content/Webinar,2024-07-03,1,1,14841.38
3977,LinkedIn Ads,2024-07-08,2,1,14841.38
3977,Organic/SEO,2024-07-10,3,1,14841.38
3977,Referral,2024-07-14,4,1,14841.38
3978,Google Ads,2024-09-26,1,0,0.0
3979,Email,2024-04-26,1,0,0.0
3980,Organic/SEO,2024-08-31,1,0,0.0
3980,LinkedIn Ads,2024-09-03,2,0,0.0
3980,Cold Outbound,2024-09-06,3,0,0.0
3980,Google Ads,2024-09-09,4,0,0.0
3981,Organic/SEO,2024-08-22,1,0,0.0
3981,LinkedIn Ads,2024-08-26,2,0,0.0
3982,Google Ads,2024-04-11,1,0,0.0
3982,Email,2024-04-16,2,0,0.0
3983,LinkedIn Ads,2024-10-03,1,0,0.0
3983,Content/Webinar,2024-10-03,2,0,0.0
3983,LinkedIn Ads,2024-10-04,3,0,0.0
3984,LinkedIn Ads,2024-09-20,1,0,0.0
3985,Cold Outbound,2024-05-01,1,1,5183.13
3986,Cold Outbound,2024-02-20,1,0,0.0
3987,Google Ads,2024-11-23,1,0,0.0
3987,Google Ads,2024-11-27,2,0,0.0
3987,Google Ads,2024-11-29,3,0,0.0
3988,LinkedIn Ads,2024-10-04,1,0,0.0
3988,Email,2024-10-09,2,0,0.0
3989,Content/Webinar,2024-04-20,1,0,0.0
3989,Cold Outbound,2024-04-21,2,0,0.0
3990,Cold Outbound,2024-09-08,1,0,0.0
3990,Cold Outbound,2024-09-09,2,0,0.0
3990,Referral,2024-09-13,3,0,0.0
3990,Email,2024-09-16,4,0,0.0
3990,Email,2024-09-19,5,0,0.0
3991,Cold Outbound,2024-07-03,1,0,0.0
3991,LinkedIn Ads,2024-07-07,2,0,0.0
3991,Cold Outbound,2024-07-07,3,0,0.0
3992,Content/Webinar,2024-04-22,1,0,0.0
3993,LinkedIn Ads,2024-11-16,1,0,0.0
3993,Cold Outbound,2024-11-18,2,0,0.0
3994,LinkedIn Ads,2024-08-28,1,1,12130.69
3995,LinkedIn Ads,2024-03-07,1,0,0.0
3995,Content/Webinar,2024-03-09,2,0,0.0
3996,Email,2024-06-17,1,1,6469.87
3996,Email,2024-06-19,2,1,6469.87
3997,Organic/SEO,2024-02-06,1,0,0.0
3998,Email,2024-07-26,1,0,0.0
3998,LinkedIn Ads,2024-07-27,2,0,0.0
3998,LinkedIn Ads,2024-07-31,3,0,0.0
3998,Email,2024-08-02,4,0,0.0
3999,Content/Webinar,2024-04-16,1,1,7434.2
3999,Cold Outbound,2024-04-20,2,1,7434.2
4000,Content/Webinar,2024-10-23,1,0,0.0
4001,Google Ads,2024-02-27,1,0,0.0
4002,Email,2024-05-14,1,0,0.0
4002,Content/Webinar,2024-05-18,2,0,0.0
4003,Content/Webinar,2024-10-02,1,0,0.0
4003,Google Ads,2024-10-06,2,0,0.0
4004,Email,2024-06-07,1,0,0.0
4004,Email,2024-06-07,2,0,0.0
4005,Referral,2024-06-09,1,1,17693.33
4006,Email,2024-01-11,1,0,0.0
4006,Email,2024-01-15,2,0,0.0
4006,LinkedIn Ads,2024-01-18,3,0,0.0
4007,Cold Outbound,2024-08-30,1,0,0.0
4007,Cold Outbound,2024-09-02,2,0,0.0
4007,Cold Outbound,2024-09-06,3,0,0.0
4007,LinkedIn Ads,2024-09-10,4,0,0.0
4008,Cold Outbound,2024-04-13,1,0,0.0
4008,LinkedIn Ads,2024-04-13,2,0,0.0
4009,Email,2024-07-09,1,0,0.0
4010,Referral,2024-06-30,1,0,0.0
4010,Email,2024-07-01,2,0,0.0
4011,Content/Webinar,2024-01-10,1,0,0.0
4011,Cold Outbound,2024-01-13,2,0,0.0
4011,Google Ads,2024-01-14,3,0,0.0
4012,Referral,2024-04-13,1,0,0.0
4013,Google Ads,2024-10-31,1,0,0.0
4013,Cold Outbound,2024-10-31,2,0,0.0
4013,Cold Outbound,2024-10-31,3,0,0.0
4014,Email,2024-08-30,1,0,0.0
4014,LinkedIn Ads,2024-08-31,2,0,0.0
4015,Google Ads,2024-02-15,1,1,9776.51
4016,Google Ads,2024-05-10,1,0,0.0
4016,Cold Outbound,2024-05-13,2,0,0.0
4017,Content/Webinar,2024-01-12,1,0,0.0
4018,Email,2024-02-02,1,0,0.0
4018,Google Ads,2024-02-02,2,0,0.0
4018,Cold Outbound,2024-02-07,3,0,0.0
4018,Organic/SEO,2024-02-11,4,0,0.0
4019,LinkedIn Ads,2024-05-25,1,0,0.0
4020,Organic/SEO,2024-02-23,1,0,0.0
4020,Google Ads,2024-02-24,2,0,0.0
4020,LinkedIn Ads,2024-02-28,3,0,0.0
4021,Organic/SEO,2024-11-02,1,0,0.0
4021,Organic/SEO,2024-11-06,2,0,0.0
4022,Cold Outbound,2024-02-05,1,0,0.0
4023,LinkedIn Ads,2024-09-26,1,1,13643.38
4024,Content/Webinar,2024-05-24,1,0,0.0
4024,Email,2024-05-26,2,0,0.0
4024,Organic/SEO,2024-05-30,3,0,0.0
4025,Cold Outbound,2024-03-23,1,0,0.0
4025,Organic/SEO,2024-03-25,2,0,0.0
4025,Email,2024-03-29,3,0,0.0
4026,Cold Outbound,2024-08-23,1,0,0.0
4026,Google Ads,2024-08-28,2,0,0.0
4027,Email,2024-08-07,1,0,0.0
4027,Email,2024-08-12,2,0,0.0
4027,Content/Webinar,2024-08-13,3,0,0.0
4028,Google Ads,2024-05-10,1,0,0.0
4028,Organic/SEO,2024-05-10,2,0,0.0
4028,Google Ads,2024-05-11,3,0,0.0
4028,LinkedIn Ads,2024-05-13,4,0,0.0
4029,Cold Outbound,2024-01-14,1,0,0.0
4029,Email,2024-01-18,2,0,0.0
4029,Email,2024-01-18,3,0,0.0
4030,Cold Outbound,2024-06-17,1,1,4731.49
4030,LinkedIn Ads,2024-06-19,2,1,4731.49
4030,Organic/SEO,2024-06-23,3,1,4731.49
4030,LinkedIn Ads,2024-06-25,4,1,4731.49
4031,Cold Outbound,2024-07-01,1,0,0.0
4031,Google Ads,2024-07-05,2,0,0.0
4032,Email,2024-06-14,1,0,0.0
4032,Content/Webinar,2024-06-14,2,0,0.0
4032,Email,2024-06-19,3,0,0.0
4033,Google Ads,2024-10-11,1,0,0.0
4034,Google Ads,2024-06-13,1,0,0.0
4035,LinkedIn Ads,2024-09-10,1,1,4901.69
4036,Content/Webinar,2024-07-22,1,0,0.0
4037,Email,2024-04-21,1,1,4176.67
4037,Content/Webinar,2024-04-24,2,1,4176.67
4037,Cold Outbound,2024-04-29,3,1,4176.67
4038,Cold Outbound,2024-03-06,1,0,0.0
4039,Google Ads,2024-04-28,1,0,0.0
4039,Organic/SEO,2024-05-03,2,0,0.0
4039,Email,2024-05-05,3,0,0.0
4040,Cold Outbound,2024-11-04,1,0,0.0
4041,LinkedIn Ads,2024-09-07,1,1,4010.12
4041,Email,2024-09-07,2,1,4010.12
4041,Google Ads,2024-09-07,3,1,4010.12
4042,LinkedIn Ads,2024-08-21,1,0,0.0
4042,Email,2024-08-25,2,0,0.0
4042,LinkedIn Ads,2024-08-26,3,0,0.0
4043,Google Ads,2024-02-10,1,0,0.0
4043,Email,2024-02-14,2,0,0.0
4043,Organic/SEO,2024-02-19,3,0,0.0
4044,Google Ads,2024-08-07,1,0,0.0
4044,Cold Outbound,2024-08-08,2,0,0.0
4044,Referral,2024-08-08,3,0,0.0
4044,LinkedIn Ads,2024-08-09,4,0,0.0
4045,Email,2024-03-11,1,0,0.0
4045,Google Ads,2024-03-12,2,0,0.0
4046,Google Ads,2024-09-09,1,0,0.0
4046,Referral,2024-09-13,2,0,0.0
4047,Google Ads,2024-01-03,1,0,0.0
4047,LinkedIn Ads,2024-01-06,2,0,0.0
4048,Email,2024-04-27,1,0,0.0
4049,Organic/SEO,2024-11-04,1,0,0.0
4049,Email,2024-11-08,2,0,0.0
4049,Cold Outbound,2024-11-12,3,0,0.0
4050,Google Ads,2024-07-01,1,0,0.0
4051,Email,2024-07-10,1,0,0.0
4051,Organic/SEO,2024-07-15,2,0,0.0
4052,Email,2024-06-09,1,0,0.0
4053,Organic/SEO,2024-07-15,1,0,0.0
4053,Email,2024-07-18,2,0,0.0
4053,Google Ads,2024-07-23,3,0,0.0
4053,Content/Webinar,2024-07-28,4,0,0.0
4054,Cold Outbound,2024-11-06,1,0,0.0
4054,Cold Outbound,2024-11-10,2,0,0.0
4055,LinkedIn Ads,2024-05-03,1,0,0.0
4055,Email,2024-05-07,2,0,0.0
4055,Email,2024-05-08,3,0,0.0
4056,Email,2024-04-10,1,0,0.0
4056,Content/Webinar,2024-04-13,2,0,0.0
4056,Cold Outbound,2024-04-13,3,0,0.0
4056,Organic/SEO,2024-04-13,4,0,0.0
4056,Google Ads,2024-04-14,5,0,0.0
4057,Cold Outbound,2024-08-30,1,0,0.0
4058,Cold Outbound,2024-02-28,1,0,0.0
4058,Email,2024-02-29,2,0,0.0
4058,Google Ads,2024-02-29,3,0,0.0
4059,Cold Outbound,2024-10-21,1,0,0.0
4059,Google Ads,2024-10-23,2,0,0.0
4059,Cold Outbound,2024-10-25,3,0,0.0
4060,Cold Outbound,2024-08-31,1,0,0.0
4061,Email,2024-06-23,1,0,0.0
4061,Cold Outbound,2024-06-23,2,0,0.0
4061,Email,2024-06-28,3,0,0.0
4061,Cold Outbound,2024-07-01,4,0,0.0
4062,Email,2024-08-17,1,0,0.0
4062,Cold Outbound,2024-08-19,2,0,0.0
4062,Cold Outbound,2024-08-21,3,0,0.0
4063,Email,2024-09-26,1,0,0.0
4063,Organic/SEO,2024-10-01,2,0,0.0
4064,Email,2024-01-22,1,0,0.0
4064,Cold Outbound,2024-01-27,2,0,0.0
4065,Google Ads,2024-01-05,1,0,0.0
4065,LinkedIn Ads,2024-01-05,2,0,0.0
4065,Organic/SEO,2024-01-09,3,0,0.0
4065,Cold Outbound,2024-01-10,4,0,0.0
4066,Email,2024-10-04,1,0,0.0
4066,Google Ads,2024-10-06,2,0,0.0
4067,Content/Webinar,2024-09-07,1,0,0.0
4068,Content/Webinar,2024-09-23,1,0,0.0
4069,Email,2024-04-28,1,0,0.0
4069,Content/Webinar,2024-04-29,2,0,0.0
4069,Google Ads,2024-05-01,3,0,0.0
4070,Cold Outbound,2024-06-28,1,0,0.0
4070,Email,2024-07-03,2,0,0.0
4071,Content/Webinar,2024-10-14,1,0,0.0
4072,Cold Outbound,2024-09-14,1,0,0.0
4072,LinkedIn Ads,2024-09-15,2,0,0.0
4072,Content/Webinar,2024-09-19,3,0,0.0
4073,Cold Outbound,2024-05-06,1,0,0.0
4073,LinkedIn Ads,2024-05-09,2,0,0.0
4073,Email,2024-05-10,3,0,0.0
4074,Organic/SEO,2024-02-12,1,0,0.0
4074,Referral,2024-02-12,2,0,0.0
4075,Cold Outbound,2024-07-13,1,0,0.0
4075,Content/Webinar,2024-07-14,2,0,0.0
4076,Cold Outbound,2024-02-21,1,0,0.0
4077,Organic/SEO,2024-09-10,1,1,8379.84
4077,Email,2024-09-14,2,1,8379.84
4078,Google Ads,2024-04-22,1,1,10686.26
4078,Content/Webinar,2024-04-22,2,1,10686.26
4078,Google Ads,2024-04-26,3,1,10686.26
4078,Google Ads,2024-05-01,4,1,10686.26
4079,Organic/SEO,2024-01-13,1,0,0.0
4080,Referral,2024-08-17,1,0,0.0
4081,Google Ads,2024-11-17,1,0,0.0
4082,Organic/SEO,2024-07-12,1,0,0.0
4082,Cold Outbound,2024-07-14,2,0,0.0
4083,Cold Outbound,2024-09-18,1,1,3755.1
4083,Cold Outbound,2024-09-19,2,1,3755.1
4083,Email,2024-09-24,3,1,3755.1
4084,Email,2024-01-20,1,0,0.0
4084,Email,2024-01-23,2,0,0.0
4085,Email,2024-01-22,1,1,10552.51
4085,Email,2024-01-26,2,1,10552.51
4085,Google Ads,2024-01-29,3,1,10552.51
4085,Google Ads,2024-01-30,4,1,10552.51
4086,Google Ads,2024-06-24,1,0,0.0
4087,Email,2024-04-17,1,0,0.0
4087,Content/Webinar,2024-04-19,2,0,0.0
4087,Google Ads,2024-04-20,3,0,0.0
4087,Referral,2024-04-25,4,0,0.0
4088,Email,2024-06-28,1,1,9577.49
4088,Email,2024-07-02,2,1,9577.49
4088,Email,2024-07-07,3,1,9577.49
4089,Email,2024-07-27,1,0,0.0
4089,Google Ads,2024-07-29,2,0,0.0
4090,Cold Outbound,2024-10-06,1,1,6785.13
4090,LinkedIn Ads,2024-10-10,2,1,6785.13
4090,Google Ads,2024-10-10,3,1,6785.13
4090,Email,2024-10-11,4,1,6785.13
4091,Google Ads,2024-02-24,1,1,8405.63
4092,Cold Outbound,2024-02-03,1,1,6998.23
4092,Organic/SEO,2024-02-07,2,1,6998.23
4093,Google Ads,2024-02-11,1,1,10366.04
4094,Google Ads,2024-01-21,1,0,0.0
4094,Content/Webinar,2024-01-21,2,0,0.0
4095,LinkedIn Ads,2024-08-10,1,0,0.0
4095,Email,2024-08-11,2,0,0.0
4096,Content/Webinar,2024-09-14,1,0,0.0
4097,Google Ads,2024-04-29,1,0,0.0
4097,Google Ads,2024-05-04,2,0,0.0
4098,Google Ads,2024-08-20,1,0,0.0
4099,Email,2024-03-30,1,0,0.0
4099,Google Ads,2024-03-30,2,0,0.0
4100,Cold Outbound,2024-10-25,1,0,0.0
4100,Organic/SEO,2024-10-29,2,0,0.0
4101,LinkedIn Ads,2024-03-10,1,0,0.0
4101,Cold Outbound,2024-03-11,2,0,0.0
4101,Google Ads,2024-03-14,3,0,0.0
4101,LinkedIn Ads,2024-03-15,4,0,0.0
4102,Content/Webinar,2024-06-22,1,1,10939.09
4102,Organic/SEO,2024-06-23,2,1,10939.09
4102,Content/Webinar,2024-06-24,3,1,10939.09
4102,Organic/SEO,2024-06-29,4,1,10939.09
4103,Organic/SEO,2024-11-13,1,0,0.0
4103,Email,2024-11-16,2,0,0.0
4103,LinkedIn Ads,2024-11-16,3,0,0.0
4103,Organic/SEO,2024-11-16,4,0,0.0
4103,Google Ads,2024-11-19,5,0,0.0
4104,Cold Outbound,2024-10-25,1,0,0.0
4105,Organic/SEO,2024-11-22,1,0,0.0
4106,Email,2024-04-16,1,0,0.0
4106,LinkedIn Ads,2024-04-20,2,0,0.0
4106,Referral,2024-04-22,3,0,0.0
4107,Google Ads,2024-01-11,1,0,0.0
4107,Email,2024-01-16,2,0,0.0
4107,LinkedIn Ads,2024-01-16,3,0,0.0
4108,Content/Webinar,2024-10-20,1,0,0.0
4108,Content/Webinar,2024-10-23,2,0,0.0
4109,Email,2024-01-01,1,0,0.0
4110,LinkedIn Ads,2024-07-14,1,0,0.0
4110,Organic/SEO,2024-07-19,2,0,0.0
4110,LinkedIn Ads,2024-07-21,3,0,0.0
4111,Google Ads,2024-05-28,1,0,0.0
4111,LinkedIn Ads,2024-05-29,2,0,0.0
4112,Google Ads,2024-08-17,1,1,2001.14
4112,Cold Outbound,2024-08-21,2,1,2001.14
4113,Google Ads,2024-09-19,1,0,0.0
4113,Cold Outbound,2024-09-20,2,0,0.0
4113,Organic/SEO,2024-09-24,3,0,0.0
4113,Google Ads,2024-09-26,4,0,0.0
4114,Google Ads,2024-10-12,1,0,0.0
4115,Organic/SEO,2024-07-30,1,0,0.0
4115,Cold Outbound,2024-07-30,2,0,0.0
4116,Cold Outbound,2024-01-24,1,0,0.0
4116,Google Ads,2024-01-24,2,0,0.0
4116,Email,2024-01-26,3,0,0.0
4117,Email,2024-04-15,1,1,11010.73
4117,Content/Webinar,2024-04-17,2,1,11010.73
4117,Cold Outbound,2024-04-17,3,1,11010.73
4117,Referral,2024-04-19,4,1,11010.73
4118,Cold Outbound,2024-06-07,1,0,0.0
4118,Google Ads,2024-06-08,2,0,0.0
4118,Google Ads,2024-06-10,3,0,0.0
4118,Content/Webinar,2024-06-12,4,0,0.0
4118,Cold Outbound,2024-06-12,5,0,0.0
4119,Referral,2024-05-05,1,0,0.0
4119,Organic/SEO,2024-05-07,2,0,0.0
4120,LinkedIn Ads,2024-09-12,1,0,0.0
4121,Email,2024-03-06,1,0,0.0
4122,Referral,2024-09-22,1,0,0.0
4122,LinkedIn Ads,2024-09-23,2,0,0.0
4122,Cold Outbound,2024-09-28,3,0,0.0
4123,Email,2024-06-26,1,1,8162.44
4123,Cold Outbound,2024-06-29,2,1,8162.44
4123,Google Ads,2024-06-30,3,1,8162.44
4123,LinkedIn Ads,2024-07-02,4,1,8162.44
4124,Google Ads,2024-07-17,1,0,0.0
4125,Organic/SEO,2024-09-13,1,0,0.0
4125,Cold Outbound,2024-09-17,2,0,0.0
4125,Cold Outbound,2024-09-20,3,0,0.0
4125,Cold Outbound,2024-09-21,4,0,0.0
4126,Google Ads,2024-06-12,1,0,0.0
4126,Organic/SEO,2024-06-13,2,0,0.0
4126,Content/Webinar,2024-06-15,3,0,0.0
4127,Referral,2024-06-19,1,0,0.0
4127,Content/Webinar,2024-06-19,2,0,0.0
4127,Email,2024-06-21,3,0,0.0
4127,Organic/SEO,2024-06-23,4,0,0.0
4128,Organic/SEO,2024-08-26,1,0,0.0
4129,Google Ads,2024-11-11,1,0,0.0
4130,Cold Outbound,2024-07-13,1,0,0.0
4131,LinkedIn Ads,2024-07-19,1,0,0.0
4132,Organic/SEO,2024-05-13,1,1,6288.84
4132,Organic/SEO,2024-05-16,2,1,6288.84
4132,Referral,2024-05-19,3,1,6288.84
4132,LinkedIn Ads,2024-05-21,4,1,6288.84
4132,Cold Outbound,2024-05-24,5,1,6288.84
4133,LinkedIn Ads,2024-05-05,1,0,0.0
4133,LinkedIn Ads,2024-05-10,2,0,0.0
4134,Email,2024-01-03,1,0,0.0
4134,Referral,2024-01-06,2,0,0.0
4134,LinkedIn Ads,2024-01-06,3,0,0.0
4135,Organic/SEO,2024-08-22,1,0,0.0
4135,Content/Webinar,2024-08-22,2,0,0.0
4136,Google Ads,2024-08-22,1,0,0.0
4136,Google Ads,2024-08-26,2,0,0.0
4137,Cold Outbound,2024-02-23,1,1,5247.01
4138,Google Ads,2024-07-14,1,0,0.0
4138,Organic/SEO,2024-07-19,2,0,0.0
4139,LinkedIn Ads,2024-10-08,1,0,0.0
4139,Email,2024-10-08,2,0,0.0
4139,Google Ads,2024-10-13,3,0,0.0
4139,LinkedIn Ads,2024-10-17,4,0,0.0
4140,Google Ads,2024-06-24,1,0,0.0
4140,Google Ads,2024-06-26,2,0,0.0
4141,LinkedIn Ads,2024-11-20,1,1,11826.97
4142,Organic/SEO,2024-04-09,1,0,0.0
4143,Google Ads,2024-03-10,1,1,4367.02
4143,Email,2024-03-15,2,1,4367.02
4143,Google Ads,2024-03-20,3,1,4367.02
4144,Organic/SEO,2024-04-04,1,0,0.0
4144,LinkedIn Ads,2024-04-04,2,0,0.0
4144,LinkedIn Ads,2024-04-05,3,0,0.0
4144,Cold Outbound,2024-04-06,4,0,0.0
4145,LinkedIn Ads,2024-06-22,1,1,6629.75
4146,Email,2024-04-01,1,0,0.0
4147,Email,2024-03-09,1,0,0.0
4147,Google Ads,2024-03-13,2,0,0.0
4148,Content/Webinar,2024-11-11,1,0,0.0
4149,LinkedIn Ads,2024-07-30,1,0,0.0
4149,Content/Webinar,2024-07-31,2,0,0.0
4149,LinkedIn Ads,2024-07-31,3,0,0.0
4149,Google Ads,2024-07-31,4,0,0.0
4150,Cold Outbound,2024-07-10,1,0,0.0
4150,Organic/SEO,2024-07-12,2,0,0.0
4150,Cold Outbound,2024-07-17,3,0,0.0
4151,Content/Webinar,2024-08-08,1,0,0.0
4151,Organic/SEO,2024-08-08,2,0,0.0
4152,LinkedIn Ads,2024-09-24,1,0,0.0
4152,Organic/SEO,2024-09-28,2,0,0.0
4153,Organic/SEO,2024-03-21,1,0,0.0
4153,Email,2024-03-23,2,0,0.0
4154,Email,2024-11-02,1,1,3524.45
4155,Content/Webinar,2024-08-24,1,0,0.0
4156,Google Ads,2024-08-01,1,0,0.0
4156,Referral,2024-08-03,2,0,0.0
4157,Google Ads,2024-03-10,1,1,6897.0
4157,LinkedIn Ads,2024-03-11,2,1,6897.0
4157,Cold Outbound,2024-03-11,3,1,6897.0
4158,LinkedIn Ads,2024-07-06,1,0,0.0
4159,LinkedIn Ads,2024-01-01,1,0,0.0
4159,LinkedIn Ads,2024-01-04,2,0,0.0
4159,Content/Webinar,2024-01-05,3,0,0.0
4160,LinkedIn Ads,2024-10-06,1,0,0.0
4161,Google Ads,2024-06-21,1,0,0.0
4161,Email,2024-06-22,2,0,0.0
4162,Google Ads,2024-01-27,1,1,5915.19
4163,Referral,2024-08-07,1,0,0.0
4163,Google Ads,2024-08-08,2,0,0.0
4164,LinkedIn Ads,2024-02-02,1,0,0.0
4164,Email,2024-02-02,2,0,0.0
4164,Email,2024-02-04,3,0,0.0
4165,Email,2024-10-31,1,0,0.0
4165,Email,2024-10-31,2,0,0.0
4165,Content/Webinar,2024-11-01,3,0,0.0
4166,Content/Webinar,2024-08-25,1,0,0.0
4167,Google Ads,2024-06-30,1,0,0.0
4167,LinkedIn Ads,2024-07-04,2,0,0.0
4168,LinkedIn Ads,2024-01-01,1,0,0.0
4168,Cold Outbound,2024-01-03,2,0,0.0
4169,Referral,2024-02-06,1,0,0.0
4170,Referral,2024-09-28,1,0,0.0
4171,Referral,2024-06-13,1,0,0.0
4171,Email,2024-06-17,2,0,0.0
4172,Cold Outbound,2024-06-05,1,0,0.0
4172,Referral,2024-06-05,2,0,0.0
4172,Email,2024-06-10,3,0,0.0
4173,Google Ads,2024-06-20,1,1,8283.99
4173,Google Ads,2024-06-23,2,1,8283.99
4173,Content/Webinar,2024-06-27,3,1,8283.99
4173,Organic/SEO,2024-07-01,4,1,8283.99
4173,LinkedIn Ads,2024-07-02,5,1,8283.99
4174,Cold Outbound,2024-11-26,1,0,0.0
4174,Cold Outbound,2024-11-29,2,0,0.0
4174,Google Ads,2024-12-01,3,0,0.0
4174,Cold Outbound,2024-12-02,4,0,0.0
4175,Cold Outbound,2024-02-08,1,0,0.0
4175,Email,2024-02-08,2,0,0.0
4176,Content/Webinar,2024-07-22,1,0,0.0
4176,LinkedIn Ads,2024-07-23,2,0,0.0
4176,Organic/SEO,2024-07-25,3,0,0.0
4177,LinkedIn Ads,2024-08-02,1,1,3187.96
4177,Cold Outbound,2024-08-03,2,1,3187.96
4177,Cold Outbound,2024-08-05,3,1,3187.96
4178,Cold Outbound,2024-02-10,1,0,0.0
4179,Google Ads,2024-03-19,1,0,0.0
4180,Cold Outbound,2024-10-05,1,0,0.0
4180,Cold Outbound,2024-10-07,2,0,0.0
4180,Google Ads,2024-10-08,3,0,0.0
4180,Email,2024-10-12,4,0,0.0
4181,Organic/SEO,2024-11-26,1,0,0.0
4181,LinkedIn Ads,2024-12-01,2,0,0.0
4182,Email,2024-02-06,1,0,0.0
4182,Email,2024-02-07,2,0,0.0
4183,Cold Outbound,2024-07-12,1,0,0.0
4183,Email,2024-07-13,2,0,0.0
4183,Cold Outbound,2024-07-16,3,0,0.0
4183,LinkedIn Ads,2024-07-21,4,0,0.0
4184,Google Ads,2024-08-12,1,0,0.0
4184,Email,2024-08-17,2,0,0.0
4185,Cold Outbound,2024-09-05,1,1,4850.42
4185,Referral,2024-09-05,2,1,4850.42
4185,Organic/SEO,2024-09-08,3,1,4850.42
4186,Referral,2024-04-21,1,0,0.0
4186,Google Ads,2024-04-21,2,0,0.0
4186,Referral,2024-04-23,3,0,0.0
4187,Email,2024-05-09,1,0,0.0
4187,Email,2024-05-11,2,0,0.0
4188,Organic/SEO,2024-07-08,1,0,0.0
4189,Cold Outbound,2024-05-22,1,0,0.0
4189,LinkedIn Ads,2024-05-24,2,0,0.0
4189,Google Ads,2024-05-25,3,0,0.0
4190,Cold Outbound,2024-07-07,1,0,0.0
4191,LinkedIn Ads,2024-06-04,1,1,13484.8
4191,Cold Outbound,2024-06-09,2,1,13484.8
4191,Content/Webinar,2024-06-14,3,1,13484.8
4192,Google Ads,2024-02-15,1,0,0.0
4193,Google Ads,2024-09-10,1,0,0.0
4193,Email,2024-09-14,2,0,0.0
4193,Cold Outbound,2024-09-16,3,0,0.0
4193,Organic/SEO,2024-09-20,4,0,0.0
4193,Google Ads,2024-09-20,5,0,0.0
4194,Cold Outbound,2024-08-06,1,0,0.0
4194,Content/Webinar,2024-08-09,2,0,0.0
4195,Email,2024-04-28,1,0,0.0
4195,Google Ads,2024-04-29,2,0,0.0
4196,Email,2024-06-28,1,0,0.0
4197,Cold Outbound,2024-08-11,1,0,0.0
4198,Email,2024-04-04,1,0,0.0
4198,Cold Outbound,2024-04-09,2,0,0.0
4198,Organic/SEO,2024-04-13,3,0,0.0
4198,Google Ads,2024-04-18,4,0,0.0
4198,Cold Outbound,2024-04-19,5,0,0.0
4199,Cold Outbound,2024-07-22,1,0,0.0
4200,Email,2024-03-22,1,0,0.0
4200,Email,2024-03-22,2,0,0.0
4201,Email,2024-04-24,1,0,0.0
4201,LinkedIn Ads,2024-04-26,2,0,0.0
4202,LinkedIn Ads,2024-04-28,1,0,0.0
4202,Organic/SEO,2024-04-29,2,0,0.0
4203,Organic/SEO,2024-01-11,1,1,10790.14
4203,Email,2024-01-13,2,1,10790.14
4203,Email,2024-01-14,3,1,10790.14
4203,Google Ads,2024-01-16,4,1,10790.14
4204,Email,2024-11-21,1,0,0.0
4205,Cold Outbound,2024-01-28,1,0,0.0
4206,Organic/SEO,2024-06-01,1,0,0.0
4206,Content/Webinar,2024-06-02,2,0,0.0
4206,Referral,2024-06-02,3,0,0.0
4206,LinkedIn Ads,2024-06-02,4,0,0.0
4206,Cold Outbound,2024-06-06,5,0,0.0
4207,Google Ads,2024-07-31,1,0,0.0
4208,Referral,2024-09-06,1,0,0.0
4209,Email,2024-10-05,1,0,0.0
4209,Organic/SEO,2024-10-05,2,0,0.0
4209,Google Ads,2024-10-07,3,0,0.0
4210,LinkedIn Ads,2024-08-02,1,0,0.0
4211,Cold Outbound,2024-09-02,1,0,0.0
4211,LinkedIn Ads,2024-09-04,2,0,0.0
4211,Content/Webinar,2024-09-06,3,0,0.0
4212,Organic/SEO,2024-07-28,1,0,0.0
4212,Content/Webinar,2024-07-29,2,0,0.0
4212,Organic/SEO,2024-08-03,3,0,0.0
4213,Email,2024-08-29,1,0,0.0
4213,Cold Outbound,2024-09-03,2,0,0.0
4214,Cold Outbound,2024-04-20,1,0,0.0
4214,Email,2024-04-23,2,0,0.0
4214,Email,2024-04-28,3,0,0.0
4215,Organic/SEO,2024-05-15,1,1,5395.17
4215,Email,2024-05-20,2,1,5395.17
4216,Cold Outbound,2024-08-11,1,0,0.0
4217,Google Ads,2024-08-12,1,0,0.0
4218,Cold Outbound,2024-01-30,1,0,0.0
4218,Organic/SEO,2024-01-30,2,0,0.0
4219,Cold Outbound,2024-01-29,1,1,10921.1
4219,Organic/SEO,2024-01-30,2,1,10921.1
4219,Organic/SEO,2024-01-31,3,1,10921.1
4219,Content/Webinar,2024-02-05,4,1,10921.1
4219,Organic/SEO,2024-02-10,5,1,10921.1
4220,Cold Outbound,2024-10-19,1,1,6794.03
4221,Cold Outbound,2024-05-21,1,0,0.0
4222,Cold Outbound,2024-03-21,1,0,0.0
4222,Organic/SEO,2024-03-24,2,0,0.0
4222,Email,2024-03-25,3,0,0.0
4222,Google Ads,2024-03-26,4,0,0.0
4222,Email,2024-03-27,5,0,0.0
4223,Cold Outbound,2024-08-08,1,0,0.0
4224,Content/Webinar,2024-10-10,1,0,0.0
4224,Google Ads,2024-10-11,2,0,0.0
4225,Organic/SEO,2024-04-06,1,1,14483.91
4225,Organic/SEO,2024-04-07,2,1,14483.91
4225,Content/Webinar,2024-04-07,3,1,14483.91
4226,Organic/SEO,2024-07-17,1,0,0.0
4226,LinkedIn Ads,2024-07-18,2,0,0.0
4226,Email,2024-07-20,3,0,0.0
4227,Organic/SEO,2024-05-12,1,0,0.0
4228,Cold Outbound,2024-02-19,1,0,0.0
4228,Google Ads,2024-02-23,2,0,0.0
4228,Cold Outbound,2024-02-26,3,0,0.0
4229,Content/Webinar,2024-10-20,1,0,0.0
4229,Content/Webinar,2024-10-25,2,0,0.0
4229,Cold Outbound,2024-10-30,3,0,0.0
4229,Google Ads,2024-10-30,4,0,0.0
4230,Email,2024-02-27,1,0,0.0
4231,Cold Outbound,2024-10-26,1,0,0.0
4231,Cold Outbound,2024-10-30,2,0,0.0
4231,Referral,2024-10-30,3,0,0.0
4232,LinkedIn Ads,2024-06-21,1,0,0.0
4232,Content/Webinar,2024-06-21,2,0,0.0
4233,Google Ads,2024-09-07,1,0,0.0
4233,Organic/SEO,2024-09-08,2,0,0.0
4234,Organic/SEO,2024-08-13,1,1,11018.04
4234,Email,2024-08-15,2,1,11018.04
4234,LinkedIn Ads,2024-08-17,3,1,11018.04
4234,Content/Webinar,2024-08-20,4,1,11018.04
4235,Google Ads,2024-07-05,1,0,0.0
4236,LinkedIn Ads,2024-09-23,1,0,0.0
4236,Email,2024-09-28,2,0,0.0
4236,Email,2024-09-28,3,0,0.0
4237,Email,2024-07-09,1,0,0.0
4238,Email,2024-06-17,1,0,0.0
4238,LinkedIn Ads,2024-06-17,2,0,0.0
4239,Cold Outbound,2024-11-03,1,1,3633.79
4240,Email,2024-03-14,1,0,0.0
4241,LinkedIn Ads,2024-07-31,1,0,0.0
4241,Organic/SEO,2024-08-05,2,0,0.0
4241,LinkedIn Ads,2024-08-08,3,0,0.0
4241,Google Ads,2024-08-08,4,0,0.0
4242,Email,2024-05-27,1,1,6448.95
4242,Cold Outbound,2024-05-29,2,1,6448.95
4243,Google Ads,2024-03-10,1,0,0.0
4243,LinkedIn Ads,2024-03-12,2,0,0.0
4243,Cold Outbound,2024-03-14,3,0,0.0
4243,Email,2024-03-18,4,0,0.0
4244,Cold Outbound,2024-07-15,1,0,0.0
4244,Organic/SEO,2024-07-19,2,0,0.0
4245,Google Ads,2024-02-19,1,0,0.0
4245,Cold Outbound,2024-02-21,2,0,0.0
4246,Organic/SEO,2024-08-17,1,0,0.0
4247,Organic/SEO,2024-05-12,1,0,0.0
4247,Organic/SEO,2024-05-13,2,0,0.0
4247,Email,2024-05-15,3,0,0.0
4248,LinkedIn Ads,2024-08-03,1,1,6214.93
4249,LinkedIn Ads,2024-02-11,1,0,0.0
4249,LinkedIn Ads,2024-02-14,2,0,0.0
4250,Google Ads,2024-03-18,1,1,5757.56
4251,Content/Webinar,2024-08-10,1,0,0.0
4252,Cold Outbound,2024-01-29,1,0,0.0
4253,Cold Outbound,2024-10-24,1,0,0.0
4253,Email,2024-10-29,2,0,0.0
4253,LinkedIn Ads,2024-11-01,3,0,0.0
4254,Content/Webinar,2024-04-23,1,0,0.0
4254,Google Ads,2024-04-24,2,0,0.0
4254,Organic/SEO,2024-04-27,3,0,0.0
4255,Email,2024-07-01,1,0,0.0
4256,Cold Outbound,2024-06-16,1,0,0.0
4257,Cold Outbound,2024-05-31,1,0,0.0
4258,Google Ads,2024-04-26,1,1,7619.63
4259,LinkedIn Ads,2024-09-21,1,0,0.0
4259,Cold Outbound,2024-09-21,2,0,0.0
4259,Content/Webinar,2024-09-26,3,0,0.0
4259,Cold Outbound,2024-09-30,4,0,0.0
4260,Cold Outbound,2024-02-21,1,0,0.0
4260,Content/Webinar,2024-02-25,2,0,0.0
4260,Email,2024-02-29,3,0,0.0
4261,LinkedIn Ads,2024-05-01,1,0,0.0
4261,Cold Outbound,2024-05-06,2,0,0.0
4261,Content/Webinar,2024-05-11,3,0,0.0
4262,Google Ads,2024-07-06,1,0,0.0
4263,Referral,2024-10-31,1,0,0.0
4263,Email,2024-10-31,2,0,0.0
4263,Content/Webinar,2024-11-05,3,0,0.0
4264,Content/Webinar,2024-08-23,1,0,0.0
4264,Organic/SEO,2024-08-26,2,0,0.0
4264,Email,2024-08-26,3,0,0.0
4265,Content/Webinar,2024-02-05,1,1,8513.51
4266,Content/Webinar,2024-08-29,1,0,0.0
4266,LinkedIn Ads,2024-09-02,2,0,0.0
4267,Email,2024-06-08,1,0,0.0
4268,Content/Webinar,2024-03-13,1,1,4434.64
4269,Email,2024-04-04,1,1,4096.17
4269,LinkedIn Ads,2024-04-04,2,1,4096.17
4269,Organic/SEO,2024-04-08,3,1,4096.17
4269,Referral,2024-04-12,4,1,4096.17
4269,Google Ads,2024-04-17,5,1,4096.17
4270,Email,2024-04-11,1,0,0.0
4270,Content/Webinar,2024-04-11,2,0,0.0
4270,Email,2024-04-12,3,0,0.0
4271,Email,2024-10-05,1,0,0.0
4271,Google Ads,2024-10-08,2,0,0.0
4271,Google Ads,2024-10-12,3,0,0.0
4272,Organic/SEO,2024-01-25,1,0,0.0
4272,Google Ads,2024-01-27,2,0,0.0
4272,Cold Outbound,2024-01-29,3,0,0.0
4272,Cold Outbound,2024-02-02,4,0,0.0
4272,Cold Outbound,2024-02-03,5,0,0.0
4273,Email,2024-04-06,1,0,0.0
4274,LinkedIn Ads,2024-09-02,1,0,0.0
4274,Content/Webinar,2024-09-02,2,0,0.0
4274,Email,2024-09-04,3,0,0.0
4274,Content/Webinar,2024-09-09,4,0,0.0
4275,Google Ads,2024-04-01,1,0,0.0
4276,Organic/SEO,2024-01-25,1,0,0.0
4277,LinkedIn Ads,2024-11-02,1,0,0.0
4277,Cold Outbound,2024-11-06,2,0,0.0
4277,Cold Outbound,2024-11-10,3,0,0.0
4278,Organic/SEO,2024-11-14,1,0,0.0
4278,Organic/SEO,2024-11-14,2,0,0.0
4278,Google Ads,2024-11-18,3,0,0.0
4278,Cold Outbound,2024-11-22,4,0,0.0
4279,Google Ads,2024-08-02,1,1,9410.05
4279,Content/Webinar,2024-08-07,2,1,9410.05
4279,LinkedIn Ads,2024-08-07,3,1,9410.05
4280,Cold Outbound,2024-01-27,1,0,0.0
4281,Cold Outbound,2024-05-29,1,0,0.0
4282,Google Ads,2024-07-23,1,0,0.0
4282,LinkedIn Ads,2024-07-26,2,0,0.0
4283,Email,2024-01-05,1,0,0.0
4283,Cold Outbound,2024-01-06,2,0,0.0
4283,Email,2024-01-06,3,0,0.0
4283,Organic/SEO,2024-01-08,4,0,0.0
4284,LinkedIn Ads,2024-08-09,1,0,0.0
4284,Cold Outbound,2024-08-09,2,0,0.0
4284,Content/Webinar,2024-08-11,3,0,0.0
4284,Google Ads,2024-08-13,4,0,0.0
4285,Google Ads,2024-01-12,1,0,0.0
4285,Organic/SEO,2024-01-14,2,0,0.0
4285,Organic/SEO,2024-01-18,3,0,0.0
4286,Cold Outbound,2024-03-21,1,0,0.0
4286,Cold Outbound,2024-03-23,2,0,0.0
4287,Content/Webinar,2024-05-05,1,0,0.0
4287,Cold Outbound,2024-05-07,2,0,0.0
4287,LinkedIn Ads,2024-05-11,3,0,0.0
4288,Google Ads,2024-03-05,1,0,0.0
4288,Cold Outbound,2024-03-08,2,0,0.0
4288,Email,2024-03-09,3,0,0.0
4288,Cold Outbound,2024-03-13,4,0,0.0
4289,Email,2024-01-29,1,0,0.0
4290,LinkedIn Ads,2024-10-05,1,0,0.0
4290,Organic/SEO,2024-10-05,2,0,0.0
4290,LinkedIn Ads,2024-10-07,3,0,0.0
4291,Email,2024-10-26,1,0,0.0
4291,LinkedIn Ads,2024-10-31,2,0,0.0
4292,LinkedIn Ads,2024-01-02,1,0,0.0
4293,Organic/SEO,2024-06-04,1,0,0.0
4293,LinkedIn Ads,2024-06-07,2,0,0.0
4293,Email,2024-06-09,3,0,0.0
4294,Content/Webinar,2024-07-17,1,1,10470.64
4294,Organic/SEO,2024-07-22,2,1,10470.64
4294,Google Ads,2024-07-25,3,1,10470.64
4295,Cold Outbound,2024-01-15,1,0,0.0
4296,Content/Webinar,2024-03-24,1,0,0.0
4297,Organic/SEO,2024-11-21,1,0,0.0
4297,Google Ads,2024-11-25,2,0,0.0
4298,LinkedIn Ads,2024-10-06,1,0,0.0
4299,Google Ads,2024-07-31,1,1,10604.44
4300,Organic/SEO,2024-07-27,1,0,0.0
4300,Content/Webinar,2024-07-28,2,0,0.0
4301,Google Ads,2024-05-04,1,0,0.0
4302,Google Ads,2024-06-13,1,0,0.0
4303,Organic/SEO,2024-08-28,1,0,0.0
4303,Content/Webinar,2024-08-29,2,0,0.0
4303,Referral,2024-08-29,3,0,0.0
4303,Email,2024-09-01,4,0,0.0
4303,LinkedIn Ads,2024-09-04,5,0,0.0
4304,Google Ads,2024-11-17,1,0,0.0
4304,Google Ads,2024-11-19,2,0,0.0
4304,Google Ads,2024-11-20,3,0,0.0
4305,LinkedIn Ads,2024-05-13,1,0,0.0
4306,Organic/SEO,2024-06-29,1,0,0.0
4307,Organic/SEO,2024-09-19,1,1,5565.24
4307,Organic/SEO,2024-09-19,2,1,5565.24
4308,LinkedIn Ads,2024-09-08,1,0,0.0
4308,Google Ads,2024-09-10,2,0,0.0
4308,Google Ads,2024-09-12,3,0,0.0
4308,Organic/SEO,2024-09-15,4,0,0.0
4308,Email,2024-09-16,5,0,0.0
4309,Content/Webinar,2024-02-23,1,1,11049.16
4309,Content/Webinar,2024-02-25,2,1,11049.16
4309,LinkedIn Ads,2024-02-25,3,1,11049.16
4310,LinkedIn Ads,2024-07-22,1,0,0.0
4310,Cold Outbound,2024-07-23,2,0,0.0
4310,Email,2024-07-25,3,0,0.0
4310,Content/Webinar,2024-07-29,4,0,0.0
4311,Email,2024-05-28,1,0,0.0
4311,Cold Outbound,2024-05-30,2,0,0.0
4312,Cold Outbound,2024-03-24,1,0,0.0
4312,Organic/SEO,2024-03-27,2,0,0.0
4313,Cold Outbound,2024-08-29,1,0,0.0
4313,Google Ads,2024-08-30,2,0,0.0
4313,Content/Webinar,2024-09-02,3,0,0.0
4313,LinkedIn Ads,2024-09-03,4,0,0.0
4313,Cold Outbound,2024-09-08,5,0,0.0
4314,Organic/SEO,2024-05-09,1,0,0.0
4314,Email,2024-05-13,2,0,0.0
4315,Google Ads,2024-08-09,1,0,0.0
4316,LinkedIn Ads,2024-01-15,1,0,0.0
4316,Content/Webinar,2024-01-20,2,0,0.0
4317,Cold Outbound,2024-09-06,1,0,0.0
4317,Organic/SEO,2024-09-09,2,0,0.0
4317,Organic/SEO,2024-09-09,3,0,0.0
4318,Cold Outbound,2024-03-17,1,0,0.0
4319,Google Ads,2024-07-18,1,0,0.0
4319,Email,2024-07-22,2,0,0.0
4320,Cold Outbound,2024-06-28,1,0,0.0
4321,Organic/SEO,2024-05-29,1,0,0.0
4321,Content/Webinar,2024-06-01,2,0,0.0
4321,Content/Webinar,2024-06-06,3,0,0.0
4322,Referral,2024-02-19,1,1,5430.34
4322,Google Ads,2024-02-19,2,1,5430.34
4322,Organic/SEO,2024-02-23,3,1,5430.34
4322,Email,2024-02-28,4,1,5430.34
4322,Organic/SEO,2024-03-04,5,1,5430.34
4323,LinkedIn Ads,2024-07-15,1,0,0.0
4323,Content/Webinar,2024-07-19,2,0,0.0
4324,Cold Outbound,2024-03-10,1,0,0.0
4324,Google Ads,2024-03-13,2,0,0.0
4325,LinkedIn Ads,2024-08-25,1,0,0.0
4325,Organic/SEO,2024-08-29,2,0,0.0
4326,LinkedIn Ads,2024-05-18,1,0,0.0
4327,Cold Outbound,2024-05-08,1,0,0.0
4328,Cold Outbound,2024-11-12,1,0,0.0
4328,Cold Outbound,2024-11-12,2,0,0.0
4329,LinkedIn Ads,2024-08-10,1,0,0.0
4329,Google Ads,2024-08-10,2,0,0.0
4330,LinkedIn Ads,2024-06-28,1,0,0.0
4331,Organic/SEO,2024-02-06,1,0,0.0
4331,Google Ads,2024-02-11,2,0,0.0
4332,Referral,2024-01-13,1,0,0.0
4332,Organic/SEO,2024-01-17,2,0,0.0
4333,Content/Webinar,2024-01-26,1,0,0.0
4333,Content/Webinar,2024-01-27,2,0,0.0
4333,Cold Outbound,2024-01-28,3,0,0.0
4334,Content/Webinar,2024-06-25,1,1,14417.35
4334,Cold Outbound,2024-06-30,2,1,14417.35
4334,Referral,2024-07-05,3,1,14417.35
4335,LinkedIn Ads,2024-04-30,1,1,5968.81
4335,Content/Webinar,2024-05-05,2,1,5968.81
4335,Cold Outbound,2024-05-05,3,1,5968.81
4335,Content/Webinar,2024-05-06,4,1,5968.81
4335,Content/Webinar,2024-05-10,5,1,5968.81
4336,Google Ads,2024-09-21,1,0,0.0
4336,Organic/SEO,2024-09-23,2,0,0.0
4336,LinkedIn Ads,2024-09-25,3,0,0.0
4336,Organic/SEO,2024-09-28,4,0,0.0
4336,LinkedIn Ads,2024-09-30,5,0,0.0
4337,Email,2024-09-09,1,0,0.0
4338,Google Ads,2024-02-27,1,0,0.0
4338,Cold Outbound,2024-03-03,2,0,0.0
4338,Cold Outbound,2024-03-04,3,0,0.0
4339,Organic/SEO,2024-07-27,1,0,0.0
4339,Content/Webinar,2024-07-28,2,0,0.0
4339,Email,2024-07-30,3,0,0.0
4340,Referral,2024-01-12,1,0,0.0
4340,Cold Outbound,2024-01-15,2,0,0.0
4341,Content/Webinar,2024-10-28,1,0,0.0
4342,Organic/SEO,2024-10-28,1,0,0.0
4342,Google Ads,2024-10-29,2,0,0.0
4342,Referral,2024-10-31,3,0,0.0
4342,LinkedIn Ads,2024-11-05,4,0,0.0
4342,Email,2024-11-10,5,0,0.0
4343,Google Ads,2024-05-01,1,0,0.0
4344,Organic/SEO,2024-02-13,1,0,0.0
4344,Organic/SEO,2024-02-15,2,0,0.0
4345,Content/Webinar,2024-02-21,1,1,6010.37
4345,Cold Outbound,2024-02-22,2,1,6010.37
4346,Cold Outbound,2024-03-12,1,0,0.0
4347,LinkedIn Ads,2024-08-18,1,0,0.0
4348,Google Ads,2024-03-28,1,1,13213.43
4348,LinkedIn Ads,2024-03-28,2,1,13213.43
4349,Cold Outbound,2024-09-18,1,0,0.0
4350,Email,2024-03-18,1,0,0.0
4351,Email,2024-11-01,1,0,0.0
4351,LinkedIn Ads,2024-11-04,2,0,0.0
4351,Organic/SEO,2024-11-07,3,0,0.0
4352,Google Ads,2024-01-09,1,0,0.0
4352,Email,2024-01-09,2,0,0.0
4352,Google Ads,2024-01-12,3,0,0.0
4352,Email,2024-01-13,4,0,0.0
4353,Google Ads,2024-09-21,1,0,0.0
4354,Cold Outbound,2024-09-03,1,0,0.0
4354,Content/Webinar,2024-09-06,2,0,0.0
4354,LinkedIn Ads,2024-09-08,3,0,0.0
4354,Cold Outbound,2024-09-08,4,0,0.0
4354,Organic/SEO,2024-09-13,5,0,0.0
4355,Cold Outbound,2024-08-14,1,0,0.0
4355,Organic/SEO,2024-08-15,2,0,0.0
4355,Google Ads,2024-08-19,3,0,0.0
4355,Cold Outbound,2024-08-19,4,0,0.0
4356,Google Ads,2024-06-10,1,0,0.0
4356,Cold Outbound,2024-06-13,2,0,0.0
4356,Email,2024-06-16,3,0,0.0
4357,Google Ads,2024-01-09,1,1,10331.94
4357,Organic/SEO,2024-01-10,2,1,10331.94
4358,Cold Outbound,2024-01-28,1,0,0.0
4359,Organic/SEO,2024-10-17,1,0,0.0
4359,Content/Webinar,2024-10-20,2,0,0.0
4360,Google Ads,2024-10-16,1,0,0.0
4360,Email,2024-10-19,2,0,0.0
4361,Email,2024-01-06,1,1,3358.61
4362,Content/Webinar,2024-01-30,1,0,0.0
4362,Cold Outbound,2024-01-31,2,0,0.0
4362,Google Ads,2024-01-31,3,0,0.0
4363,Content/Webinar,2024-11-27,1,0,0.0
4364,Cold Outbound,2024-11-25,1,0,0.0
4365,Google Ads,2024-01-11,1,0,0.0
4365,Google Ads,2024-01-15,2,0,0.0
4366,LinkedIn Ads,2024-11-13,1,0,0.0
4366,Organic/SEO,2024-11-13,2,0,0.0
4366,Referral,2024-11-16,3,0,0.0
4366,Email,2024-11-16,4,0,0.0
4367,Content/Webinar,2024-01-27,1,0,0.0
4367,Organic/SEO,2024-01-30,2,0,0.0
4367,Cold Outbound,2024-02-03,3,0,0.0
4367,Email,2024-02-06,4,0,0.0
4367,Google Ads,2024-02-07,5,0,0.0
4368,Referral,2024-02-23,1,0,0.0
4368,Organic/SEO,2024-02-28,2,0,0.0
4368,Email,2024-03-03,3,0,0.0
4369,Google Ads,2024-04-16,1,0,0.0
4369,Referral,2024-04-20,2,0,0.0
4369,Cold Outbound,2024-04-23,3,0,0.0
4370,Cold Outbound,2024-03-31,1,0,0.0
4370,Email,2024-04-04,2,0,0.0
4371,Content/Webinar,2024-05-11,1,0,0.0
4371,Google Ads,2024-05-12,2,0,0.0
4371,Google Ads,2024-05-14,3,0,0.0
4372,LinkedIn Ads,2024-09-17,1,1,4439.1
4372,Cold Outbound,2024-09-20,2,1,4439.1
4372,LinkedIn Ads,2024-09-22,3,1,4439.1
4373,Google Ads,2024-09-21,1,1,18877.57
4373,Email,2024-09-25,2,1,18877.57
4373,Referral,2024-09-27,3,1,18877.57
4373,Organic/SEO,2024-09-28,4,1,18877.57
4373,Referral,2024-10-01,5,1,18877.57
4374,Cold Outbound,2024-10-06,1,0,0.0
4374,Cold Outbound,2024-10-06,2,0,0.0
4374,Email,2024-10-10,3,0,0.0
4374,LinkedIn Ads,2024-10-15,4,0,0.0
4374,LinkedIn Ads,2024-10-15,5,0,0.0
4375,Content/Webinar,2024-08-13,1,0,0.0
4376,Content/Webinar,2024-01-20,1,0,0.0
4377,Organic/SEO,2024-07-27,1,0,0.0
4378,LinkedIn Ads,2024-10-19,1,0,0.0
4378,Google Ads,2024-10-22,2,0,0.0
4378,Email,2024-10-24,3,0,0.0
4378,Google Ads,2024-10-29,4,0,0.0
4379,Content/Webinar,2024-07-18,1,1,11469.43
4380,Content/Webinar,2024-09-25,1,0,0.0
4380,Google Ads,2024-09-30,2,0,0.0
4381,Referral,2024-06-09,1,1,12583.37
4382,Email,2024-08-25,1,0,0.0
4382,Content/Webinar,2024-08-25,2,0,0.0
4382,Cold Outbound,2024-08-27,3,0,0.0
4383,Email,2024-04-28,1,1,13410.09
4383,Cold Outbound,2024-05-01,2,1,13410.09
4383,LinkedIn Ads,2024-05-01,3,1,13410.09
4384,Cold Outbound,2024-05-15,1,0,0.0
4385,Cold Outbound,2024-01-15,1,1,10563.48
4385,Content/Webinar,2024-01-17,2,1,10563.48
4385,Organic/SEO,2024-01-20,3,1,10563.48
4385,Google Ads,2024-01-22,4,1,10563.48
4386,Organic/SEO,2024-05-15,1,0,0.0
4387,LinkedIn Ads,2024-07-02,1,0,0.0
4388,Content/Webinar,2024-04-23,1,0,0.0
4388,Cold Outbound,2024-04-25,2,0,0.0
4389,LinkedIn Ads,2024-06-18,1,0,0.0
4390,Google Ads,2024-09-18,1,0,0.0
4390,Content/Webinar,2024-09-19,2,0,0.0
4390,Cold Outbound,2024-09-21,3,0,0.0
4391,Email,2024-03-29,1,0,0.0
4392,Google Ads,2024-09-28,1,0,0.0
4392,Google Ads,2024-09-29,2,0,0.0
4392,Email,2024-10-02,3,0,0.0
4393,Content/Webinar,2024-10-02,1,0,0.0
4393,Organic/SEO,2024-10-04,2,0,0.0
4394,Cold Outbound,2024-04-30,1,0,0.0
4394,Email,2024-05-02,2,0,0.0
4394,Email,2024-05-03,3,0,0.0
4394,Google Ads,2024-05-08,4,0,0.0
4395,Organic/SEO,2024-06-28,1,0,0.0
4396,Organic/SEO,2024-03-16,1,0,0.0
4396,Organic/SEO,2024-03-16,2,0,0.0
4397,Cold Outbound,2024-04-25,1,0,0.0
4397,Cold Outbound,2024-04-27,2,0,0.0
4397,Content/Webinar,2024-04-30,3,0,0.0
4397,Content/Webinar,2024-05-03,4,0,0.0
4398,Cold Outbound,2024-11-19,1,0,0.0
4399,LinkedIn Ads,2024-04-13,1,0,0.0
4399,Google Ads,2024-04-18,2,0,0.0
4399,Google Ads,2024-04-22,3,0,0.0
4399,Google Ads,2024-04-25,4,0,0.0
4400,LinkedIn Ads,2024-05-10,1,0,0.0
4400,Google Ads,2024-05-12,2,0,0.0
4400,Email,2024-05-14,3,0,0.0
4400,Organic/SEO,2024-05-14,4,0,0.0
4401,Content/Webinar,2024-11-18,1,0,0.0
4402,Google Ads,2024-02-20,1,0,0.0
4403,Content/Webinar,2024-02-14,1,0,0.0
4404,Google Ads,2024-04-01,1,0,0.0
4404,Cold Outbound,2024-04-03,2,0,0.0
4404,Content/Webinar,2024-04-07,3,0,0.0
4404,Cold Outbound,2024-04-11,4,0,0.0
4405,Organic/SEO,2024-06-21,1,0,0.0
4405,Content/Webinar,2024-06-23,2,0,0.0
4406,Referral,2024-05-08,1,1,5056.9
4406,LinkedIn Ads,2024-05-10,2,1,5056.9
4406,LinkedIn Ads,2024-05-10,3,1,5056.9
4406,Referral,2024-05-12,4,1,5056.9
4406,Email,2024-05-14,5,1,5056.9
4407,Cold Outbound,2024-03-18,1,1,3034.47
4407,Organic/SEO,2024-03-18,2,1,3034.47
4407,Google Ads,2024-03-19,3,1,3034.47
4407,Cold Outbound,2024-03-24,4,1,3034.47
4408,Cold Outbound,2024-02-12,1,1,7107.96
4408,LinkedIn Ads,2024-02-17,2,1,7107.96
4408,Email,2024-02-18,3,1,7107.96
4408,Cold Outbound,2024-02-22,4,1,7107.96
4409,Google Ads,2024-02-16,1,0,0.0
4409,Google Ads,2024-02-19,2,0,0.0
4409,Content/Webinar,2024-02-21,3,0,0.0
4410,LinkedIn Ads,2024-10-11,1,1,7225.71
4410,Content/Webinar,2024-10-12,2,1,7225.71
4410,Cold Outbound,2024-10-16,3,1,7225.71
4410,Email,2024-10-16,4,1,7225.71
4411,Organic/SEO,2024-11-06,1,0,0.0
4411,Organic/SEO,2024-11-08,2,0,0.0
4411,LinkedIn Ads,2024-11-11,3,0,0.0
4412,Cold Outbound,2024-04-11,1,0,0.0
4412,Email,2024-04-14,2,0,0.0
4412,Google Ads,2024-04-14,3,0,0.0
4412,Cold Outbound,2024-04-16,4,0,0.0
4413,LinkedIn Ads,2024-10-29,1,0,0.0
4413,Organic/SEO,2024-11-01,2,0,0.0
4414,LinkedIn Ads,2024-09-17,1,0,0.0
4415,Google Ads,2024-11-16,1,0,0.0
4415,Organic/SEO,2024-11-20,2,0,0.0
4415,Email,2024-11-23,3,0,0.0
4415,Content/Webinar,2024-11-27,4,0,0.0
4416,Cold Outbound,2024-07-12,1,0,0.0
4417,Email,2024-11-17,1,1,8919.05
4417,Email,2024-11-19,2,1,8919.05
4417,Content/Webinar,2024-11-19,3,1,8919.05
4417,Referral,2024-11-19,4,1,8919.05
4418,Google Ads,2024-08-18,1,0,0.0
4419,Google Ads,2024-06-25,1,0,0.0
4419,Cold Outbound,2024-06-29,2,0,0.0
4420,Cold Outbound,2024-06-11,1,0,0.0
4420,Organic/SEO,2024-06-13,2,0,0.0
4420,Google Ads,2024-06-18,3,0,0.0
4421,Cold Outbound,2024-02-21,1,1,8316.26
4421,Cold Outbound,2024-02-22,2,1,8316.26
4421,Google Ads,2024-02-27,3,1,8316.26
4421,LinkedIn Ads,2024-02-29,4,1,8316.26
4422,Google Ads,2024-03-10,1,0,0.0
4422,Cold Outbound,2024-03-13,2,0,0.0
4422,Referral,2024-03-17,3,0,0.0
4423,Email,2024-02-27,1,0,0.0
4423,Google Ads,2024-02-27,2,0,0.0
4423,Google Ads,2024-02-28,3,0,0.0
4423,LinkedIn Ads,2024-02-28,4,0,0.0
4423,Content/Webinar,2024-03-03,5,0,0.0
4424,Google Ads,2024-06-13,1,0,0.0
4424,Referral,2024-06-13,2,0,0.0
4425,Google Ads,2024-02-15,1,0,0.0
4425,Google Ads,2024-02-15,2,0,0.0
4425,Cold Outbound,2024-02-20,3,0,0.0
4426,Referral,2024-09-24,1,0,0.0
4426,Google Ads,2024-09-26,2,0,0.0
4427,Cold Outbound,2024-05-05,1,0,0.0
4428,Google Ads,2024-01-23,1,1,8661.18
4428,Content/Webinar,2024-01-27,2,1,8661.18
4428,Cold Outbound,2024-01-28,3,1,8661.18
4428,Google Ads,2024-01-28,4,1,8661.18
4429,LinkedIn Ads,2024-07-28,1,0,0.0
4429,Cold Outbound,2024-08-01,2,0,0.0
4429,Email,2024-08-05,3,0,0.0
4429,Cold Outbound,2024-08-05,4,0,0.0
4430,Email,2024-01-30,1,1,10720.11
4430,Google Ads,2024-02-03,2,1,10720.11
4430,Organic/SEO,2024-02-04,3,1,10720.11
4430,Referral,2024-02-08,4,1,10720.11
4431,LinkedIn Ads,2024-06-10,1,0,0.0
4431,Cold Outbound,2024-06-13,2,0,0.0
4431,Organic/SEO,2024-06-15,3,0,0.0
4431,Content/Webinar,2024-06-17,4,0,0.0
4431,Google Ads,2024-06-19,5,0,0.0
4432,LinkedIn Ads,2024-04-17,1,0,0.0
4432,Google Ads,2024-04-17,2,0,0.0
4433,Organic/SEO,2024-09-12,1,0,0.0
4433,Email,2024-09-14,2,0,0.0
4434,Google Ads,2024-11-10,1,0,0.0
4434,Email,2024-11-10,2,0,0.0
4434,Cold Outbound,2024-11-10,3,0,0.0
4434,Google Ads,2024-11-11,4,0,0.0
4434,Referral,2024-11-11,5,0,0.0
4435,Cold Outbound,2024-01-28,1,0,0.0
4435,LinkedIn Ads,2024-01-28,2,0,0.0
4436,Content/Webinar,2024-03-11,1,0,0.0
4436,Content/Webinar,2024-03-12,2,0,0.0
4437,Cold Outbound,2024-08-12,1,0,0.0
4437,Google Ads,2024-08-14,2,0,0.0
4437,Cold Outbound,2024-08-18,3,0,0.0
4438,LinkedIn Ads,2024-02-17,1,0,0.0
4439,Google Ads,2024-05-24,1,0,0.0
4439,Email,2024-05-24,2,0,0.0
4440,Email,2024-07-04,1,0,0.0
4440,Google Ads,2024-07-05,2,0,0.0
4440,Google Ads,2024-07-09,3,0,0.0
4440,Email,2024-07-11,4,0,0.0
4441,Email,2024-11-04,1,0,0.0
4441,Cold Outbound,2024-11-09,2,0,0.0
4441,Cold Outbound,2024-11-13,3,0,0.0
4441,Google Ads,2024-11-18,4,0,0.0
4441,Cold Outbound,2024-11-21,5,0,0.0
4442,Google Ads,2024-10-17,1,0,0.0
4442,Email,2024-10-21,2,0,0.0
4443,Content/Webinar,2024-08-14,1,0,0.0
4443,Organic/SEO,2024-08-17,2,0,0.0
4444,Email,2024-09-08,1,0,0.0
4445,Google Ads,2024-05-01,1,0,0.0
4446,Content/Webinar,2024-02-02,1,0,0.0
4446,Email,2024-02-03,2,0,0.0
4446,Content/Webinar,2024-02-05,3,0,0.0
4446,Google Ads,2024-02-08,4,0,0.0
4446,Referral,2024-02-09,5,0,0.0
4447,Cold Outbound,2024-04-29,1,1,3377.23
4447,Email,2024-05-01,2,1,3377.23
4447,Organic/SEO,2024-05-04,3,1,3377.23
4448,Organic/SEO,2024-09-04,1,0,0.0
4448,Referral,2024-09-08,2,0,0.0
4449,LinkedIn Ads,2024-02-11,1,0,0.0
4450,Organic/SEO,2024-11-23,1,0,0.0
4450,Cold Outbound,2024-11-24,2,0,0.0
4450,Referral,2024-11-25,3,0,0.0
4451,Organic/SEO,2024-07-18,1,0,0.0
4451,Google Ads,2024-07-20,2,0,0.0
4451,Cold Outbound,2024-07-25,3,0,0.0
4452,Organic/SEO,2024-02-21,1,1,4376.58
4452,Email,2024-02-21,2,1,4376.58
4452,Content/Webinar,2024-02-23,3,1,4376.58
4452,Content/Webinar,2024-02-24,4,1,4376.58
4452,LinkedIn Ads,2024-02-24,5,1,4376.58
4453,Organic/SEO,2024-04-23,1,1,5740.3
4454,Google Ads,2024-09-04,1,0,0.0
4454,Google Ads,2024-09-04,2,0,0.0
4455,Referral,2024-11-25,1,1,24579.04
4456,Google Ads,2024-08-08,1,0,0.0
4456,Cold Outbound,2024-08-13,2,0,0.0
4457,Email,2024-05-02,1,0,0.0
4457,Content/Webinar,2024-05-06,2,0,0.0
4457,LinkedIn Ads,2024-05-08,3,0,0.0
4457,Cold Outbound,2024-05-10,4,0,0.0
4458,Google Ads,2024-02-07,1,0,0.0
4458,Email,2024-02-08,2,0,0.0
4459,Cold Outbound,2024-02-13,1,0,0.0
4459,Organic/SEO,2024-02-17,2,0,0.0
4459,Organic/SEO,2024-02-19,3,0,0.0
4459,Content/Webinar,2024-02-22,4,0,0.0
4460,Content/Webinar,2024-08-17,1,0,0.0
4461,Organic/SEO,2024-10-31,1,0,0.0
4462,Content/Webinar,2024-03-22,1,0,0.0
4463,LinkedIn Ads,2024-08-27,1,0,0.0
4463,Email,2024-08-31,2,0,0.0
4464,Google Ads,2024-06-08,1,0,0.0
4465,Content/Webinar,2024-07-20,1,0,0.0
4466,Content/Webinar,2024-08-15,1,0,0.0
4466,Google Ads,2024-08-15,2,0,0.0
4466,Referral,2024-08-16,3,0,0.0
4467,Email,2024-05-11,1,0,0.0
4468,Content/Webinar,2024-07-06,1,0,0.0
4468,Content/Webinar,2024-07-10,2,0,0.0
4468,Email,2024-07-11,3,0,0.0
4469,Email,2024-01-31,1,0,0.0
4469,LinkedIn Ads,2024-01-31,2,0,0.0
4470,Organic/SEO,2024-10-23,1,0,0.0
4471,Cold Outbound,2024-09-19,1,0,0.0
4472,Google Ads,2024-07-04,1,0,0.0
4473,Google Ads,2024-08-06,1,1,13636.16
4473,Organic/SEO,2024-08-10,2,1,13636.16
4473,LinkedIn Ads,2024-08-13,3,1,13636.16
4473,Content/Webinar,2024-08-16,4,1,13636.16
4474,Content/Webinar,2024-11-01,1,0,0.0
4474,Cold Outbound,2024-11-03,2,0,0.0
4475,Content/Webinar,2024-06-27,1,0,0.0
4475,Content/Webinar,2024-07-01,2,0,0.0
4476,Cold Outbound,2024-08-08,1,0,0.0
4476,Cold Outbound,2024-08-13,2,0,0.0
4476,Referral,2024-08-17,3,0,0.0
4477,Email,2024-09-07,1,0,0.0
4477,Google Ads,2024-09-12,2,0,0.0
4478,Google Ads,2024-01-25,1,0,0.0
4478,LinkedIn Ads,2024-01-30,2,0,0.0
4479,Cold Outbound,2024-02-14,1,0,0.0
4479,Email,2024-02-14,2,0,0.0
4479,Cold Outbound,2024-02-16,3,0,0.0
4479,Google Ads,2024-02-20,4,0,0.0
4479,Organic/SEO,2024-02-21,5,0,0.0
4480,Referral,2024-03-15,1,1,7367.59
4480,Email,2024-03-16,2,1,7367.59
4481,Cold Outbound,2024-09-23,1,0,0.0
4482,Google Ads,2024-05-07,1,0,0.0
4482,Cold Outbound,2024-05-07,2,0,0.0
4482,LinkedIn Ads,2024-05-12,3,0,0.0
4482,LinkedIn Ads,2024-05-15,4,0,0.0
4483,Content/Webinar,2024-07-20,1,0,0.0
4483,LinkedIn Ads,2024-07-23,2,0,0.0
4483,Email,2024-07-24,3,0,0.0
4484,Email,2024-08-07,1,0,0.0
4484,Google Ads,2024-08-10,2,0,0.0
4485,Google Ads,2024-09-22,1,0,0.0
4486,Email,2024-09-08,1,0,0.0
4487,Google Ads,2024-04-12,1,0,0.0
4488,Cold Outbound,2024-01-19,1,1,10834.9
4488,LinkedIn Ads,2024-01-24,2,1,10834.9
4488,Google Ads,2024-01-25,3,1,10834.9
4488,Google Ads,2024-01-28,4,1,10834.9
4489,Cold Outbound,2024-01-28,1,0,0.0
4490,Google Ads,2024-03-26,1,1,14531.64
4490,LinkedIn Ads,2024-03-28,2,1,14531.64
4490,Email,2024-03-31,3,1,14531.64
4490,Organic/SEO,2024-04-03,4,1,14531.64
4490,Referral,2024-04-05,5,1,14531.64
4491,Cold Outbound,2024-05-31,1,0,0.0
4491,Email,2024-06-02,2,0,0.0
4491,Cold Outbound,2024-06-02,3,0,0.0
4491,LinkedIn Ads,2024-06-07,4,0,0.0
4491,Email,2024-06-07,5,0,0.0
4492,Google Ads,2024-03-30,1,1,14813.03
4492,Google Ads,2024-04-02,2,1,14813.03
4492,Google Ads,2024-04-06,3,1,14813.03
4492,Google Ads,2024-04-08,4,1,14813.03
4492,Content/Webinar,2024-04-09,5,1,14813.03
4493,Referral,2024-06-01,1,0,0.0
4494,Content/Webinar,2024-04-13,1,1,9824.06
4494,Email,2024-04-14,2,1,9824.06
4494,Google Ads,2024-04-15,3,1,9824.06
4494,Google Ads,2024-04-16,4,1,9824.06
4494,Organic/SEO,2024-04-19,5,1,9824.06
4495,Cold Outbound,2024-10-31,1,0,0.0
4496,Content/Webinar,2024-08-15,1,0,0.0
4496,Organic/SEO,2024-08-20,2,0,0.0
4496,LinkedIn Ads,2024-08-24,3,0,0.0
4497,Google Ads,2024-06-05,1,0,0.0
4497,Organic/SEO,2024-06-05,2,0,0.0
4498,LinkedIn Ads,2024-09-29,1,1,15708.66
4498,LinkedIn Ads,2024-09-29,2,1,15708.66
4498,Google Ads,2024-10-03,3,1,15708.66
4498,Referral,2024-10-03,4,1,15708.66
4499,Google Ads,2024-10-04,1,0,0.0
4500,LinkedIn Ads,2024-10-06,1,1,6399.08
4501,Email,2024-07-26,1,1,7890.01
4501,Google Ads,2024-07-26,2,1,7890.01
4501,Cold Outbound,2024-07-29,3,1,7890.01
4502,Content/Webinar,2024-11-08,1,0,0.0
4502,Email,2024-11-11,2,0,0.0
4502,Organic/SEO,2024-11-15,3,0,0.0
4503,Email,2024-11-09,1,1,7409.98
4503,Cold Outbound,2024-11-13,2,1,7409.98
4503,Organic/SEO,2024-11-18,3,1,7409.98
4503,Google Ads,2024-11-19,4,1,7409.98
4504,Cold Outbound,2024-09-28,1,1,2523.3
4504,Organic/SEO,2024-10-03,2,1,2523.3
4504,Cold Outbound,2024-10-06,3,1,2523.3
4505,Google Ads,2024-09-16,1,0,0.0
4505,Google Ads,2024-09-17,2,0,0.0
4505,Cold Outbound,2024-09-20,3,0,0.0
4505,Referral,2024-09-25,4,0,0.0
4505,Google Ads,2024-09-30,5,0,0.0
4506,Content/Webinar,2024-07-18,1,0,0.0
4506,Cold Outbound,2024-07-22,2,0,0.0
4507,Email,2024-02-08,1,0,0.0
4507,Email,2024-02-13,2,0,0.0
4507,Cold Outbound,2024-02-17,3,0,0.0
4507,Google Ads,2024-02-20,4,0,0.0
4507,Cold Outbound,2024-02-21,5,0,0.0
4508,LinkedIn Ads,2024-03-29,1,1,10163.84
4508,LinkedIn Ads,2024-04-03,2,1,10163.84
4509,Email,2024-01-04,1,1,6921.39
4509,Organic/SEO,2024-01-06,2,1,6921.39
4509,Email,2024-01-10,3,1,6921.39
4510,Email,2024-04-22,1,1,6357.28
4510,Google Ads,2024-04-23,2,1,6357.28
4510,Cold Outbound,2024-04-26,3,1,6357.28
4511,Google Ads,2024-02-14,1,0,0.0
4511,Cold Outbound,2024-02-16,2,0,0.0
4511,Google Ads,2024-02-17,3,0,0.0
4511,Organic/SEO,2024-02-17,4,0,0.0
4512,LinkedIn Ads,2024-08-10,1,0,0.0
4512,Email,2024-08-10,2,0,0.0
4513,Cold Outbound,2024-04-26,1,0,0.0
4513,Email,2024-04-27,2,0,0.0
4513,Cold Outbound,2024-04-28,3,0,0.0
4514,Cold Outbound,2024-11-01,1,0,0.0
4514,Cold Outbound,2024-11-05,2,0,0.0
4514,Content/Webinar,2024-11-09,3,0,0.0
4514,Organic/SEO,2024-11-13,4,0,0.0
4515,LinkedIn Ads,2024-11-13,1,0,0.0
4516,Content/Webinar,2024-01-11,1,0,0.0
4516,Google Ads,2024-01-11,2,0,0.0
4516,Google Ads,2024-01-13,3,0,0.0
4517,LinkedIn Ads,2024-10-05,1,0,0.0
4517,Cold Outbound,2024-10-10,2,0,0.0
4517,Email,2024-10-11,3,0,0.0
4517,LinkedIn Ads,2024-10-11,4,0,0.0
4518,Email,2024-08-06,1,0,0.0
4518,Organic/SEO,2024-08-09,2,0,0.0
4518,Cold Outbound,2024-08-11,3,0,0.0
4518,Content/Webinar,2024-08-15,4,0,0.0
4519,Content/Webinar,2024-03-08,1,0,0.0
4519,Cold Outbound,2024-03-12,2,0,0.0
4520,LinkedIn Ads,2024-02-19,1,0,0.0
4520,Content/Webinar,2024-02-23,2,0,0.0
4521,Cold Outbound,2024-03-05,1,0,0.0
4521,Cold Outbound,2024-03-09,2,0,0.0
4522,Cold Outbound,2024-07-28,1,0,0.0
4522,Content/Webinar,2024-07-30,2,0,0.0
4523,Google Ads,2024-05-15,1,0,0.0
4524,Content/Webinar,2024-06-07,1,0,0.0
4524,Organic/SEO,2024-06-07,2,0,0.0
4524,Organic/SEO,2024-06-12,3,0,0.0
4525,Google Ads,2024-08-21,1,1,7439.51
4525,Google Ads,2024-08-22,2,1,7439.51
4526,Cold Outbound,2024-11-25,1,0,0.0
4527,Google Ads,2024-03-19,1,1,5968.59
4527,Cold Outbound,2024-03-19,2,1,5968.59
4528,Content/Webinar,2024-05-17,1,0,0.0
4529,Content/Webinar,2024-01-11,1,0,0.0
4530,Organic/SEO,2024-05-26,1,0,0.0
4530,Email,2024-05-27,2,0,0.0
4530,Google Ads,2024-05-29,3,0,0.0
4530,Cold Outbound,2024-05-30,4,0,0.0
4531,Content/Webinar,2024-07-29,1,0,0.0
4531,Google Ads,2024-08-02,2,0,0.0
4532,Organic/SEO,2024-03-30,1,0,0.0
4532,Organic/SEO,2024-03-31,2,0,0.0
4533,Email,2024-05-28,1,0,0.0
4533,Email,2024-06-02,2,0,0.0
4533,Cold Outbound,2024-06-05,3,0,0.0
4534,Content/Webinar,2024-06-25,1,0,0.0
4535,Organic/SEO,2024-04-08,1,0,0.0
4535,Google Ads,2024-04-09,2,0,0.0
4535,Cold Outbound,2024-04-11,3,0,0.0
4535,Cold Outbound,2024-04-11,4,0,0.0
4536,Organic/SEO,2024-03-27,1,0,0.0
4537,Content/Webinar,2024-11-01,1,0,0.0
4537,LinkedIn Ads,2024-11-06,2,0,0.0
4538,Cold Outbound,2024-07-17,1,0,0.0
4538,Google Ads,2024-07-18,2,0,0.0
4538,Google Ads,2024-07-20,3,0,0.0
4538,Cold Outbound,2024-07-25,4,0,0.0
4538,LinkedIn Ads,2024-07-25,5,0,0.0
4539,Email,2024-06-16,1,0,0.0
4539,Google Ads,2024-06-18,2,0,0.0
4540,LinkedIn Ads,2024-07-30,1,0,0.0
4540,Referral,2024-08-03,2,0,0.0
4540,Google Ads,2024-08-05,3,0,0.0
4540,Content/Webinar,2024-08-08,4,0,0.0
4541,Content/Webinar,2024-03-04,1,0,0.0
4541,Google Ads,2024-03-07,2,0,0.0
4541,Google Ads,2024-03-08,3,0,0.0
4541,Organic/SEO,2024-03-10,4,0,0.0
4541,Cold Outbound,2024-03-13,5,0,0.0
4542,Email,2024-08-14,1,0,0.0
4542,Cold Outbound,2024-08-16,2,0,0.0
4542,Cold Outbound,2024-08-19,3,0,0.0
4543,LinkedIn Ads,2024-08-05,1,0,0.0
4543,Organic/SEO,2024-08-09,2,0,0.0
4544,Email,2024-08-17,1,1,6937.07
4545,Content/Webinar,2024-05-02,1,0,0.0
4545,Organic/SEO,2024-05-02,2,0,0.0
4546,Google Ads,2024-04-12,1,0,0.0
4547,Email,2024-07-28,1,0,0.0
4548,Cold Outbound,2024-06-23,1,0,0.0
4548,Organic/SEO,2024-06-24,2,0,0.0
4549,LinkedIn Ads,2024-11-27,1,0,0.0
4549,LinkedIn Ads,2024-11-30,2,0,0.0
4549,Content/Webinar,2024-12-02,3,0,0.0
4549,Cold Outbound,2024-12-04,4,0,0.0
4550,Google Ads,2024-06-22,1,1,12494.78
4550,Content/Webinar,2024-06-25,2,1,12494.78
4551,Cold Outbound,2024-04-24,1,0,0.0
4552,LinkedIn Ads,2024-06-07,1,0,0.0
4552,Email,2024-06-08,2,0,0.0
4553,Cold Outbound,2024-04-29,1,0,0.0
4553,Organic/SEO,2024-04-30,2,0,0.0
4554,Referral,2024-09-30,1,0,0.0
4554,LinkedIn Ads,2024-10-01,2,0,0.0
4554,Cold Outbound,2024-10-03,3,0,0.0
4555,Email,2024-03-26,1,0,0.0
4555,Content/Webinar,2024-03-27,2,0,0.0
4556,Organic/SEO,2024-04-29,1,0,0.0
4556,Cold Outbound,2024-04-30,2,0,0.0
4557,Organic/SEO,2024-07-07,1,1,10694.48
4558,Email,2024-06-23,1,1,2056.71
4558,Google Ads,2024-06-25,2,1,2056.71
4558,LinkedIn Ads,2024-06-26,3,1,2056.71
4558,Cold Outbound,2024-06-29,4,1,2056.71
4559,Organic/SEO,2024-07-22,1,0,0.0
4559,Email,2024-07-23,2,0,0.0
4559,Organic/SEO,2024-07-25,3,0,0.0
4559,Cold Outbound,2024-07-26,4,0,0.0
4560,Organic/SEO,2024-02-29,1,0,0.0
4561,Google Ads,2024-04-17,1,0,0.0
4561,Content/Webinar,2024-04-21,2,0,0.0
4561,Email,2024-04-22,3,0,0.0
4561,Google Ads,2024-04-24,4,0,0.0
4561,Organic/SEO,2024-04-28,5,0,0.0
4562,Email,2024-10-21,1,1,9710.1
4562,Google Ads,2024-10-25,2,1,9710.1
4562,Organic/SEO,2024-10-25,3,1,9710.1
4562,LinkedIn Ads,2024-10-30,4,1,9710.1
4562,Email,2024-11-01,5,1,9710.1
4563,Google Ads,2024-08-29,1,0,0.0
4563,Email,2024-08-30,2,0,0.0
4563,Organic/SEO,2024-09-01,3,0,0.0
4563,Email,2024-09-04,4,0,0.0
4564,Referral,2024-04-07,1,0,0.0
4565,Email,2024-02-11,1,1,3754.36
4566,Cold Outbound,2024-05-06,1,0,0.0
4566,Organic/SEO,2024-05-07,2,0,0.0
4566,Organic/SEO,2024-05-11,3,0,0.0
4567,LinkedIn Ads,2024-09-18,1,0,0.0
4567,Cold Outbound,2024-09-19,2,0,0.0
4568,LinkedIn Ads,2024-01-12,1,0,0.0
4568,Content/Webinar,2024-01-15,2,0,0.0
4569,Cold Outbound,2024-10-24,1,0,0.0
4569,LinkedIn Ads,2024-10-28,2,0,0.0
4569,Cold Outbound,2024-10-31,3,0,0.0
4569,Google Ads,2024-11-04,4,0,0.0
4569,Email,2024-11-09,5,0,0.0
4570,Organic/SEO,2024-04-30,1,0,0.0
4570,Cold Outbound,2024-05-03,2,0,0.0
4570,Email,2024-05-08,3,0,0.0
4571,Google Ads,2024-08-13,1,0,0.0
4572,Content/Webinar,2024-01-16,1,1,7797.39
4573,Email,2024-07-25,1,0,0.0
4573,Cold Outbound,2024-07-25,2,0,0.0
4573,LinkedIn Ads,2024-07-29,3,0,0.0
4573,Organic/SEO,2024-08-02,4,0,0.0
4574,Cold Outbound,2024-04-27,1,0,0.0
4575,Organic/SEO,2024-08-24,1,0,0.0
4575,Google Ads,2024-08-25,2,0,0.0
4575,Content/Webinar,2024-08-26,3,0,0.0
4575,Cold Outbound,2024-08-28,4,0,0.0
4576,Google Ads,2024-03-18,1,0,0.0
4576,Google Ads,2024-03-18,2,0,0.0
4577,LinkedIn Ads,2024-06-05,1,0,0.0
4577,Organic/SEO,2024-06-07,2,0,0.0
4578,Cold Outbound,2024-04-22,1,1,9843.03
4578,Google Ads,2024-04-23,2,1,9843.03
4578,Content/Webinar,2024-04-23,3,1,9843.03
4578,Email,2024-04-27,4,1,9843.03
4579,Content/Webinar,2024-01-05,1,0,0.0
4580,LinkedIn Ads,2024-10-07,1,0,0.0
4581,Email,2024-08-21,1,0,0.0
4582,LinkedIn Ads,2024-03-19,1,0,0.0
4582,LinkedIn Ads,2024-03-20,2,0,0.0
4583,LinkedIn Ads,2024-11-05,1,0,0.0
4583,Email,2024-11-09,2,0,0.0
4583,Email,2024-11-12,3,0,0.0
4584,Email,2024-09-07,1,0,0.0
4585,Google Ads,2024-02-13,1,1,11973.2
4585,Organic/SEO,2024-02-15,2,1,11973.2
4586,LinkedIn Ads,2024-09-20,1,0,0.0
4586,Google Ads,2024-09-22,2,0,0.0
4587,Cold Outbound,2024-06-07,1,0,0.0
4587,Cold Outbound,2024-06-11,2,0,0.0
4588,LinkedIn Ads,2024-06-16,1,0,0.0
4589,Cold Outbound,2024-02-20,1,0,0.0
4589,Cold Outbound,2024-02-25,2,0,0.0
4590,Google Ads,2024-06-13,1,1,13000.34
4590,Content/Webinar,2024-06-18,2,1,13000.34
4591,Content/Webinar,2024-10-18,1,0,0.0
4591,Content/Webinar,2024-10-19,2,0,0.0
4591,Email,2024-10-19,3,0,0.0
4592,Organic/SEO,2024-10-15,1,0,0.0
4592,Content/Webinar,2024-10-17,2,0,0.0
4593,Cold Outbound,2024-03-27,1,0,0.0
4593,Email,2024-03-28,2,0,0.0
4593,Organic/SEO,2024-03-28,3,0,0.0
4594,Referral,2024-03-15,1,1,17516.24
4595,Google Ads,2024-07-20,1,0,0.0
4595,Email,2024-07-20,2,0,0.0
4596,Email,2024-08-22,1,1,6237.23
4597,Google Ads,2024-09-11,1,0,0.0
4597,Organic/SEO,2024-09-12,2,0,0.0
4597,Content/Webinar,2024-09-17,3,0,0.0
4598,Content/Webinar,2024-11-23,1,1,6783.54
4598,Google Ads,2024-11-23,2,1,6783.54
4599,LinkedIn Ads,2024-05-29,1,0,0.0
4599,Cold Outbound,2024-05-31,2,0,0.0
4599,Cold Outbound,2024-06-03,3,0,0.0
4600,Email,2024-05-29,1,0,0.0
4600,Google Ads,2024-06-01,2,0,0.0
4600,LinkedIn Ads,2024-06-04,3,0,0.0
4600,LinkedIn Ads,2024-06-08,4,0,0.0
4601,Google Ads,2024-06-03,1,0,0.0
4601,Google Ads,2024-06-08,2,0,0.0
4602,Organic/SEO,2024-01-08,1,1,5710.98
4603,Cold Outbound,2024-01-18,1,0,0.0
4604,Google Ads,2024-07-19,1,0,0.0
4604,Email,2024-07-23,2,0,0.0
4605,LinkedIn Ads,2024-04-19,1,0,0.0
4605,Email,2024-04-21,2,0,0.0
4606,LinkedIn Ads,2024-06-15,1,0,0.0
4606,LinkedIn Ads,2024-06-15,2,0,0.0
4607,Referral,2024-05-21,1,0,0.0
4607,Google Ads,2024-05-26,2,0,0.0
4608,Email,2024-05-16,1,0,0.0
4608,Google Ads,2024-05-20,2,0,0.0
4609,Organic/SEO,2024-09-11,1,0,0.0
4609,Email,2024-09-16,2,0,0.0
4610,Google Ads,2024-09-04,1,0,0.0
4610,Cold Outbound,2024-09-09,2,0,0.0
4610,LinkedIn Ads,2024-09-11,3,0,0.0
4610,Cold Outbound,2024-09-16,4,0,0.0
4611,Google Ads,2024-06-25,1,0,0.0
4611,LinkedIn Ads,2024-06-29,2,0,0.0
4612,Email,2024-07-02,1,0,0.0
4612,Google Ads,2024-07-05,2,0,0.0
4612,Cold Outbound,2024-07-05,3,0,0.0
4613,LinkedIn Ads,2024-05-31,1,0,0.0
4613,LinkedIn Ads,2024-06-01,2,0,0.0
4613,Google Ads,2024-06-05,3,0,0.0
4614,Cold Outbound,2024-04-25,1,0,0.0
4615,LinkedIn Ads,2024-11-08,1,0,0.0
4615,Organic/SEO,2024-11-13,2,0,0.0
4615,Google Ads,2024-11-13,3,0,0.0
4615,Content/Webinar,2024-11-16,4,0,0.0
4616,LinkedIn Ads,2024-11-09,1,0,0.0
4617,Email,2024-11-06,1,0,0.0
4617,Email,2024-11-09,2,0,0.0
4617,LinkedIn Ads,2024-11-11,3,0,0.0
4618,Cold Outbound,2024-11-02,1,0,0.0
4618,Email,2024-11-02,2,0,0.0
4618,Referral,2024-11-07,3,0,0.0
4618,Google Ads,2024-11-10,4,0,0.0
4619,Cold Outbound,2024-01-18,1,0,0.0
4619,Content/Webinar,2024-01-20,2,0,0.0
4619,Email,2024-01-21,3,0,0.0
4620,LinkedIn Ads,2024-10-30,1,1,8287.38
4620,Cold Outbound,2024-11-04,2,1,8287.38
4620,LinkedIn Ads,2024-11-05,3,1,8287.38
4621,Cold Outbound,2024-03-20,1,0,0.0
4622,Google Ads,2024-10-16,1,0,0.0
4623,Cold Outbound,2024-06-24,1,0,0.0
4624,Google Ads,2024-07-18,1,0,0.0
4624,LinkedIn Ads,2024-07-18,2,0,0.0
4624,Referral,2024-07-22,3,0,0.0
4624,Google Ads,2024-07-27,4,0,0.0
4625,LinkedIn Ads,2024-11-25,1,0,0.0
4625,LinkedIn Ads,2024-11-28,2,0,0.0
4626,Cold Outbound,2024-11-07,1,0,0.0
4626,LinkedIn Ads,2024-11-12,2,0,0.0
4626,LinkedIn Ads,2024-11-15,3,0,0.0
4627,Google Ads,2024-04-04,1,0,0.0
4628,Content/Webinar,2024-08-30,1,0,0.0
4629,Google Ads,2024-01-15,1,0,0.0
4630,Cold Outbound,2024-02-19,1,0,0.0
4630,Cold Outbound,2024-02-22,2,0,0.0
4630,Google Ads,2024-02-26,3,0,0.0
4631,Referral,2024-09-26,1,0,0.0
4631,Google Ads,2024-09-27,2,0,0.0
4632,Google Ads,2024-10-25,1,0,0.0
4632,Cold Outbound,2024-10-29,2,0,0.0
4633,Email,2024-09-11,1,0,0.0
4633,Cold Outbound,2024-09-13,2,0,0.0
4634,Cold Outbound,2024-02-26,1,0,0.0
4635,Google Ads,2024-10-07,1,0,0.0
4635,Google Ads,2024-10-07,2,0,0.0
4635,Google Ads,2024-10-09,3,0,0.0
4636,Google Ads,2024-04-01,1,0,0.0
4636,Organic/SEO,2024-04-05,2,0,0.0
4636,Google Ads,2024-04-06,3,0,0.0
4637,Google Ads,2024-02-02,1,0,0.0
4637,Referral,2024-02-07,2,0,0.0
4638,Organic/SEO,2024-03-08,1,0,0.0
4638,Google Ads,2024-03-11,2,0,0.0
4638,Cold Outbound,2024-03-14,3,0,0.0
4639,Email,2024-04-07,1,0,0.0
4639,Google Ads,2024-04-07,2,0,0.0
4640,Google Ads,2024-04-23,1,0,0.0
4640,Cold Outbound,2024-04-26,2,0,0.0
4641,LinkedIn Ads,2024-05-28,1,0,0.0
4641,Google Ads,2024-06-02,2,0,0.0
4642,Organic/SEO,2024-10-13,1,0,0.0
4642,Organic/SEO,2024-10-18,2,0,0.0
4642,Organic/SEO,2024-10-18,3,0,0.0
4642,Google Ads,2024-10-18,4,0,0.0
4642,Organic/SEO,2024-10-23,5,0,0.0
4643,Email,2024-04-08,1,1,5137.68
4644,Cold Outbound,2024-02-22,1,0,0.0
4644,Email,2024-02-25,2,0,0.0
4645,Cold Outbound,2024-09-02,1,0,0.0
4645,LinkedIn Ads,2024-09-06,2,0,0.0
4645,Content/Webinar,2024-09-06,3,0,0.0
4646,LinkedIn Ads,2024-11-05,1,0,0.0
4646,Content/Webinar,2024-11-08,2,0,0.0
4646,Content/Webinar,2024-11-08,3,0,0.0
4646,Cold Outbound,2024-11-09,4,0,0.0
4647,LinkedIn Ads,2024-04-19,1,0,0.0
4647,LinkedIn Ads,2024-04-21,2,0,0.0
4647,Google Ads,2024-04-21,3,0,0.0
4648,Google Ads,2024-11-28,1,0,0.0
4648,Cold Outbound,2024-12-03,2,0,0.0
4648,Referral,2024-12-03,3,0,0.0
4649,Google Ads,2024-07-10,1,0,0.0
4650,Google Ads,2024-06-16,1,0,0.0
4651,Email,2024-10-05,1,0,0.0
4652,Google Ads,2024-02-09,1,0,0.0
4652,Google Ads,2024-02-12,2,0,0.0
4652,Email,2024-02-16,3,0,0.0
4652,Cold Outbound,2024-02-16,4,0,0.0
4652,Cold Outbound,2024-02-17,5,0,0.0
4653,Organic/SEO,2024-06-29,1,0,0.0
4654,Organic/SEO,2024-01-28,1,0,0.0
4655,Organic/SEO,2024-01-15,1,1,6482.39
4655,Organic/SEO,2024-01-17,2,1,6482.39
4655,Cold Outbound,2024-01-19,3,1,6482.39
4655,Cold Outbound,2024-01-23,4,1,6482.39
4655,Google Ads,2024-01-26,5,1,6482.39
4656,Google Ads,2024-09-16,1,0,0.0
4656,Content/Webinar,2024-09-18,2,0,0.0
4656,Google Ads,2024-09-19,3,0,0.0
4656,Google Ads,2024-09-20,4,0,0.0
4657,Organic/SEO,2024-04-24,1,0,0.0
4657,Cold Outbound,2024-04-29,2,0,0.0
4657,LinkedIn Ads,2024-05-04,3,0,0.0
4657,Cold Outbound,2024-05-06,4,0,0.0
4657,Cold Outbound,2024-05-11,5,0,0.0
4658,Email,2024-07-15,1,0,0.0
4659,Content/Webinar,2024-08-05,1,0,0.0
4659,Google Ads,2024-08-05,2,0,0.0
4660,LinkedIn Ads,2024-02-07,1,0,0.0
4660,Cold Outbound,2024-02-07,2,0,0.0
4660,Google Ads,2024-02-11,3,0,0.0
4661,Google Ads,2024-11-11,1,0,0.0
4662,Organic/SEO,2024-02-21,1,0,0.0
4662,Google Ads,2024-02-25,2,0,0.0
4662,Email,2024-02-28,3,0,0.0
4662,Organic/SEO,2024-03-03,4,0,0.0
4662,Email,2024-03-08,5,0,0.0
4663,Email,2024-01-28,1,0,0.0
4663,Organic/SEO,2024-02-01,2,0,0.0
4663,Google Ads,2024-02-06,3,0,0.0
4664,LinkedIn Ads,2024-08-26,1,0,0.0
4665,Content/Webinar,2024-11-04,1,0,0.0
4665,Organic/SEO,2024-11-08,2,0,0.0
4665,Google Ads,2024-11-11,3,0,0.0
4665,Email,2024-11-16,4,0,0.0
4666,Cold Outbound,2024-05-16,1,0,0.0
4666,Google Ads,2024-05-17,2,0,0.0
4667,Google Ads,2024-04-26,1,0,0.0
4667,LinkedIn Ads,2024-04-27,2,0,0.0
4668,Cold Outbound,2024-08-21,1,0,0.0
4669,Email,2024-09-29,1,0,0.0
4670,Email,2024-07-13,1,0,0.0
4670,LinkedIn Ads,2024-07-15,2,0,0.0
4671,Email,2024-02-24,1,0,0.0
4672,Google Ads,2024-08-21,1,0,0.0
4672,Google Ads,2024-08-25,2,0,0.0
4672,Google Ads,2024-08-29,3,0,0.0
4673,LinkedIn Ads,2024-05-24,1,1,9451.53
4674,Organic/SEO,2024-09-27,1,1,9544.56
4674,Email,2024-09-27,2,1,9544.56
4674,Google Ads,2024-09-27,3,1,9544.56
4675,LinkedIn Ads,2024-01-20,1,0,0.0
4675,Email,2024-01-21,2,0,0.0
4675,Content/Webinar,2024-01-22,3,0,0.0
4675,Cold Outbound,2024-01-27,4,0,0.0
4676,Google Ads,2024-10-16,1,0,0.0
4677,Organic/SEO,2024-11-02,1,0,0.0
4677,Google Ads,2024-11-06,2,0,0.0
4677,Google Ads,2024-11-09,3,0,0.0
4678,LinkedIn Ads,2024-01-18,1,0,0.0
4678,Organic/SEO,2024-01-20,2,0,0.0
4678,Organic/SEO,2024-01-22,3,0,0.0
4678,Organic/SEO,2024-01-23,4,0,0.0
4679,Organic/SEO,2024-05-11,1,0,0.0
4680,Email,2024-02-09,1,0,0.0
4680,Google Ads,2024-02-11,2,0,0.0
4681,Email,2024-06-09,1,1,6234.71
4682,Google Ads,2024-04-14,1,0,0.0
4682,LinkedIn Ads,2024-04-15,2,0,0.0
4682,Email,2024-04-18,3,0,0.0
4683,Content/Webinar,2024-11-14,1,0,0.0
4684,Email,2024-01-04,1,0,0.0
4684,Referral,2024-01-04,2,0,0.0
4684,Google Ads,2024-01-04,3,0,0.0
4684,Email,2024-01-06,4,0,0.0
4685,Google Ads,2024-02-12,1,1,3179.33
4685,Google Ads,2024-02-15,2,1,3179.33
4686,Organic/SEO,2024-04-13,1,0,0.0
4686,Email,2024-04-15,2,0,0.0
4686,Content/Webinar,2024-04-20,3,0,0.0
4686,Organic/SEO,2024-04-21,4,0,0.0
4687,Google Ads,2024-10-17,1,0,0.0
4687,Google Ads,2024-10-18,2,0,0.0
4688,Content/Webinar,2024-10-11,1,1,22831.15
4688,Google Ads,2024-10-11,2,1,22831.15
4688,Google Ads,2024-10-12,3,1,22831.15
4688,Google Ads,2024-10-13,4,1,22831.15
4688,Referral,2024-10-17,5,1,22831.15
4689,Email,2024-01-27,1,0,0.0
4689,Organic/SEO,2024-01-27,2,0,0.0
4690,Email,2024-05-20,1,0,0.0
4690,Email,2024-05-22,2,0,0.0
4690,Organic/SEO,2024-05-23,3,0,0.0
4690,Cold Outbound,2024-05-27,4,0,0.0
4691,Email,2024-04-24,1,0,0.0
4692,Organic/SEO,2024-06-07,1,0,0.0
4693,Google Ads,2024-03-13,1,0,0.0
4693,Cold Outbound,2024-03-13,2,0,0.0
4693,Cold Outbound,2024-03-16,3,0,0.0
4693,Google Ads,2024-03-17,4,0,0.0
4693,LinkedIn Ads,2024-03-21,5,0,0.0
4694,Email,2024-09-23,1,0,0.0
4694,Google Ads,2024-09-26,2,0,0.0
4694,Content/Webinar,2024-09-29,3,0,0.0
4695,Google Ads,2024-06-21,1,0,0.0
4695,Google Ads,2024-06-24,2,0,0.0
4696,Content/Webinar,2024-04-19,1,0,0.0
4697,Google Ads,2024-04-11,1,0,0.0
4697,Organic/SEO,2024-04-13,2,0,0.0
4697,Cold Outbound,2024-04-16,3,0,0.0
4698,Email,2024-09-22,1,0,0.0
4698,Content/Webinar,2024-09-24,2,0,0.0
4698,Organic/SEO,2024-09-28,3,0,0.0
4699,Google Ads,2024-04-20,1,0,0.0
4699,Referral,2024-04-25,2,0,0.0
4699,Google Ads,2024-04-27,3,0,0.0
4700,Organic/SEO,2024-05-17,1,1,9582.32
4701,Content/Webinar,2024-09-24,1,0,0.0
4701,Cold Outbound,2024-09-27,2,0,0.0
4701,Cold Outbound,2024-09-29,3,0,0.0
4702,Cold Outbound,2024-11-21,1,0,0.0
4703,Organic/SEO,2024-08-21,1,0,0.0
4704,LinkedIn Ads,2024-08-15,1,1,7075.73
4704,Email,2024-08-19,2,1,7075.73
4705,Referral,2024-10-08,1,0,0.0
4705,Cold Outbound,2024-10-09,2,0,0.0
4705,Cold Outbound,2024-10-11,3,0,0.0
4706,Content/Webinar,2024-01-31,1,0,0.0
4706,Content/Webinar,2024-02-04,2,0,0.0
4706,Google Ads,2024-02-04,3,0,0.0
4706,LinkedIn Ads,2024-02-07,4,0,0.0
4707,Organic/SEO,2024-06-14,1,0,0.0
4708,Cold Outbound,2024-03-19,1,0,0.0
4708,Email,2024-03-21,2,0,0.0
4708,Google Ads,2024-03-22,3,0,0.0
4709,Organic/SEO,2024-09-18,1,0,0.0
4709,Google Ads,2024-09-22,2,0,0.0
4709,Content/Webinar,2024-09-23,3,0,0.0
4709,Email,2024-09-26,4,0,0.0
4709,Google Ads,2024-09-28,5,0,0.0
4710,Email,2024-10-16,1,0,0.0
4710,Email,2024-10-19,2,0,0.0
4710,Google Ads,2024-10-22,3,0,0.0
4711,Organic/SEO,2024-07-17,1,0,0.0
4711,Referral,2024-07-19,2,0,0.0
4712,Cold Outbound,2024-10-01,1,0,0.0
4712,Google Ads,2024-10-05,2,0,0.0
4712,Organic/SEO,2024-10-08,3,0,0.0
4713,Google Ads,2024-10-02,1,1,15028.06
4713,Referral,2024-10-02,2,1,15028.06
4714,Organic/SEO,2024-03-29,1,0,0.0
4714,Content/Webinar,2024-03-29,2,0,0.0
4714,Google Ads,2024-04-01,3,0,0.0
4714,Cold Outbound,2024-04-05,4,0,0.0
4715,Cold Outbound,2024-05-05,1,0,0.0
4715,Organic/SEO,2024-05-07,2,0,0.0
4715,Cold Outbound,2024-05-10,3,0,0.0
4716,Cold Outbound,2024-06-30,1,0,0.0
4717,Organic/SEO,2024-06-24,1,0,0.0
4717,Organic/SEO,2024-06-28,2,0,0.0
4718,Google Ads,2024-01-12,1,1,6452.39
4718,Google Ads,2024-01-17,2,1,6452.39
4719,Google Ads,2024-07-17,1,0,0.0
4719,Email,2024-07-19,2,0,0.0
4719,Cold Outbound,2024-07-23,3,0,0.0
4720,Email,2024-05-02,1,0,0.0
4720,Cold Outbound,2024-05-06,2,0,0.0
4720,Cold Outbound,2024-05-06,3,0,0.0
4721,Organic/SEO,2024-10-23,1,0,0.0
4721,LinkedIn Ads,2024-10-27,2,0,0.0
4721,Google Ads,2024-10-31,3,0,0.0
4722,Cold Outbound,2024-06-19,1,0,0.0
4722,Email,2024-06-19,2,0,0.0
4723,Organic/SEO,2024-03-29,1,0,0.0
4723,Google Ads,2024-04-03,2,0,0.0
4724,LinkedIn Ads,2024-09-09,1,0,0.0
4724,Google Ads,2024-09-11,2,0,0.0
4725,Cold Outbound,2024-07-14,1,0,0.0
4725,Email,2024-07-18,2,0,0.0
4725,LinkedIn Ads,2024-07-19,3,0,0.0
4726,Content/Webinar,2024-03-11,1,0,0.0
4726,Referral,2024-03-15,2,0,0.0
4727,Google Ads,2024-01-12,1,0,0.0
4727,Google Ads,2024-01-13,2,0,0.0
4727,Email,2024-01-18,3,0,0.0
4728,Google Ads,2024-04-06,1,0,0.0
4728,Cold Outbound,2024-04-08,2,0,0.0
4729,Cold Outbound,2024-11-16,1,0,0.0
4729,Google Ads,2024-11-20,2,0,0.0
4730,Cold Outbound,2024-01-02,1,0,0.0
4731,Email,2024-06-21,1,1,5167.02
4731,Email,2024-06-24,2,1,5167.02
4732,Cold Outbound,2024-04-25,1,0,0.0
4732,Content/Webinar,2024-04-27,2,0,0.0
4732,Referral,2024-04-30,3,0,0.0
4733,Cold Outbound,2024-01-08,1,0,0.0
4733,Organic/SEO,2024-01-13,2,0,0.0
4733,LinkedIn Ads,2024-01-17,3,0,0.0
4734,Email,2024-07-24,1,0,0.0
4734,Content/Webinar,2024-07-27,2,0,0.0
4734,Content/Webinar,2024-07-28,3,0,0.0
4734,Cold Outbound,2024-07-29,4,0,0.0
4734,Cold Outbound,2024-07-31,5,0,0.0
4735,Cold Outbound,2024-10-29,1,0,0.0
4736,Organic/SEO,2024-05-19,1,0,0.0
4736,Google Ads,2024-05-21,2,0,0.0
4736,Google Ads,2024-05-22,3,0,0.0
4737,Google Ads,2024-10-18,1,0,0.0
4737,Google Ads,2024-10-22,2,0,0.0
4737,Email,2024-10-24,3,0,0.0
4737,Google Ads,2024-10-25,4,0,0.0
4738,Google Ads,2024-01-03,1,0,0.0
4738,Organic/SEO,2024-01-08,2,0,0.0
4739,Content/Webinar,2024-06-20,1,1,3632.68
4739,Google Ads,2024-06-25,2,1,3632.68
4739,LinkedIn Ads,2024-06-25,3,1,3632.68
4739,Google Ads,2024-06-25,4,1,3632.68
4740,Cold Outbound,2024-09-03,1,0,0.0
4740,Content/Webinar,2024-09-07,2,0,0.0
4741,Email,2024-02-05,1,0,0.0
4741,Cold Outbound,2024-02-07,2,0,0.0
4741,LinkedIn Ads,2024-02-10,3,0,0.0
4741,Cold Outbound,2024-02-14,4,0,0.0
4741,Google Ads,2024-02-18,5,0,0.0
4742,Cold Outbound,2024-06-11,1,0,0.0
4742,Google Ads,2024-06-15,2,0,0.0
4743,Content/Webinar,2024-02-27,1,0,0.0
4743,Content/Webinar,2024-03-01,2,0,0.0
4744,Content/Webinar,2024-01-23,1,0,0.0
4745,Google Ads,2024-04-19,1,1,7985.96
4745,LinkedIn Ads,2024-04-24,2,1,7985.96
4745,Google Ads,2024-04-24,3,1,7985.96
4745,Content/Webinar,2024-04-25,4,1,7985.96
4746,Organic/SEO,2024-09-02,1,0,0.0
4747,Google Ads,2024-09-03,1,0,0.0
4748,Content/Webinar,2024-10-03,1,1,11176.94
4748,Cold Outbound,2024-10-04,2,1,11176.94
4748,Google Ads,2024-10-08,3,1,11176.94
4748,LinkedIn Ads,2024-10-10,4,1,11176.94
4749,Organic/SEO,2024-09-06,1,0,0.0
4749,Organic/SEO,2024-09-08,2,0,0.0
4749,Cold Outbound,2024-09-13,3,0,0.0
4750,Google Ads,2024-07-02,1,0,0.0
4751,Email,2024-06-14,1,0,0.0
4751,Cold Outbound,2024-06-14,2,0,0.0
4752,Google Ads,2024-01-21,1,0,0.0
4752,Email,2024-01-22,2,0,0.0
4753,Google Ads,2024-10-17,1,0,0.0
4753,Cold Outbound,2024-10-18,2,0,0.0
4754,Google Ads,2024-06-23,1,0,0.0
4754,LinkedIn Ads,2024-06-26,2,0,0.0
4754,Referral,2024-06-28,3,0,0.0
4755,Content/Webinar,2024-07-22,1,0,0.0
4756,Organic/SEO,2024-05-21,1,1,5423.93
4757,LinkedIn Ads,2024-03-22,1,0,0.0
4757,Email,2024-03-25,2,0,0.0
4757,Google Ads,2024-03-28,3,0,0.0
4757,LinkedIn Ads,2024-03-31,4,0,0.0
4757,Referral,2024-04-01,5,0,0.0
4758,LinkedIn Ads,2024-01-16,1,0,0.0
4759,Organic/SEO,2024-03-05,1,0,0.0
4759,Email,2024-03-07,2,0,0.0
4759,Content/Webinar,2024-03-11,3,0,0.0
4760,LinkedIn Ads,2024-06-22,1,0,0.0
4760,Cold Outbound,2024-06-24,2,0,0.0
4760,Organic/SEO,2024-06-27,3,0,0.0
4760,Google Ads,2024-06-29,4,0,0.0
4761,Google Ads,2024-07-11,1,0,0.0
4761,Email,2024-07-13,2,0,0.0
4761,LinkedIn Ads,2024-07-14,3,0,0.0
4761,Organic/SEO,2024-07-15,4,0,0.0
4761,Google Ads,2024-07-19,5,0,0.0
4762,Email,2024-01-08,1,0,0.0
4763,Organic/SEO,2024-07-29,1,0,0.0
4763,Google Ads,2024-07-30,2,0,0.0
4764,Organic/SEO,2024-06-06,1,0,0.0
4765,Email,2024-08-01,1,0,0.0
4765,Organic/SEO,2024-08-04,2,0,0.0
4765,Organic/SEO,2024-08-07,3,0,0.0
4766,Cold Outbound,2024-06-12,1,0,0.0
4766,Content/Webinar,2024-06-14,2,0,0.0
4767,Email,2024-03-28,1,0,0.0
4768,Content/Webinar,2024-07-07,1,0,0.0
4768,LinkedIn Ads,2024-07-08,2,0,0.0
4768,Google Ads,2024-07-10,3,0,0.0
4769,LinkedIn Ads,2024-08-27,1,0,0.0
4769,Content/Webinar,2024-08-30,2,0,0.0
4769,Google Ads,2024-09-04,3,0,0.0
4770,LinkedIn Ads,2024-01-02,1,1,12424.21
4771,Cold Outbound,2024-07-22,1,0,0.0
4771,Organic/SEO,2024-07-23,2,0,0.0
4771,LinkedIn Ads,2024-07-28,3,0,0.0
4771,Cold Outbound,2024-08-02,4,0,0.0
4771,Google Ads,2024-08-05,5,0,0.0
4772,Cold Outbound,2024-07-10,1,0,0.0
4772,LinkedIn Ads,2024-07-15,2,0,0.0
4772,Content/Webinar,2024-07-18,3,0,0.0
4772,Google Ads,2024-07-20,4,0,0.0
4772,Google Ads,2024-07-22,5,0,0.0
4773,Cold Outbound,2024-05-06,1,0,0.0
4773,Cold Outbound,2024-05-08,2,0,0.0
4774,LinkedIn Ads,2024-04-29,1,0,0.0
4774,Content/Webinar,2024-05-03,2,0,0.0
4775,Cold Outbound,2024-02-01,1,0,0.0
4775,Cold Outbound,2024-02-05,2,0,0.0
4776,Cold Outbound,2024-11-18,1,0,0.0
4776,Cold Outbound,2024-11-21,2,0,0.0
4777,LinkedIn Ads,2024-09-04,1,0,0.0
4778,Google Ads,2024-09-01,1,0,0.0
4778,Organic/SEO,2024-09-06,2,0,0.0
4778,Content/Webinar,2024-09-10,3,0,0.0
4779,Cold Outbound,2024-05-24,1,1,5376.17
4779,Email,2024-05-27,2,1,5376.17
4779,LinkedIn Ads,2024-05-31,3,1,5376.17
4779,Cold Outbound,2024-06-05,4,1,5376.17
4779,Cold Outbound,2024-06-07,5,1,5376.17
4780,Cold Outbound,2024-06-22,1,0,0.0
4780,Content/Webinar,2024-06-23,2,0,0.0
4780,Email,2024-06-26,3,0,0.0
4781,Organic/SEO,2024-06-19,1,1,10683.77
4781,Cold Outbound,2024-06-24,2,1,10683.77
4781,Google Ads,2024-06-27,3,1,10683.77
4782,Cold Outbound,2024-10-04,1,0,0.0
4782,Organic/SEO,2024-10-04,2,0,0.0
4783,Cold Outbound,2024-09-21,1,0,0.0
4784,Cold Outbound,2024-09-07,1,0,0.0
4785,LinkedIn Ads,2024-05-23,1,1,5804.42
4785,Content/Webinar,2024-05-23,2,1,5804.42
4785,Google Ads,2024-05-26,3,1,5804.42
4785,Google Ads,2024-05-27,4,1,5804.42
4785,Organic/SEO,2024-05-29,5,1,5804.42
4786,Email,2024-09-25,1,0,0.0
4786,Organic/SEO,2024-09-30,2,0,0.0
4786,Cold Outbound,2024-10-05,3,0,0.0
4786,Email,2024-10-10,4,0,0.0
4787,Content/Webinar,2024-07-24,1,0,0.0
4787,Organic/SEO,2024-07-25,2,0,0.0
4788,Cold Outbound,2024-08-30,1,1,5440.98
4788,Organic/SEO,2024-09-01,2,1,5440.98
4789,Google Ads,2024-11-18,1,0,0.0
4789,Email,2024-11-20,2,0,0.0
4789,LinkedIn Ads,2024-11-22,3,0,0.0
4790,Organic/SEO,2024-10-25,1,0,0.0
4790,Email,2024-10-30,2,0,0.0
4790,LinkedIn Ads,2024-10-30,3,0,0.0
4791,Content/Webinar,2024-05-08,1,0,0.0
4791,Cold Outbound,2024-05-08,2,0,0.0
4792,Organic/SEO,2024-06-30,1,0,0.0
4792,Content/Webinar,2024-07-04,2,0,0.0
4793,Email,2024-06-14,1,0,0.0
4793,Organic/SEO,2024-06-19,2,0,0.0
4793,Google Ads,2024-06-19,3,0,0.0
4794,LinkedIn Ads,2024-05-10,1,0,0.0
4794,Google Ads,2024-05-10,2,0,0.0
4794,Content/Webinar,2024-05-10,3,0,0.0
4795,LinkedIn Ads,2024-04-15,1,1,6505.44
4795,Content/Webinar,2024-04-15,2,1,6505.44
4795,Content/Webinar,2024-04-15,3,1,6505.44
4795,LinkedIn Ads,2024-04-15,4,1,6505.44
4795,Google Ads,2024-04-16,5,1,6505.44
4796,Content/Webinar,2024-08-30,1,0,0.0
4796,Email,2024-09-04,2,0,0.0
4796,Content/Webinar,2024-09-06,3,0,0.0
4797,Referral,2024-03-01,1,0,0.0
4797,Content/Webinar,2024-03-06,2,0,0.0
4797,Organic/SEO,2024-03-07,3,0,0.0
4798,Cold Outbound,2024-09-05,1,0,0.0
4799,Email,2024-11-23,1,0,0.0
4800,Organic/SEO,2024-05-22,1,0,0.0
4800,Google Ads,2024-05-22,2,0,0.0
4801,Content/Webinar,2024-08-13,1,0,0.0
4801,Email,2024-08-13,2,0,0.0
4802,Google Ads,2024-09-23,1,0,0.0
4802,Google Ads,2024-09-28,2,0,0.0
4802,Email,2024-10-03,3,0,0.0
4802,Organic/SEO,2024-10-07,4,0,0.0
4803,Email,2024-08-07,1,0,0.0
4803,Content/Webinar,2024-08-12,2,0,0.0
4803,Email,2024-08-15,3,0,0.0
4804,LinkedIn Ads,2024-08-07,1,0,0.0
4804,Email,2024-08-12,2,0,0.0
4804,Referral,2024-08-17,3,0,0.0
4804,Email,2024-08-21,4,0,0.0
4805,Referral,2024-08-04,1,0,0.0
4805,Cold Outbound,2024-08-08,2,0,0.0
4805,Google Ads,2024-08-10,3,0,0.0
4805,Referral,2024-08-10,4,0,0.0
4806,Organic/SEO,2024-01-08,1,1,9578.74
4806,Google Ads,2024-01-10,2,1,9578.74
4807,Google Ads,2024-07-18,1,1,10978.53
4808,Organic/SEO,2024-07-21,1,1,5100.93
4808,Email,2024-07-21,2,1,5100.93
4809,Google Ads,2024-07-19,1,0,0.0
4809,Email,2024-07-23,2,0,0.0
4810,Google Ads,2024-05-14,1,0,0.0
4811,Organic/SEO,2024-07-15,1,0,0.0
4812,Google Ads,2024-07-23,1,0,0.0
4812,Google Ads,2024-07-25,2,0,0.0
4813,Cold Outbound,2024-01-05,1,0,0.0
4814,LinkedIn Ads,2024-01-16,1,0,0.0
4814,LinkedIn Ads,2024-01-20,2,0,0.0
4815,Google Ads,2024-07-16,1,0,0.0
4816,LinkedIn Ads,2024-08-30,1,0,0.0
4816,Content/Webinar,2024-08-30,2,0,0.0
4816,Cold Outbound,2024-09-03,3,0,0.0
4817,LinkedIn Ads,2024-07-25,1,0,0.0
4817,Organic/SEO,2024-07-29,2,0,0.0
4818,Cold Outbound,2024-04-16,1,0,0.0
4819,Cold Outbound,2024-11-11,1,0,0.0
4819,Email,2024-11-15,2,0,0.0
4820,LinkedIn Ads,2024-11-13,1,0,0.0
4820,Email,2024-11-16,2,0,0.0
4820,Google Ads,2024-11-16,3,0,0.0
4821,Content/Webinar,2024-10-23,1,0,0.0
4822,Content/Webinar,2024-01-12,1,0,0.0
4823,Content/Webinar,2024-07-23,1,0,0.0
4823,Google Ads,2024-07-25,2,0,0.0
4823,Content/Webinar,2024-07-30,3,0,0.0
4823,Content/Webinar,2024-08-01,4,0,0.0
4824,Email,2024-02-03,1,0,0.0
4824,Organic/SEO,2024-02-03,2,0,0.0
4824,Cold Outbound,2024-02-06,3,0,0.0
4825,Email,2024-09-22,1,0,0.0
4826,Cold Outbound,2024-06-16,1,0,0.0
4826,Email,2024-06-17,2,0,0.0
4826,Cold Outbound,2024-06-21,3,0,0.0
4827,LinkedIn Ads,2024-02-07,1,0,0.0
4827,Google Ads,2024-02-10,2,0,0.0
4827,LinkedIn Ads,2024-02-14,3,0,0.0
4827,Cold Outbound,2024-02-15,4,0,0.0
4827,Cold Outbound,2024-02-18,5,0,0.0
4828,LinkedIn Ads,2024-07-09,1,0,0.0
4828,Email,2024-07-13,2,0,0.0
4828,Cold Outbound,2024-07-14,3,0,0.0
4828,Google Ads,2024-07-16,4,0,0.0
4828,LinkedIn Ads,2024-07-18,5,0,0.0
4829,Google Ads,2024-05-20,1,0,0.0
4829,Cold Outbound,2024-05-24,2,0,0.0
4829,Email,2024-05-26,3,0,0.0
4829,Cold Outbound,2024-05-31,4,0,0.0
4830,Cold Outbound,2024-04-27,1,0,0.0
4830,Google Ads,2024-04-30,2,0,0.0
4830,Organic/SEO,2024-05-02,3,0,0.0
4831,Google Ads,2024-09-09,1,0,0.0
4831,Organic/SEO,2024-09-11,2,0,0.0
4832,Email,2024-09-04,1,0,0.0
4832,Organic/SEO,2024-09-06,2,0,0.0
4832,Referral,2024-09-09,3,0,0.0
4832,Content/Webinar,2024-09-10,4,0,0.0
4832,Cold Outbound,2024-09-12,5,0,0.0
4833,Cold Outbound,2024-09-15,1,0,0.0
4833,LinkedIn Ads,2024-09-19,2,0,0.0
4834,Cold Outbound,2024-03-27,1,0,0.0
4835,Organic/SEO,2024-06-30,1,0,0.0
4835,Email,2024-07-05,2,0,0.0
4835,Cold Outbound,2024-07-10,3,0,0.0
4835,Cold Outbound,2024-07-11,4,0,0.0
4836,Email,2024-03-25,1,0,0.0
4836,LinkedIn Ads,2024-03-29,2,0,0.0
4837,Cold Outbound,2024-08-14,1,0,0.0
4838,Cold Outbound,2024-11-21,1,0,0.0
4838,Organic/SEO,2024-11-25,2,0,0.0
4838,Google Ads,2024-11-29,3,0,0.0
4838,Cold Outbound,2024-12-03,4,0,0.0
4839,Google Ads,2024-01-10,1,0,0.0
4839,Referral,2024-01-15,2,0,0.0
4839,Content/Webinar,2024-01-19,3,0,0.0
4840,Email,2024-02-17,1,0,0.0
4840,Cold Outbound,2024-02-19,2,0,0.0
4840,Referral,2024-02-23,3,0,0.0
4840,Cold Outbound,2024-02-24,4,0,0.0
4840,Cold Outbound,2024-02-28,5,0,0.0
4841,Email,2024-10-29,1,0,0.0
4841,Cold Outbound,2024-10-30,2,0,0.0
4841,Google Ads,2024-11-01,3,0,0.0
4842,Cold Outbound,2024-07-25,1,0,0.0
4843,Organic/SEO,2024-10-07,1,0,0.0
4843,Organic/SEO,2024-10-09,2,0,0.0
4844,Content/Webinar,2024-11-11,1,0,0.0
4844,Content/Webinar,2024-11-12,2,0,0.0
4845,Cold Outbound,2024-08-24,1,1,7303.86
4845,LinkedIn Ads,2024-08-27,2,1,7303.86
4846,Cold Outbound,2024-09-26,1,0,0.0
4846,Google Ads,2024-09-27,2,0,0.0
4846,LinkedIn Ads,2024-09-30,3,0,0.0
4846,Organic/SEO,2024-10-05,4,0,0.0
4847,Referral,2024-01-17,1,0,0.0
4847,Organic/SEO,2024-01-17,2,0,0.0
4848,Cold Outbound,2024-02-20,1,1,5889.83
4848,Organic/SEO,2024-02-20,2,1,5889.83
4848,Organic/SEO,2024-02-21,3,1,5889.83
4848,Cold Outbound,2024-02-23,4,1,5889.83
4849,Google Ads,2024-09-03,1,0,0.0
4850,Email,2024-10-24,1,0,0.0
4851,Content/Webinar,2024-06-20,1,0,0.0
4851,LinkedIn Ads,2024-06-21,2,0,0.0
4852,Content/Webinar,2024-03-14,1,0,0.0
4852,LinkedIn Ads,2024-03-18,2,0,0.0
4852,Google Ads,2024-03-21,3,0,0.0
4852,Organic/SEO,2024-03-23,4,0,0.0
4853,LinkedIn Ads,2024-06-03,1,0,0.0
4853,Google Ads,2024-06-06,2,0,0.0
4854,Google Ads,2024-05-30,1,0,0.0
4854,Organic/SEO,2024-06-04,2,0,0.0
4855,Content/Webinar,2024-06-29,1,0,0.0
4855,LinkedIn Ads,2024-07-04,2,0,0.0
4856,Google Ads,2024-01-04,1,0,0.0
4856,Cold Outbound,2024-01-04,2,0,0.0
4857,Content/Webinar,2024-10-12,1,0,0.0
4857,Organic/SEO,2024-10-12,2,0,0.0
4857,Organic/SEO,2024-10-17,3,0,0.0
4857,Content/Webinar,2024-10-18,4,0,0.0
4857,Cold Outbound,2024-10-21,5,0,0.0
4858,Email,2024-06-14,1,1,6793.82
4858,Content/Webinar,2024-06-18,2,1,6793.82
4858,Cold Outbound,2024-06-22,3,1,6793.82
4859,LinkedIn Ads,2024-04-27,1,0,0.0
4859,Cold Outbound,2024-05-02,2,0,0.0
4859,Email,2024-05-05,3,0,0.0
4859,Cold Outbound,2024-05-08,4,0,0.0
4860,Organic/SEO,2024-09-02,1,0,0.0
4860,Cold Outbound,2024-09-05,2,0,0.0
4860,LinkedIn Ads,2024-09-09,3,0,0.0
4860,Content/Webinar,2024-09-12,4,0,0.0
4861,Content/Webinar,2024-06-15,1,0,0.0
4861,Organic/SEO,2024-06-17,2,0,0.0
4862,LinkedIn Ads,2024-09-08,1,0,0.0
4862,Organic/SEO,2024-09-13,2,0,0.0
4862,Organic/SEO,2024-09-15,3,0,0.0
4863,Email,2024-06-27,1,0,0.0
4863,Content/Webinar,2024-06-29,2,0,0.0
4863,Google Ads,2024-06-30,3,0,0.0
4863,Email,2024-07-03,4,0,0.0
4863,LinkedIn Ads,2024-07-07,5,0,0.0
4864,Email,2024-04-11,1,1,2932.02
4864,Cold Outbound,2024-04-11,2,1,2932.02
4865,LinkedIn Ads,2024-04-29,1,0,0.0
4865,LinkedIn Ads,2024-04-29,2,0,0.0
4865,Content/Webinar,2024-04-29,3,0,0.0
4866,Email,2024-09-14,1,0,0.0
4866,LinkedIn Ads,2024-09-18,2,0,0.0
4867,LinkedIn Ads,2024-07-20,1,0,0.0
4867,Organic/SEO,2024-07-20,2,0,0.0
4867,Google Ads,2024-07-24,3,0,0.0
4868,Cold Outbound,2024-08-25,1,0,0.0
4868,Email,2024-08-25,2,0,0.0
4868,Content/Webinar,2024-08-30,3,0,0.0
4869,Organic/SEO,2024-07-18,1,0,0.0
4869,Email,2024-07-21,2,0,0.0
4870,LinkedIn Ads,2024-08-22,1,1,3848.69
4870,Google Ads,2024-08-22,2,1,3848.69
4870,Cold Outbound,2024-08-24,3,1,3848.69
4871,Google Ads,2024-07-16,1,1,6443.09
4871,Cold Outbound,2024-07-17,2,1,6443.09
4871,LinkedIn Ads,2024-07-17,3,1,6443.09
4872,LinkedIn Ads,2024-08-13,1,0,0.0
4872,Google Ads,2024-08-13,2,0,0.0
4873,Google Ads,2024-10-03,1,0,0.0
4874,Organic/SEO,2024-04-10,1,0,0.0
4874,Email,2024-04-14,2,0,0.0
4875,Organic/SEO,2024-10-01,1,1,11110.16
4876,LinkedIn Ads,2024-09-04,1,0,0.0
4876,LinkedIn Ads,2024-09-06,2,0,0.0
4876,Organic/SEO,2024-09-08,3,0,0.0
4877,Organic/SEO,2024-04-16,1,1,6620.71
4877,Google Ads,2024-04-19,2,1,6620.71
4877,Content/Webinar,2024-04-20,3,1,6620.71
4878,Cold Outbound,2024-11-23,1,0,0.0
4879,Content/Webinar,2024-04-19,1,0,0.0
4880,Email,2024-06-22,1,0,0.0
4881,Cold Outbound,2024-03-02,1,0,0.0
4881,Referral,2024-03-06,2,0,0.0
4881,Google Ads,2024-03-09,3,0,0.0
4882,LinkedIn Ads,2024-10-23,1,0,0.0
4882,Cold Outbound,2024-10-25,2,0,0.0
4882,Content/Webinar,2024-10-29,3,0,0.0
4883,Cold Outbound,2024-08-05,1,0,0.0
4883,Google Ads,2024-08-10,2,0,0.0
4884,LinkedIn Ads,2024-08-20,1,0,0.0
4884,Google Ads,2024-08-20,2,0,0.0
4884,Referral,2024-08-25,3,0,0.0
4885,Content/Webinar,2024-04-23,1,0,0.0
4885,Organic/SEO,2024-04-24,2,0,0.0
4885,Organic/SEO,2024-04-24,3,0,0.0
4886,Email,2024-08-11,1,0,0.0
4886,Cold Outbound,2024-08-12,2,0,0.0
4886,Cold Outbound,2024-08-16,3,0,0.0
4887,Email,2024-04-19,1,0,0.0
4887,Content/Webinar,2024-04-23,2,0,0.0
4887,Google Ads,2024-04-28,3,0,0.0
4888,LinkedIn Ads,2024-04-26,1,1,4158.63
4888,Content/Webinar,2024-04-28,2,1,4158.63
4888,Referral,2024-05-02,3,1,4158.63
4888,Google Ads,2024-05-02,4,1,4158.63
4889,Google Ads,2024-06-15,1,0,0.0
4890,LinkedIn Ads,2024-05-22,1,0,0.0
4891,LinkedIn Ads,2024-10-16,1,0,0.0
4892,Content/Webinar,2024-08-30,1,0,0.0
4893,Google Ads,2024-07-07,1,0,0.0
4893,Content/Webinar,2024-07-12,2,0,0.0
4893,Cold Outbound,2024-07-14,3,0,0.0
4893,Google Ads,2024-07-14,4,0,0.0
4894,Referral,2024-03-26,1,0,0.0
4894,Email,2024-03-30,2,0,0.0
4894,Cold Outbound,2024-03-30,3,0,0.0
4894,Email,2024-04-02,4,0,0.0
4895,Content/Webinar,2024-02-03,1,1,8563.82
4895,Organic/SEO,2024-02-04,2,1,8563.82
4895,LinkedIn Ads,2024-02-08,3,1,8563.82
4896,Content/Webinar,2024-03-15,1,0,0.0
4896,Organic/SEO,2024-03-20,2,0,0.0
4897,Cold Outbound,2024-02-18,1,0,0.0
4897,Google Ads,2024-02-23,2,0,0.0
4898,LinkedIn Ads,2024-02-22,1,1,12349.18
4898,Content/Webinar,2024-02-24,2,1,12349.18
4898,LinkedIn Ads,2024-02-24,3,1,12349.18
4899,Organic/SEO,2024-08-02,1,0,0.0
4899,Google Ads,2024-08-04,2,0,0.0
4899,Cold Outbound,2024-08-07,3,0,0.0
4899,LinkedIn Ads,2024-08-11,4,0,0.0
4899,Cold Outbound,2024-08-12,5,0,0.0
4900,Organic/SEO,2024-10-10,1,0,0.0
4900,Google Ads,2024-10-13,2,0,0.0
4901,Email,2024-05-05,1,0,0.0
4901,Email,2024-05-08,2,0,0.0
4902,Cold Outbound,2024-01-06,1,1,4652.62
4902,LinkedIn Ads,2024-01-07,2,1,4652.62
4902,Google Ads,2024-01-08,3,1,4652.62
4902,Cold Outbound,2024-01-09,4,1,4652.62
4903,LinkedIn Ads,2024-11-08,1,0,0.0
4903,Email,2024-11-09,2,0,0.0
4904,LinkedIn Ads,2024-04-02,1,1,4658.57
4905,Organic/SEO,2024-03-31,1,0,0.0
4905,Google Ads,2024-04-02,2,0,0.0
4905,Cold Outbound,2024-04-04,3,0,0.0
4906,Content/Webinar,2024-10-04,1,0,0.0
4906,Cold Outbound,2024-10-06,2,0,0.0
4906,Google Ads,2024-10-07,3,0,0.0
4907,Content/Webinar,2024-03-30,1,0,0.0
4907,Google Ads,2024-04-04,2,0,0.0
4908,Organic/SEO,2024-04-21,1,0,0.0
4908,Organic/SEO,2024-04-23,2,0,0.0
4908,Email,2024-04-23,3,0,0.0
4908,Cold Outbound,2024-04-27,4,0,0.0
4909,Content/Webinar,2024-04-15,1,0,0.0
4910,LinkedIn Ads,2024-04-03,1,0,0.0
4910,Organic/SEO,2024-04-06,2,0,0.0
4911,Cold Outbound,2024-04-01,1,0,0.0
4911,Content/Webinar,2024-04-03,2,0,0.0
4912,Cold Outbound,2024-03-16,1,0,0.0
4913,Email,2024-05-21,1,0,0.0
4914,LinkedIn Ads,2024-06-06,1,0,0.0
4914,Content/Webinar,2024-06-06,2,0,0.0
4914,Email,2024-06-09,3,0,0.0
4914,Email,2024-06-11,4,0,0.0
4914,Organic/SEO,2024-06-12,5,0,0.0
4915,Referral,2024-05-03,1,0,0.0
4915,Referral,2024-05-08,2,0,0.0
4916,Cold Outbound,2024-08-16,1,0,0.0
4917,Organic/SEO,2024-05-08,1,0,0.0
4918,LinkedIn Ads,2024-11-20,1,0,0.0
4919,Google Ads,2024-04-29,1,0,0.0
4919,Cold Outbound,2024-05-03,2,0,0.0
4919,Google Ads,2024-05-08,3,0,0.0
4920,Organic/SEO,2024-04-17,1,0,0.0
4921,LinkedIn Ads,2024-01-24,1,0,0.0
4921,LinkedIn Ads,2024-01-25,2,0,0.0
4921,Content/Webinar,2024-01-30,3,0,0.0
4921,Google Ads,2024-02-01,4,0,0.0
4921,Referral,2024-02-06,5,0,0.0
4922,Google Ads,2024-10-24,1,0,0.0
4922,Organic/SEO,2024-10-26,2,0,0.0
4922,Content/Webinar,2024-10-29,3,0,0.0
4922,Email,2024-11-01,4,0,0.0
4922,Organic/SEO,2024-11-03,5,0,0.0
4923,Email,2024-02-07,1,0,0.0
4923,Google Ads,2024-02-10,2,0,0.0
4924,LinkedIn Ads,2024-07-06,1,0,0.0
4924,Content/Webinar,2024-07-11,2,0,0.0
4924,LinkedIn Ads,2024-07-14,3,0,0.0
4925,LinkedIn Ads,2024-03-11,1,0,0.0
4926,Cold Outbound,2024-03-20,1,0,0.0
4926,Cold Outbound,2024-03-21,2,0,0.0
4927,Cold Outbound,2024-03-14,1,0,0.0
4927,Google Ads,2024-03-17,2,0,0.0
4927,Content/Webinar,2024-03-19,3,0,0.0
4927,Content/Webinar,2024-03-21,4,0,0.0
4927,Organic/SEO,2024-03-26,5,0,0.0
4928,Cold Outbound,2024-08-20,1,1,3589.57
4929,Organic/SEO,2024-06-30,1,0,0.0
4929,Organic/SEO,2024-07-04,2,0,0.0
4929,Cold Outbound,2024-07-09,3,0,0.0
4929,Cold Outbound,2024-07-10,4,0,0.0
4930,Organic/SEO,2024-01-03,1,0,0.0
4931,Content/Webinar,2024-11-19,1,0,0.0
4931,LinkedIn Ads,2024-11-24,2,0,0.0
4931,Content/Webinar,2024-11-24,3,0,0.0
4932,Google Ads,2024-11-07,1,0,0.0
4932,Google Ads,2024-11-11,2,0,0.0
4932,Organic/SEO,2024-11-12,3,0,0.0
4932,Google Ads,2024-11-14,4,0,0.0
4933,Cold Outbound,2024-04-15,1,0,0.0
4933,Cold Outbound,2024-04-16,2,0,0.0
4933,LinkedIn Ads,2024-04-20,3,0,0.0
4933,Referral,2024-04-21,4,0,0.0
4934,Google Ads,2024-04-27,1,0,0.0
4934,LinkedIn Ads,2024-04-30,2,0,0.0
4935,Referral,2024-08-10,1,0,0.0
4936,Cold Outbound,2024-08-09,1,0,0.0
4936,Content/Webinar,2024-08-14,2,0,0.0
4937,LinkedIn Ads,2024-07-10,1,1,10296.14
4937,Content/Webinar,2024-07-14,2,1,10296.14
4938,Cold Outbound,2024-04-26,1,0,0.0
4938,Google Ads,2024-04-27,2,0,0.0
4938,Referral,2024-05-01,3,0,0.0
4939,Organic/SEO,2024-05-31,1,0,0.0
4939,Google Ads,2024-05-31,2,0,0.0
4939,Cold Outbound,2024-06-04,3,0,0.0
4940,Email,2024-06-30,1,0,0.0
4941,Referral,2024-09-21,1,0,0.0
4942,Cold Outbound,2024-09-13,1,0,0.0
4943,LinkedIn Ads,2024-02-14,1,0,0.0
4943,Organic/SEO,2024-02-18,2,0,0.0
4943,Organic/SEO,2024-02-23,3,0,0.0
4943,Cold Outbound,2024-02-26,4,0,0.0
4943,Cold Outbound,2024-02-29,5,0,0.0
4944,LinkedIn Ads,2024-05-08,1,0,0.0
4945,Email,2024-09-22,1,0,0.0
4945,Google Ads,2024-09-23,2,0,0.0
4945,Content/Webinar,2024-09-24,3,0,0.0
4946,Email,2024-02-18,1,0,0.0
4946,LinkedIn Ads,2024-02-18,2,0,0.0
4947,Content/Webinar,2024-05-25,1,0,0.0
4947,Email,2024-05-26,2,0,0.0
4947,Referral,2024-05-26,3,0,0.0
4948,Email,2024-08-11,1,0,0.0
4948,Email,2024-08-16,2,0,0.0
4948,Organic/SEO,2024-08-18,3,0,0.0
4948,Content/Webinar,2024-08-21,4,0,0.0
4949,LinkedIn Ads,2024-04-06,1,0,0.0
4949,Organic/SEO,2024-04-08,2,0,0.0
4949,Google Ads,2024-04-08,3,0,0.0
4949,Google Ads,2024-04-11,4,0,0.0
4950,Google Ads,2024-05-16,1,0,0.0
4950,Organic/SEO,2024-05-17,2,0,0.0
4951,Cold Outbound,2024-09-12,1,1,6706.18
4951,Google Ads,2024-09-13,2,1,6706.18
4951,Google Ads,2024-09-17,3,1,6706.18
4952,Organic/SEO,2024-07-14,1,0,0.0
4952,Cold Outbound,2024-07-19,2,0,0.0
4952,Email,2024-07-23,3,0,0.0
4953,LinkedIn Ads,2024-02-26,1,0,0.0
4953,Content/Webinar,2024-02-29,2,0,0.0
4953,Cold Outbound,2024-03-03,3,0,0.0
4954,Google Ads,2024-06-06,1,0,0.0
4955,Organic/SEO,2024-04-19,1,0,0.0
4955,Google Ads,2024-04-23,2,0,0.0
4955,Cold Outbound,2024-04-24,3,0,0.0
4955,Cold Outbound,2024-04-28,4,0,0.0
4956,LinkedIn Ads,2024-05-17,1,1,10906.26
4957,LinkedIn Ads,2024-07-06,1,0,0.0
4958,Organic/SEO,2024-10-02,1,0,0.0
4958,Organic/SEO,2024-10-02,2,0,0.0
4958,LinkedIn Ads,2024-10-04,3,0,0.0
4958,LinkedIn Ads,2024-10-07,4,0,0.0
4959,Organic/SEO,2024-11-14,1,1,9463.45
4959,Organic/SEO,2024-11-18,2,1,9463.45
4959,LinkedIn Ads,2024-11-23,3,1,9463.45
4960,Content/Webinar,2024-11-22,1,1,8230.7
4960,Cold Outbound,2024-11-25,2,1,8230.7
4960,LinkedIn Ads,2024-11-30,3,1,8230.7
4960,Google Ads,2024-12-01,4,1,8230.7
4960,Email,2024-12-06,5,1,8230.7
4961,Organic/SEO,2024-08-15,1,0,0.0
4962,Organic/SEO,2024-07-02,1,1,5350.49
4962,Organic/SEO,2024-07-03,2,1,5350.49
4963,Organic/SEO,2024-03-20,1,0,0.0
4963,Cold Outbound,2024-03-24,2,0,0.0
4963,Organic/SEO,2024-03-25,3,0,0.0
4963,LinkedIn Ads,2024-03-30,4,0,0.0
4964,Email,2024-01-06,1,0,0.0
4964,Email,2024-01-08,2,0,0.0
4965,Organic/SEO,2024-09-15,1,0,0.0
4966,Content/Webinar,2024-01-08,1,0,0.0
4966,Email,2024-01-12,2,0,0.0
4966,LinkedIn Ads,2024-01-13,3,0,0.0
4966,Cold Outbound,2024-01-17,4,0,0.0
4966,Content/Webinar,2024-01-18,5,0,0.0
4967,Organic/SEO,2024-04-12,1,0,0.0
4967,Organic/SEO,2024-04-12,2,0,0.0
4968,Google Ads,2024-04-19,1,1,11943.92
4968,Cold Outbound,2024-04-21,2,1,11943.92
4968,LinkedIn Ads,2024-04-23,3,1,11943.92
4969,Email,2024-03-23,1,0,0.0
4970,Google Ads,2024-08-10,1,0,0.0
4971,Google Ads,2024-07-06,1,0,0.0
4971,Google Ads,2024-07-09,2,0,0.0
4971,Content/Webinar,2024-07-13,3,0,0.0
4972,Content/Webinar,2024-03-21,1,0,0.0
4972,LinkedIn Ads,2024-03-25,2,0,0.0
4972,Organic/SEO,2024-03-27,3,0,0.0
4972,LinkedIn Ads,2024-03-31,4,0,0.0
4972,LinkedIn Ads,2024-04-03,5,0,0.0
4973,Cold Outbound,2024-05-29,1,0,0.0
4973,Organic/SEO,2024-05-29,2,0,0.0
4973,Cold Outbound,2024-06-03,3,0,0.0
4973,Email,2024-06-05,4,0,0.0
4974,Content/Webinar,2024-07-03,1,0,0.0
4974,LinkedIn Ads,2024-07-04,2,0,0.0
4974,Organic/SEO,2024-07-09,3,0,0.0
4975,Google Ads,2024-10-18,1,0,0.0
4975,Cold Outbound,2024-10-18,2,0,0.0
4976,Email,2024-05-27,1,0,0.0
4976,Organic/SEO,2024-05-27,2,0,0.0
4976,Content/Webinar,2024-06-01,3,0,0.0
4976,Content/Webinar,2024-06-06,4,0,0.0
4976,Cold Outbound,2024-06-09,5,0,0.0
4977,LinkedIn Ads,2024-11-21,1,0,0.0
4977,Google Ads,2024-11-21,2,0,0.0
4977,Cold Outbound,2024-11-24,3,0,0.0
4977,Organic/SEO,2024-11-28,4,0,0.0
4978,Email,2024-11-19,1,0,0.0
4979,Cold Outbound,2024-08-16,1,0,0.0
4979,LinkedIn Ads,2024-08-21,2,0,0.0
4979,Google Ads,2024-08-21,3,0,0.0
4979,Google Ads,2024-08-22,4,0,0.0
4980,Cold Outbound,2024-05-21,1,0,0.0
4980,Content/Webinar,2024-05-23,2,0,0.0
4980,Cold Outbound,2024-05-23,3,0,0.0
4980,Google Ads,2024-05-26,4,0,0.0
4981,Google Ads,2024-05-07,1,0,0.0
4981,LinkedIn Ads,2024-05-12,2,0,0.0
4982,Cold Outbound,2024-07-15,1,0,0.0
4982,Email,2024-07-16,2,0,0.0
4983,LinkedIn Ads,2024-03-04,1,0,0.0
4983,Google Ads,2024-03-09,2,0,0.0
4983,Organic/SEO,2024-03-12,3,0,0.0
4984,Google Ads,2024-10-13,1,0,0.0
4984,Google Ads,2024-10-17,2,0,0.0
4985,Email,2024-02-19,1,0,0.0
4985,Email,2024-02-21,2,0,0.0
4985,LinkedIn Ads,2024-02-22,3,0,0.0
4986,Content/Webinar,2024-01-09,1,0,0.0
4986,Organic/SEO,2024-01-09,2,0,0.0
4986,Google Ads,2024-01-12,3,0,0.0
4987,Cold Outbound,2024-03-27,1,0,0.0
4987,Content/Webinar,2024-03-30,2,0,0.0
4988,Cold Outbound,2024-10-24,1,1,7203.53
4988,Cold Outbound,2024-10-25,2,1,7203.53
4989,Cold Outbound,2024-09-20,1,0,0.0
4990,LinkedIn Ads,2024-04-02,1,0,0.0
4991,Cold Outbound,2024-04-21,1,0,0.0
4991,Organic/SEO,2024-04-24,2,0,0.0
4992,Organic/SEO,2024-06-20,1,0,0.0
4992,Google Ads,2024-06-25,2,0,0.0
4992,Google Ads,2024-06-28,3,0,0.0
4993,Content/Webinar,2024-11-01,1,0,0.0
4994,Cold Outbound,2024-09-27,1,0,0.0
4995,LinkedIn Ads,2024-11-17,1,0,0.0
4996,Organic/SEO,2024-11-05,1,0,0.0
4996,Cold Outbound,2024-11-09,2,0,0.0
4997,Google Ads,2024-08-10,1,0,0.0
4998,Cold Outbound,2024-01-06,1,0,0.0
4998,Google Ads,2024-01-09,2,0,0.0
4999,Organic/SEO,2024-10-24,1,0,0.0
4999,Google Ads,2024-10-26,2,0,0.0
5000,Organic/SEO,2024-07-16,1,0,0.0
5000,Email,2024-07-20,2,0,0.0
5001,Cold Outbound,2024-02-11,1,0,0.0
5001,LinkedIn Ads,2024-02-15,2,0,0.0
5002,LinkedIn Ads,2024-10-29,1,0,0.0
5003,LinkedIn Ads,2024-05-23,1,0,0.0
5003,Content/Webinar,2024-05-23,2,0,0.0
5003,Organic/SEO,2024-05-23,3,0,0.0
5003,Google Ads,2024-05-25,4,0,0.0
5004,Google Ads,2024-07-15,1,0,0.0
5005,Content/Webinar,2024-08-12,1,0,0.0
5006,Email,2024-08-19,1,0,0.0
5006,Cold Outbound,2024-08-19,2,0,0.0
5006,Content/Webinar,2024-08-20,3,0,0.0
5007,Google Ads,2024-03-06,1,0,0.0
5007,Organic/SEO,2024-03-08,2,0,0.0
5008,Organic/SEO,2024-09-15,1,1,7926.38
5008,Google Ads,2024-09-16,2,1,7926.38
5009,Google Ads,2024-03-26,1,0,0.0
5009,Organic/SEO,2024-03-30,2,0,0.0
5010,Email,2024-03-16,1,0,0.0
5010,Email,2024-03-21,2,0,0.0
5010,Content/Webinar,2024-03-23,3,0,0.0
5011,LinkedIn Ads,2024-04-27,1,0,0.0
5012,LinkedIn Ads,2024-01-07,1,0,0.0
5012,Content/Webinar,2024-01-07,2,0,0.0
5012,Email,2024-01-07,3,0,0.0
5013,Organic/SEO,2024-09-06,1,0,0.0
5013,Email,2024-09-11,2,0,0.0
5013,LinkedIn Ads,2024-09-11,3,0,0.0
5014,Content/Webinar,2024-02-10,1,0,0.0
5015,Content/Webinar,2024-09-18,1,0,0.0
5015,Cold Outbound,2024-09-23,2,0,0.0
5015,Email,2024-09-24,3,0,0.0
5016,Email,2024-03-14,1,0,0.0
5016,LinkedIn Ads,2024-03-17,2,0,0.0
5016,Cold Outbound,2024-03-20,3,0,0.0
5017,Google Ads,2024-04-03,1,0,0.0
5018,Google Ads,2024-07-19,1,1,4425.85
5018,Cold Outbound,2024-07-24,2,1,4425.85
5018,Organic/SEO,2024-07-24,3,1,4425.85
5019,Email,2024-02-10,1,0,0.0
5019,Email,2024-02-15,2,0,0.0
5019,Cold Outbound,2024-02-20,3,0,0.0
5020,Email,2024-06-28,1,0,0.0
5021,Google Ads,2024-11-23,1,0,0.0
5022,Email,2024-05-26,1,0,0.0
5022,Email,2024-05-29,2,0,0.0
5022,Organic/SEO,2024-05-29,3,0,0.0
5023,Content/Webinar,2024-10-23,1,0,0.0
5023,Cold Outbound,2024-10-27,2,0,0.0
5024,LinkedIn Ads,2024-03-16,1,0,0.0
5024,Organic/SEO,2024-03-18,2,0,0.0
5024,LinkedIn Ads,2024-03-23,3,0,0.0
5024,Email,2024-03-28,4,0,0.0
5025,Content/Webinar,2024-06-03,1,1,13981.99
5026,Google Ads,2024-10-21,1,0,0.0
5027,Organic/SEO,2024-05-01,1,1,4395.4
5028,LinkedIn Ads,2024-02-14,1,0,0.0
5028,Organic/SEO,2024-02-18,2,0,0.0
5028,Google Ads,2024-02-22,3,0,0.0
5029,Email,2024-04-06,1,0,0.0
5029,Cold Outbound,2024-04-11,2,0,0.0
5030,Google Ads,2024-05-07,1,0,0.0
5030,Cold Outbound,2024-05-08,2,0,0.0
5030,LinkedIn Ads,2024-05-11,3,0,0.0
5031,Content/Webinar,2024-11-24,1,0,0.0
5032,Google Ads,2024-06-07,1,0,0.0
5032,Content/Webinar,2024-06-08,2,0,0.0
5033,LinkedIn Ads,2024-05-25,1,0,0.0
5033,Content/Webinar,2024-05-27,2,0,0.0
5033,Organic/SEO,2024-05-28,3,0,0.0
5033,Organic/SEO,2024-06-02,4,0,0.0
5033,Cold Outbound,2024-06-04,5,0,0.0
5034,Cold Outbound,2024-10-13,1,1,7136.78
5035,Email,2024-11-03,1,0,0.0
5035,Email,2024-11-05,2,0,0.0
5036,Organic/SEO,2024-05-14,1,0,0.0
5036,LinkedIn Ads,2024-05-16,2,0,0.0
5037,Google Ads,2024-08-09,1,0,0.0
5037,Cold Outbound,2024-08-09,2,0,0.0
5037,Email,2024-08-13,3,0,0.0
5037,Content/Webinar,2024-08-18,4,0,0.0
5038,Email,2024-03-23,1,0,0.0
5038,Referral,2024-03-25,2,0,0.0
5038,LinkedIn Ads,2024-03-30,3,0,0.0
5038,LinkedIn Ads,2024-04-04,4,0,0.0
5039,Google Ads,2024-11-04,1,0,0.0
5039,Email,2024-11-09,2,0,0.0
5040,Email,2024-05-30,1,0,0.0
5040,Content/Webinar,2024-06-01,2,0,0.0
5040,Google Ads,2024-06-03,3,0,0.0
5041,Organic/SEO,2024-07-30,1,0,0.0
5042,LinkedIn Ads,2024-08-09,1,0,0.0
5042,Referral,2024-08-10,2,0,0.0
5043,LinkedIn Ads,2024-11-13,1,0,0.0
5043,LinkedIn Ads,2024-11-17,2,0,0.0
5043,LinkedIn Ads,2024-11-17,3,0,0.0
5043,Google Ads,2024-11-18,4,0,0.0
5044,Referral,2024-01-30,1,1,12762.95
5045,Content/Webinar,2024-01-25,1,1,4420.18
5046,Cold Outbound,2024-04-09,1,0,0.0
5046,LinkedIn Ads,2024-04-09,2,0,0.0
5047,Organic/SEO,2024-11-26,1,0,0.0
5047,Email,2024-11-28,2,0,0.0
5048,LinkedIn Ads,2024-07-20,1,0,0.0
5048,Content/Webinar,2024-07-25,2,0,0.0
5048,Content/Webinar,2024-07-29,3,0,0.0
5049,LinkedIn Ads,2024-08-19,1,1,3499.77
5049,Content/Webinar,2024-08-19,2,1,3499.77
5049,Google Ads,2024-08-22,3,1,3499.77
5049,Organic/SEO,2024-08-25,4,1,3499.77
5050,LinkedIn Ads,2024-05-13,1,0,0.0
5050,Organic/SEO,2024-05-16,2,0,0.0
5051,Google Ads,2024-02-05,1,1,9021.05
5051,Google Ads,2024-02-08,2,1,9021.05
5051,Email,2024-02-09,3,1,9021.05
5051,Email,2024-02-11,4,1,9021.05
5052,Referral,2024-02-15,1,0,0.0
5052,LinkedIn Ads,2024-02-17,2,0,0.0
5053,Cold Outbound,2024-03-27,1,0,0.0
5053,Google Ads,2024-03-29,2,0,0.0
5053,Cold Outbound,2024-03-30,3,0,0.0
5054,Email,2024-01-06,1,0,0.0
5054,Google Ads,2024-01-06,2,0,0.0
5054,Cold Outbound,2024-01-10,3,0,0.0
5054,Google Ads,2024-01-11,4,0,0.0
5055,Referral,2024-08-24,1,0,0.0
5055,Email,2024-08-28,2,0,0.0
5055,Organic/SEO,2024-09-02,3,0,0.0
5055,Email,2024-09-05,4,0,0.0
5056,LinkedIn Ads,2024-08-05,1,0,0.0
5056,Google Ads,2024-08-05,2,0,0.0
5056,Content/Webinar,2024-08-06,3,0,0.0
5057,Email,2024-10-02,1,0,0.0
5058,LinkedIn Ads,2024-01-29,1,0,0.0
5059,Cold Outbound,2024-02-06,1,0,0.0
5059,Google Ads,2024-02-07,2,0,0.0
5060,Cold Outbound,2024-09-28,1,0,0.0
5061,Cold Outbound,2024-04-23,1,0,0.0
5061,LinkedIn Ads,2024-04-23,2,0,0.0
5061,LinkedIn Ads,2024-04-26,3,0,0.0
5061,Google Ads,2024-04-30,4,0,0.0
5062,Email,2024-07-22,1,0,0.0
5062,Google Ads,2024-07-27,2,0,0.0
5063,Google Ads,2024-04-13,1,0,0.0
5063,Cold Outbound,2024-04-16,2,0,0.0
5064,Email,2024-11-21,1,0,0.0
5065,Email,2024-10-23,1,0,0.0
5065,Email,2024-10-27,2,0,0.0
5066,Google Ads,2024-05-14,1,0,0.0
5066,Email,2024-05-19,2,0,0.0
5067,Email,2024-10-17,1,0,0.0
5068,Google Ads,2024-03-17,1,0,0.0
5068,Email,2024-03-22,2,0,0.0
5068,Organic/SEO,2024-03-25,3,0,0.0
5069,Google Ads,2024-05-22,1,0,0.0
5069,Organic/SEO,2024-05-27,2,0,0.0
5069,Organic/SEO,2024-06-01,3,0,0.0
5069,Referral,2024-06-06,4,0,0.0
5070,Content/Webinar,2024-10-04,1,0,0.0
5070,Content/Webinar,2024-10-09,2,0,0.0
5070,Content/Webinar,2024-10-09,3,0,0.0
5070,Cold Outbound,2024-10-09,4,0,0.0
5071,LinkedIn Ads,2024-01-23,1,0,0.0
5071,Organic/SEO,2024-01-25,2,0,0.0
5072,Cold Outbound,2024-09-25,1,0,0.0
5073,Content/Webinar,2024-10-21,1,0,0.0
5073,Cold Outbound,2024-10-25,2,0,0.0
5073,LinkedIn Ads,2024-10-26,3,0,0.0
5073,Referral,2024-10-27,4,0,0.0
5074,LinkedIn Ads,2024-06-01,1,0,0.0
5074,Referral,2024-06-01,2,0,0.0
5074,Cold Outbound,2024-06-06,3,0,0.0
5075,LinkedIn Ads,2024-10-03,1,0,0.0
5076,Content/Webinar,2024-11-04,1,0,0.0
5076,Organic/SEO,2024-11-04,2,0,0.0
5076,Content/Webinar,2024-11-05,3,0,0.0
5076,Google Ads,2024-11-05,4,0,0.0
5077,Email,2024-04-18,1,0,0.0
5077,Google Ads,2024-04-23,2,0,0.0
5077,Content/Webinar,2024-04-28,3,0,0.0
5077,Google Ads,2024-05-02,4,0,0.0
5077,LinkedIn Ads,2024-05-07,5,0,0.0
5078,Organic/SEO,2024-02-10,1,0,0.0
5079,Cold Outbound,2024-08-02,1,0,0.0
5079,Referral,2024-08-07,2,0,0.0
5080,Content/Webinar,2024-02-26,1,0,0.0
5080,Cold Outbound,2024-02-27,2,0,0.0
5080,Cold Outbound,2024-03-03,3,0,0.0
5081,Email,2024-11-09,1,0,0.0
5082,Cold Outbound,2024-03-11,1,0,0.0
5082,Cold Outbound,2024-03-12,2,0,0.0
5083,Email,2024-03-13,1,0,0.0
5083,Google Ads,2024-03-16,2,0,0.0
5084,Cold Outbound,2024-02-03,1,0,0.0
5084,Email,2024-02-05,2,0,0.0
5085,Google Ads,2024-08-28,1,0,0.0
5085,Email,2024-08-30,2,0,0.0
5085,Google Ads,2024-09-04,3,0,0.0
5085,Google Ads,2024-09-04,4,0,0.0
5086,Cold Outbound,2024-03-22,1,0,0.0
5086,Google Ads,2024-03-22,2,0,0.0
5087,Email,2024-06-30,1,0,0.0
5087,Referral,2024-07-05,2,0,0.0
5088,Email,2024-03-21,1,0,0.0
5088,Cold Outbound,2024-03-21,2,0,0.0
5088,Google Ads,2024-03-23,3,0,0.0
5088,LinkedIn Ads,2024-03-24,4,0,0.0
5089,Google Ads,2024-06-14,1,0,0.0
5089,Cold Outbound,2024-06-16,2,0,0.0
5089,LinkedIn Ads,2024-06-17,3,0,0.0
5089,Content/Webinar,2024-06-17,4,0,0.0
5090,Organic/SEO,2024-01-23,1,0,0.0
5091,Referral,2024-06-19,1,0,0.0
5091,Google Ads,2024-06-22,2,0,0.0
5092,Organic/SEO,2024-01-12,1,0,0.0
5092,Email,2024-01-14,2,0,0.0
5092,Referral,2024-01-15,3,0,0.0
5093,Content/Webinar,2024-01-23,1,0,0.0
5094,Cold Outbound,2024-08-12,1,0,0.0
5094,LinkedIn Ads,2024-08-12,2,0,0.0
5094,Email,2024-08-16,3,0,0.0
5094,LinkedIn Ads,2024-08-18,4,0,0.0
5095,Email,2024-06-07,1,0,0.0
5095,Google Ads,2024-06-07,2,0,0.0
5095,Content/Webinar,2024-06-12,3,0,0.0
5096,Google Ads,2024-04-02,1,1,9480.67
5096,Content/Webinar,2024-04-03,2,1,9480.67
5096,Google Ads,2024-04-06,3,1,9480.67
5097,Content/Webinar,2024-05-06,1,0,0.0
5097,Cold Outbound,2024-05-07,2,0,0.0
5097,Cold Outbound,2024-05-12,3,0,0.0
5097,Content/Webinar,2024-05-15,4,0,0.0
5098,Cold Outbound,2024-01-02,1,0,0.0
5098,Email,2024-01-07,2,0,0.0
5099,Google Ads,2024-04-30,1,1,4450.05
5099,Google Ads,2024-04-30,2,1,4450.05
5099,Google Ads,2024-04-30,3,1,4450.05
5100,Cold Outbound,2024-01-01,1,0,0.0
5101,Cold Outbound,2024-05-11,1,1,2499.78
5102,Content/Webinar,2024-01-14,1,0,0.0
5102,Google Ads,2024-01-14,2,0,0.0
5102,Email,2024-01-14,3,0,0.0
5102,Google Ads,2024-01-16,4,0,0.0
5103,Cold Outbound,2024-01-16,1,0,0.0
5103,Organic/SEO,2024-01-16,2,0,0.0
5103,Google Ads,2024-01-16,3,0,0.0
5104,Content/Webinar,2024-09-21,1,0,0.0
5105,Google Ads,2024-10-01,1,0,0.0
5105,LinkedIn Ads,2024-10-06,2,0,0.0
5105,Google Ads,2024-10-07,3,0,0.0
5105,Organic/SEO,2024-10-12,4,0,0.0
5106,Cold Outbound,2024-07-08,1,0,0.0
5106,Content/Webinar,2024-07-10,2,0,0.0
5106,Cold Outbound,2024-07-13,3,0,0.0
5106,Organic/SEO,2024-07-15,4,0,0.0
5107,LinkedIn Ads,2024-03-22,1,0,0.0
5107,Content/Webinar,2024-03-24,2,0,0.0
5108,LinkedIn Ads,2024-03-18,1,0,0.0
5108,Google Ads,2024-03-22,2,0,0.0
5108,Google Ads,2024-03-25,3,0,0.0
5109,Content/Webinar,2024-03-21,1,0,0.0
5109,Cold Outbound,2024-03-23,2,0,0.0
5110,Google Ads,2024-01-31,1,0,0.0
5111,Cold Outbound,2024-04-23,1,0,0.0
5111,Referral,2024-04-23,2,0,0.0
5111,Referral,2024-04-26,3,0,0.0
5111,Google Ads,2024-04-26,4,0,0.0
5112,Referral,2024-10-03,1,0,0.0
5112,LinkedIn Ads,2024-10-07,2,0,0.0
5112,Content/Webinar,2024-10-09,3,0,0.0
5113,Cold Outbound,2024-01-10,1,1,6319.33
5114,Cold Outbound,2024-01-05,1,0,0.0
5114,Organic/SEO,2024-01-10,2,0,0.0
5115,Organic/SEO,2024-06-01,1,0,0.0
5116,Cold Outbound,2024-11-16,1,0,0.0
5116,Email,2024-11-20,2,0,0.0
5116,Organic/SEO,2024-11-23,3,0,0.0
5116,Email,2024-11-25,4,0,0.0
5117,Cold Outbound,2024-06-14,1,1,5328.88
5117,Content/Webinar,2024-06-14,2,1,5328.88
5118,Cold Outbound,2024-05-26,1,0,0.0
5118,Email,2024-05-29,2,0,0.0
5119,LinkedIn Ads,2024-04-01,1,0,0.0
5119,Organic/SEO,2024-04-05,2,0,0.0
5119,Email,2024-04-06,3,0,0.0
5120,Google Ads,2024-09-13,1,0,0.0
5121,Cold Outbound,2024-10-24,1,0,0.0
5122,Cold Outbound,2024-06-08,1,0,0.0
5122,Google Ads,2024-06-10,2,0,0.0
5122,Google Ads,2024-06-12,3,0,0.0
5123,LinkedIn Ads,2024-11-08,1,1,9221.19
5124,Google Ads,2024-05-27,1,0,0.0
5125,Organic/SEO,2024-05-31,1,0,0.0
5125,Email,2024-05-31,2,0,0.0
5125,LinkedIn Ads,2024-06-03,3,0,0.0
5126,LinkedIn Ads,2024-02-02,1,0,0.0
5126,Cold Outbound,2024-02-06,2,0,0.0
5127,Cold Outbound,2024-07-13,1,0,0.0
5127,Email,2024-07-14,2,0,0.0
5128,LinkedIn Ads,2024-09-23,1,0,0.0
5129,Cold Outbound,2024-11-26,1,0,0.0
5129,Cold Outbound,2024-11-28,2,0,0.0
5129,Cold Outbound,2024-12-03,3,0,0.0
5130,Content/Webinar,2024-05-04,1,0,0.0
5131,Cold Outbound,2024-01-15,1,0,0.0
5131,Cold Outbound,2024-01-18,2,0,0.0
5131,Cold Outbound,2024-01-21,3,0,0.0
5131,LinkedIn Ads,2024-01-22,4,0,0.0
5131,Email,2024-01-22,5,0,0.0
5132,Organic/SEO,2024-01-12,1,0,0.0
5132,Google Ads,2024-01-16,2,0,0.0
5132,LinkedIn Ads,2024-01-16,3,0,0.0
5133,Organic/SEO,2024-10-05,1,0,0.0
5133,Email,2024-10-06,2,0,0.0
5133,LinkedIn Ads,2024-10-11,3,0,0.0
5133,Cold Outbound,2024-10-13,4,0,0.0
5134,Cold Outbound,2024-01-06,1,0,0.0
5134,Organic/SEO,2024-01-11,2,0,0.0
5134,Organic/SEO,2024-01-16,3,0,0.0
5134,LinkedIn Ads,2024-01-17,4,0,0.0
5135,Email,2024-04-15,1,1,4480.68
5135,Google Ads,2024-04-15,2,1,4480.68
5135,Cold Outbound,2024-04-16,3,1,4480.68
5135,Email,2024-04-17,4,1,4480.68
5135,Organic/SEO,2024-04-20,5,1,4480.68
5136,LinkedIn Ads,2024-04-02,1,0,0.0
5137,Cold Outbound,2024-10-08,1,0,0.0
5137,Google Ads,2024-10-09,2,0,0.0
5137,Google Ads,2024-10-09,3,0,0.0
5138,LinkedIn Ads,2024-08-12,1,0,0.0
5139,Cold Outbound,2024-11-12,1,0,0.0
5140,Content/Webinar,2024-08-04,1,0,0.0
5140,LinkedIn Ads,2024-08-07,2,0,0.0
5140,Email,2024-08-07,3,0,0.0
5141,Cold Outbound,2024-08-10,1,0,0.0
5142,Cold Outbound,2024-09-24,1,0,0.0
5143,Content/Webinar,2024-06-03,1,0,0.0
5143,Organic/SEO,2024-06-08,2,0,0.0
5144,Google Ads,2024-09-10,1,1,9964.43
5144,Cold Outbound,2024-09-15,2,1,9964.43
5144,Cold Outbound,2024-09-20,3,1,9964.43
5144,Google Ads,2024-09-20,4,1,9964.43
5144,LinkedIn Ads,2024-09-22,5,1,9964.43
5145,Google Ads,2024-11-25,1,0,0.0
5146,Content/Webinar,2024-11-28,1,0,0.0
5147,LinkedIn Ads,2024-01-02,1,0,0.0
5148,Email,2024-09-17,1,0,0.0
5148,Organic/SEO,2024-09-20,2,0,0.0
5148,Google Ads,2024-09-22,3,0,0.0
5149,Email,2024-07-09,1,1,12528.44
5149,Organic/SEO,2024-07-10,2,1,12528.44
5149,LinkedIn Ads,2024-07-10,3,1,12528.44
5150,Referral,2024-09-01,1,0,0.0
5150,Content/Webinar,2024-09-06,2,0,0.0
5151,Cold Outbound,2024-11-10,1,0,0.0
5151,Email,2024-11-10,2,0,0.0
5151,LinkedIn Ads,2024-11-13,3,0,0.0
5152,Cold Outbound,2024-11-06,1,1,6706.74
5152,Google Ads,2024-11-11,2,1,6706.74
5153,Cold Outbound,2024-07-17,1,0,0.0
5154,Organic/SEO,2024-03-19,1,0,0.0
5155,Organic/SEO,2024-07-03,1,0,0.0
5155,Cold Outbound,2024-07-08,2,0,0.0
5155,Google Ads,2024-07-12,3,0,0.0
5156,Content/Webinar,2024-08-13,1,1,5603.3
5156,LinkedIn Ads,2024-08-18,2,1,5603.3
5156,Cold Outbound,2024-08-18,3,1,5603.3
5157,Email,2024-05-22,1,0,0.0
5157,Cold Outbound,2024-05-27,2,0,0.0
5157,Email,2024-05-27,3,0,0.0
5157,LinkedIn Ads,2024-05-29,4,0,0.0
5158,Organic/SEO,2024-11-15,1,0,0.0
5158,Content/Webinar,2024-11-20,2,0,0.0
5158,Cold Outbound,2024-11-24,3,0,0.0
5158,LinkedIn Ads,2024-11-27,4,0,0.0
5158,Cold Outbound,2024-11-29,5,0,0.0
5159,Email,2024-06-05,1,0,0.0
5160,Cold Outbound,2024-05-18,1,0,0.0
5160,Cold Outbound,2024-05-21,2,0,0.0
5160,Referral,2024-05-21,3,0,0.0
5160,LinkedIn Ads,2024-05-26,4,0,0.0
5160,Organic/SEO,2024-05-30,5,0,0.0
5161,LinkedIn Ads,2024-10-18,1,0,0.0
5161,Organic/SEO,2024-10-23,2,0,0.0
5162,LinkedIn Ads,2024-07-03,1,0,0.0
5162,Google Ads,2024-07-06,2,0,0.0
5162,Cold Outbound,2024-07-09,3,0,0.0
5162,Organic/SEO,2024-07-10,4,0,0.0
5163,Google Ads,2024-10-08,1,0,0.0
5164,Content/Webinar,2024-03-03,1,0,0.0
5165,Organic/SEO,2024-07-13,1,0,0.0
5165,Referral,2024-07-18,2,0,0.0
5165,Google Ads,2024-07-18,3,0,0.0
5166,Email,2024-09-03,1,0,0.0
5167,Content/Webinar,2024-06-10,1,0,0.0
5167,Organic/SEO,2024-06-12,2,0,0.0
5167,Cold Outbound,2024-06-13,3,0,0.0
5168,Google Ads,2024-03-09,1,0,0.0
5169,Google Ads,2024-09-02,1,1,6683.74
5170,Organic/SEO,2024-05-23,1,0,0.0
5170,Email,2024-05-25,2,0,0.0
5170,Google Ads,2024-05-29,3,0,0.0
5170,Google Ads,2024-05-31,4,0,0.0
5171,Email,2024-04-28,1,0,0.0
5171,Organic/SEO,2024-04-29,2,0,0.0
5172,LinkedIn Ads,2024-05-23,1,0,0.0
5172,Google Ads,2024-05-28,2,0,0.0
5173,Content/Webinar,2024-01-04,1,0,0.0
5173,Google Ads,2024-01-09,2,0,0.0
5173,LinkedIn Ads,2024-01-13,3,0,0.0
5174,Google Ads,2024-11-19,1,0,0.0
5174,Google Ads,2024-11-22,2,0,0.0
5174,LinkedIn Ads,2024-11-26,3,0,0.0
5174,Email,2024-11-28,4,0,0.0
5175,Organic/SEO,2024-01-08,1,0,0.0
5176,Cold Outbound,2024-03-03,1,0,0.0
5176,Google Ads,2024-03-08,2,0,0.0
5176,Google Ads,2024-03-09,3,0,0.0
5177,Google Ads,2024-06-27,1,0,0.0
5177,Google Ads,2024-07-02,2,0,0.0
5177,LinkedIn Ads,2024-07-05,3,0,0.0
5177,LinkedIn Ads,2024-07-05,4,0,0.0
5178,Organic/SEO,2024-08-21,1,0,0.0
5179,Email,2024-11-03,1,0,0.0
5180,LinkedIn Ads,2024-02-18,1,1,7693.72
5180,Google Ads,2024-02-23,2,1,7693.72
5180,Referral,2024-02-23,3,1,7693.72
5180,Organic/SEO,2024-02-23,4,1,7693.72
5181,Google Ads,2024-01-02,1,0,0.0
5182,Cold Outbound,2024-11-26,1,0,0.0
5183,Google Ads,2024-06-18,1,0,0.0
5183,LinkedIn Ads,2024-06-23,2,0,0.0
5184,Cold Outbound,2024-11-06,1,0,0.0
5184,Google Ads,2024-11-09,2,0,0.0
5185,Google Ads,2024-11-17,1,0,0.0
5185,Email,2024-11-17,2,0,0.0
5186,Google Ads,2024-02-12,1,0,0.0
5187,Content/Webinar,2024-11-11,1,0,0.0
5187,LinkedIn Ads,2024-11-13,2,0,0.0
5187,Email,2024-11-18,3,0,0.0
5187,LinkedIn Ads,2024-11-21,4,0,0.0
5187,Content/Webinar,2024-11-25,5,0,0.0
5188,Email,2024-04-14,1,0,0.0
5189,Organic/SEO,2024-01-07,1,0,0.0
5190,Email,2024-11-07,1,0,0.0
5190,Google Ads,2024-11-08,2,0,0.0
5191,Email,2024-07-22,1,1,5465.4
5191,LinkedIn Ads,2024-07-25,2,1,5465.4
5191,Cold Outbound,2024-07-30,3,1,5465.4
5191,Content/Webinar,2024-08-04,4,1,5465.4
5191,Cold Outbound,2024-08-09,5,1,5465.4
5192,Email,2024-10-16,1,1,5334.53
5192,LinkedIn Ads,2024-10-21,2,1,5334.53
5192,Organic/SEO,2024-10-25,3,1,5334.53
5192,Content/Webinar,2024-10-30,4,1,5334.53
5193,Content/Webinar,2024-07-16,1,1,5409.89
5193,Google Ads,2024-07-18,2,1,5409.89
5193,Google Ads,2024-07-18,3,1,5409.89
5194,Content/Webinar,2024-09-08,1,0,0.0
5194,Organic/SEO,2024-09-08,2,0,0.0
5194,Google Ads,2024-09-10,3,0,0.0
5194,Organic/SEO,2024-09-14,4,0,0.0
5195,Referral,2024-10-05,1,0,0.0
5195,Google Ads,2024-10-06,2,0,0.0
5196,Google Ads,2024-04-28,1,0,0.0
5197,Google Ads,2024-01-04,1,0,0.0
5197,Organic/SEO,2024-01-06,2,0,0.0
5197,Email,2024-01-08,3,0,0.0
5198,LinkedIn Ads,2024-03-21,1,0,0.0
5198,Cold Outbound,2024-03-21,2,0,0.0
5198,Google Ads,2024-03-23,3,0,0.0
5199,Email,2024-04-16,1,0,0.0
5199,Organic/SEO,2024-04-20,2,0,0.0
5199,LinkedIn Ads,2024-04-25,3,0,0.0
5200,Email,2024-04-29,1,0,0.0
5201,Google Ads,2024-02-07,1,0,0.0
5201,Organic/SEO,2024-02-10,2,0,0.0
5201,Cold Outbound,2024-02-12,3,0,0.0
5202,LinkedIn Ads,2024-02-17,1,0,0.0
5202,Organic/SEO,2024-02-19,2,0,0.0
5202,Cold Outbound,2024-02-19,3,0,0.0
5203,Cold Outbound,2024-07-01,1,0,0.0
5203,Google Ads,2024-07-06,2,0,0.0
5203,Referral,2024-07-07,3,0,0.0
5203,Email,2024-07-11,4,0,0.0
5204,Cold Outbound,2024-07-29,1,0,0.0
5205,Email,2024-03-17,1,0,0.0
5205,Google Ads,2024-03-21,2,0,0.0
5205,LinkedIn Ads,2024-03-21,3,0,0.0
5205,Cold Outbound,2024-03-24,4,0,0.0
5206,Cold Outbound,2024-02-02,1,0,0.0
5206,Email,2024-02-04,2,0,0.0
5206,Google Ads,2024-02-05,3,0,0.0
5206,Email,2024-02-07,4,0,0.0
5207,Organic/SEO,2024-01-09,1,0,0.0
5208,Organic/SEO,2024-04-20,1,1,11096.52
5208,Cold Outbound,2024-04-24,2,1,11096.52
5208,Cold Outbound,2024-04-24,3,1,11096.52
5208,LinkedIn Ads,2024-04-25,4,1,11096.52
5209,LinkedIn Ads,2024-09-20,1,0,0.0
5209,Cold Outbound,2024-09-22,2,0,0.0
5209,Google Ads,2024-09-22,3,0,0.0
5210,Google Ads,2024-01-18,1,0,0.0
5210,Google Ads,2024-01-21,2,0,0.0
5210,LinkedIn Ads,2024-01-25,3,0,0.0
5210,Organic/SEO,2024-01-27,4,0,0.0
5210,Cold Outbound,2024-01-30,5,0,0.0
5211,Content/Webinar,2024-01-29,1,0,0.0
5211,Google Ads,2024-01-29,2,0,0.0
5212,Email,2024-06-27,1,1,5501.84
5213,Cold Outbound,2024-10-29,1,0,0.0
5213,Google Ads,2024-11-02,2,0,0.0
5213,Cold Outbound,2024-11-06,3,0,0.0
5214,Email,2024-01-25,1,0,0.0
5214,LinkedIn Ads,2024-01-29,2,0,0.0
5215,Google Ads,2024-06-09,1,1,14035.27
5215,Google Ads,2024-06-10,2,1,14035.27
5215,Content/Webinar,2024-06-11,3,1,14035.27
5216,Content/Webinar,2024-07-05,1,0,0.0
5217,LinkedIn Ads,2024-09-06,1,0,0.0
5218,Email,2024-03-23,1,0,0.0
5218,LinkedIn Ads,2024-03-27,2,0,0.0
5218,Organic/SEO,2024-03-30,3,0,0.0
5219,Google Ads,2024-04-05,1,0,0.0
5220,LinkedIn Ads,2024-07-02,1,1,12149.12
5220,Content/Webinar,2024-07-07,2,1,12149.12
5220,Google Ads,2024-07-12,3,1,12149.12
5220,LinkedIn Ads,2024-07-15,4,1,12149.12
5221,Content/Webinar,2024-07-11,1,0,0.0
5221,Google Ads,2024-07-16,2,0,0.0
5221,LinkedIn Ads,2024-07-19,3,0,0.0
5222,Referral,2024-11-13,1,0,0.0
5223,Google Ads,2024-03-10,1,0,0.0
5224,Referral,2024-04-22,1,0,0.0
5224,Referral,2024-04-22,2,0,0.0
5224,Cold Outbound,2024-04-26,3,0,0.0
5224,LinkedIn Ads,2024-04-26,4,0,0.0
5225,LinkedIn Ads,2024-04-17,1,1,13283.47
5225,Email,2024-04-22,2,1,13283.47
5225,Google Ads,2024-04-24,3,1,13283.47
5225,Referral,2024-04-25,4,1,13283.47
5226,Email,2024-08-22,1,0,0.0
5227,Organic/SEO,2024-08-26,1,0,0.0
5227,Email,2024-08-26,2,0,0.0
5227,LinkedIn Ads,2024-08-29,3,0,0.0
5228,Content/Webinar,2024-03-19,1,0,0.0
5228,Content/Webinar,2024-03-19,2,0,0.0
5228,Organic/SEO,2024-03-24,3,0,0.0
5228,Google Ads,2024-03-24,4,0,0.0
5229,Content/Webinar,2024-06-06,1,1,4838.41
5229,Google Ads,2024-06-09,2,1,4838.41
5230,Cold Outbound,2024-11-07,1,0,0.0
5230,Google Ads,2024-11-09,2,0,0.0
5231,Email,2024-01-17,1,0,0.0
5231,Cold Outbound,2024-01-21,2,0,0.0
5232,Cold Outbound,2024-08-27,1,1,3781.56
5232,Content/Webinar,2024-08-29,2,1,3781.56
5232,Email,2024-08-30,3,1,3781.56
5233,Organic/SEO,2024-11-23,1,0,0.0
5233,Google Ads,2024-11-27,2,0,0.0
5234,LinkedIn Ads,2024-04-30,1,0,0.0
5234,Cold Outbound,2024-05-02,2,0,0.0
5234,Content/Webinar,2024-05-05,3,0,0.0
5235,Content/Webinar,2024-07-30,1,0,0.0
5236,Organic/SEO,2024-06-27,1,0,0.0
5236,Organic/SEO,2024-06-28,2,0,0.0
5236,Cold Outbound,2024-06-28,3,0,0.0
5237,Google Ads,2024-02-13,1,0,0.0
5237,Email,2024-02-18,2,0,0.0
5237,Cold Outbound,2024-02-20,3,0,0.0
5238,Content/Webinar,2024-08-28,1,0,0.0
5238,Cold Outbound,2024-08-31,2,0,0.0
5239,Google Ads,2024-01-06,1,1,4894.8
5239,Google Ads,2024-01-11,2,1,4894.8
5240,Cold Outbound,2024-07-28,1,0,0.0
5241,Content/Webinar,2024-08-09,1,0,0.0
5241,Cold Outbound,2024-08-13,2,0,0.0
5241,LinkedIn Ads,2024-08-16,3,0,0.0
5241,Cold Outbound,2024-08-20,4,0,0.0
5241,Google Ads,2024-08-23,5,0,0.0
5242,Organic/SEO,2024-03-27,1,0,0.0
5242,Email,2024-03-29,2,0,0.0
5242,LinkedIn Ads,2024-04-03,3,0,0.0
5243,Google Ads,2024-04-03,1,0,0.0
5243,Referral,2024-04-04,2,0,0.0
5244,Email,2024-08-20,1,1,4022.13
5245,LinkedIn Ads,2024-01-01,1,0,0.0
5246,Cold Outbound,2024-02-25,1,0,0.0
5247,Organic/SEO,2024-08-10,1,0,0.0
5248,Email,2024-05-19,1,0,0.0
5248,Content/Webinar,2024-05-22,2,0,0.0
5248,Organic/SEO,2024-05-27,3,0,0.0
5249,Google Ads,2024-01-31,1,0,0.0
5249,Content/Webinar,2024-02-01,2,0,0.0
5249,Email,2024-02-03,3,0,0.0
5250,Email,2024-04-10,1,0,0.0
5250,Content/Webinar,2024-04-14,2,0,0.0
5251,Google Ads,2024-04-08,1,0,0.0
5251,Cold Outbound,2024-04-09,2,0,0.0
5251,Cold Outbound,2024-04-10,3,0,0.0
5252,Cold Outbound,2024-03-01,1,0,0.0
5252,LinkedIn Ads,2024-03-03,2,0,0.0
5252,Cold Outbound,2024-03-03,3,0,0.0
5253,Referral,2024-04-26,1,1,11533.34
5253,Organic/SEO,2024-04-26,2,1,11533.34
5254,Cold Outbound,2024-09-02,1,0,0.0
5254,Cold Outbound,2024-09-03,2,0,0.0
5254,Cold Outbound,2024-09-03,3,0,0.0
5254,Cold Outbound,2024-09-08,4,0,0.0
5254,Organic/SEO,2024-09-11,5,0,0.0
5255,Email,2024-06-08,1,0,0.0
5255,Organic/SEO,2024-06-10,2,0,0.0
5256,Google Ads,2024-09-06,1,0,0.0
5256,Email,2024-09-11,2,0,0.0
5257,Cold Outbound,2024-06-07,1,0,0.0
5257,LinkedIn Ads,2024-06-11,2,0,0.0
5258,Google Ads,2024-11-16,1,1,11455.6
5258,Google Ads,2024-11-18,2,1,11455.6
5258,LinkedIn Ads,2024-11-19,3,1,11455.6
5258,LinkedIn Ads,2024-11-21,4,1,11455.6
5259,LinkedIn Ads,2024-03-12,1,0,0.0
5260,LinkedIn Ads,2024-09-23,1,0,0.0
5261,Referral,2024-10-17,1,0,0.0
5261,LinkedIn Ads,2024-10-19,2,0,0.0
5261,Content/Webinar,2024-10-19,3,0,0.0
5261,Email,2024-10-22,4,0,0.0
5262,Organic/SEO,2024-01-12,1,0,0.0
5262,Cold Outbound,2024-01-13,2,0,0.0
5262,Google Ads,2024-01-15,3,0,0.0
5263,Cold Outbound,2024-04-24,1,0,0.0
5264,Organic/SEO,2024-06-13,1,0,0.0
5265,Cold Outbound,2024-09-25,1,0,0.0
5265,Organic/SEO,2024-09-25,2,0,0.0
5265,Email,2024-09-30,3,0,0.0
5266,Google Ads,2024-05-04,1,0,0.0
5266,Content/Webinar,2024-05-08,2,0,0.0
5266,Cold Outbound,2024-05-13,3,0,0.0
5266,Cold Outbound,2024-05-13,4,0,0.0
5266,Organic/SEO,2024-05-17,5,0,0.0
5267,Organic/SEO,2024-06-22,1,0,0.0
5267,Google Ads,2024-06-24,2,0,0.0
5268,Email,2024-03-31,1,0,0.0
5269,Google Ads,2024-09-01,1,0,0.0
5269,Google Ads,2024-09-04,2,0,0.0
5270,LinkedIn Ads,2024-07-11,1,1,4335.52
5270,Google Ads,2024-07-11,2,1,4335.52
5270,Google Ads,2024-07-13,3,1,4335.52
5271,Google Ads,2024-02-22,1,0,0.0
5271,Google Ads,2024-02-27,2,0,0.0
5272,Google Ads,2024-04-20,1,0,0.0
5272,Email,2024-04-22,2,0,0.0
5272,Google Ads,2024-04-27,3,0,0.0
5273,Content/Webinar,2024-05-31,1,1,13711.87
5273,LinkedIn Ads,2024-06-03,2,1,13711.87
5274,LinkedIn Ads,2024-11-13,1,1,6414.27
5274,Email,2024-11-15,2,1,6414.27
5274,Referral,2024-11-19,3,1,6414.27
5274,Referral,2024-11-24,4,1,6414.27
5274,Email,2024-11-29,5,1,6414.27
5275,Email,2024-08-17,1,0,0.0
5275,LinkedIn Ads,2024-08-22,2,0,0.0
5276,Google Ads,2024-09-22,1,0,0.0
5277,Content/Webinar,2024-01-11,1,0,0.0
5277,LinkedIn Ads,2024-01-14,2,0,0.0
5277,Google Ads,2024-01-19,3,0,0.0
5277,LinkedIn Ads,2024-01-23,4,0,0.0
5277,LinkedIn Ads,2024-01-24,5,0,0.0
5278,Email,2024-01-30,1,0,0.0
5279,Content/Webinar,2024-10-10,1,0,0.0
5279,Cold Outbound,2024-10-14,2,0,0.0
5279,Organic/SEO,2024-10-17,3,0,0.0
5280,LinkedIn Ads,2024-01-10,1,0,0.0
5280,Email,2024-01-13,2,0,0.0
5281,LinkedIn Ads,2024-09-18,1,1,9784.85
5281,Cold Outbound,2024-09-18,2,1,9784.85
5281,Content/Webinar,2024-09-21,3,1,9784.85
5282,Referral,2024-03-03,1,0,0.0
5283,Google Ads,2024-09-13,1,0,0.0
5283,Email,2024-09-18,2,0,0.0
5284,Organic/SEO,2024-10-10,1,0,0.0
5284,Cold Outbound,2024-10-11,2,0,0.0
5285,LinkedIn Ads,2024-09-15,1,0,0.0
5285,LinkedIn Ads,2024-09-15,2,0,0.0
5285,Email,2024-09-17,3,0,0.0
5286,Content/Webinar,2024-10-31,1,0,0.0
5287,LinkedIn Ads,2024-07-13,1,0,0.0
5287,Google Ads,2024-07-18,2,0,0.0
5287,Referral,2024-07-18,3,0,0.0
5288,Google Ads,2024-02-25,1,0,0.0
5288,LinkedIn Ads,2024-02-25,2,0,0.0
5288,Cold Outbound,2024-02-25,3,0,0.0
5288,Content/Webinar,2024-03-01,4,0,0.0
5288,Content/Webinar,2024-03-02,5,0,0.0
5289,Email,2024-06-29,1,1,6174.13
5289,Google Ads,2024-06-30,2,1,6174.13
5290,LinkedIn Ads,2024-08-15,1,0,0.0
5290,Cold Outbound,2024-08-19,2,0,0.0
5290,Cold Outbound,2024-08-23,3,0,0.0
5291,LinkedIn Ads,2024-09-14,1,0,0.0
5291,Email,2024-09-16,2,0,0.0
5291,Organic/SEO,2024-09-18,3,0,0.0
5291,Cold Outbound,2024-09-18,4,0,0.0
5292,Email,2024-09-20,1,0,0.0
5292,Organic/SEO,2024-09-25,2,0,0.0
5293,LinkedIn Ads,2024-06-07,1,1,6156.24
5293,LinkedIn Ads,2024-06-07,2,1,6156.24
5294,Organic/SEO,2024-04-01,1,0,0.0
5294,Referral,2024-04-03,2,0,0.0
5294,Email,2024-04-07,3,0,0.0
5294,Google Ads,2024-04-08,4,0,0.0
5295,Cold Outbound,2024-05-17,1,0,0.0
5295,Google Ads,2024-05-22,2,0,0.0
5295,Google Ads,2024-05-22,3,0,0.0
5296,Organic/SEO,2024-10-11,1,0,0.0
5296,Email,2024-10-11,2,0,0.0
5296,Google Ads,2024-10-11,3,0,0.0
5296,Cold Outbound,2024-10-16,4,0,0.0
5297,Cold Outbound,2024-01-06,1,0,0.0
5297,Google Ads,2024-01-11,2,0,0.0
5297,Cold Outbound,2024-01-14,3,0,0.0
5297,Cold Outbound,2024-01-17,4,0,0.0
5298,Organic/SEO,2024-01-13,1,0,0.0
5299,Organic/SEO,2024-08-05,1,0,0.0
5299,Content/Webinar,2024-08-07,2,0,0.0
5299,Organic/SEO,2024-08-10,3,0,0.0
5299,Content/Webinar,2024-08-15,4,0,0.0
5299,Organic/SEO,2024-08-16,5,0,0.0
5300,Google Ads,2024-08-01,1,1,9735.95
5300,Google Ads,2024-08-01,2,1,9735.95
5301,Organic/SEO,2024-11-01,1,0,0.0
5301,Google Ads,2024-11-01,2,0,0.0
5301,Email,2024-11-04,3,0,0.0
5302,LinkedIn Ads,2024-03-17,1,0,0.0
5302,Content/Webinar,2024-03-20,2,0,0.0
5303,Cold Outbound,2024-01-31,1,1,4804.06
5303,Google Ads,2024-02-05,2,1,4804.06
5304,LinkedIn Ads,2024-02-23,1,0,0.0
5304,Cold Outbound,2024-02-23,2,0,0.0
5304,Email,2024-02-26,3,0,0.0
5304,LinkedIn Ads,2024-02-26,4,0,0.0
5305,Email,2024-07-27,1,0,0.0
5306,Google Ads,2024-02-24,1,0,0.0
5307,Content/Webinar,2024-11-10,1,0,0.0
5307,Google Ads,2024-11-15,2,0,0.0
5308,Cold Outbound,2024-10-30,1,0,0.0
5309,Organic/SEO,2024-02-24,1,0,0.0
5309,Organic/SEO,2024-02-26,2,0,0.0
5309,Google Ads,2024-03-02,3,0,0.0
5310,LinkedIn Ads,2024-11-17,1,0,0.0
5310,Content/Webinar,2024-11-21,2,0,0.0
5310,Organic/SEO,2024-11-25,3,0,0.0
5310,Google Ads,2024-11-29,4,0,0.0
5311,Google Ads,2024-01-14,1,0,0.0
5311,Google Ads,2024-01-19,2,0,0.0
5312,Organic/SEO,2024-10-03,1,0,0.0
5313,Organic/SEO,2024-08-24,1,0,0.0
5313,Google Ads,2024-08-27,2,0,0.0
5314,Google Ads,2024-02-28,1,0,0.0
5315,Organic/SEO,2024-08-26,1,0,0.0
5316,Email,2024-09-28,1,0,0.0
5317,Email,2024-05-05,1,0,0.0
5317,LinkedIn Ads,2024-05-07,2,0,0.0
5318,LinkedIn Ads,2024-08-27,1,0,0.0
5318,LinkedIn Ads,2024-08-28,2,0,0.0
5318,Email,2024-08-30,3,0,0.0
5318,Google Ads,2024-08-30,4,0,0.0
5318,Google Ads,2024-09-02,5,0,0.0
5319,Organic/SEO,2024-04-27,1,0,0.0
5319,Email,2024-04-28,2,0,0.0
5319,Content/Webinar,2024-04-30,3,0,0.0
5320,LinkedIn Ads,2024-03-05,1,0,0.0
5320,Email,2024-03-07,2,0,0.0
5320,Cold Outbound,2024-03-12,3,0,0.0
5321,Google Ads,2024-10-18,1,0,0.0
5321,Google Ads,2024-10-21,2,0,0.0
5321,Organic/SEO,2024-10-21,3,0,0.0
5322,Cold Outbound,2024-02-20,1,0,0.0
5322,Content/Webinar,2024-02-24,2,0,0.0
5322,LinkedIn Ads,2024-02-28,3,0,0.0
5323,Organic/SEO,2024-01-17,1,1,3532.76
5323,Cold Outbound,2024-01-20,2,1,3532.76
5323,Cold Outbound,2024-01-23,3,1,3532.76
5323,Cold Outbound,2024-01-27,4,1,3532.76
5324,LinkedIn Ads,2024-07-07,1,0,0.0
5325,Google Ads,2024-11-17,1,0,0.0
5325,LinkedIn Ads,2024-11-20,2,0,0.0
5326,Google Ads,2024-06-01,1,0,0.0
5326,Cold Outbound,2024-06-01,2,0,0.0
5327,Cold Outbound,2024-06-02,1,0,0.0
5327,Email,2024-06-05,2,0,0.0
5328,LinkedIn Ads,2024-10-09,1,0,0.0
5329,Organic/SEO,2024-01-20,1,0,0.0
5330,LinkedIn Ads,2024-08-25,1,0,0.0
5330,Email,2024-08-27,2,0,0.0
5331,Organic/SEO,2024-10-22,1,0,0.0
5331,Cold Outbound,2024-10-24,2,0,0.0
5331,Cold Outbound,2024-10-24,3,0,0.0
5332,Google Ads,2024-07-11,1,0,0.0
5332,LinkedIn Ads,2024-07-12,2,0,0.0
5333,Google Ads,2024-08-16,1,0,0.0
5333,LinkedIn Ads,2024-08-17,2,0,0.0
5334,Organic/SEO,2024-04-14,1,1,5706.52
5334,LinkedIn Ads,2024-04-19,2,1,5706.52
5334,Email,2024-04-20,3,1,5706.52
5334,Organic/SEO,2024-04-22,4,1,5706.52
5334,Cold Outbound,2024-04-27,5,1,5706.52
5335,LinkedIn Ads,2024-04-25,1,0,0.0
5336,Cold Outbound,2024-06-21,1,0,0.0
5336,Content/Webinar,2024-06-25,2,0,0.0
5336,Google Ads,2024-06-29,3,0,0.0
5337,LinkedIn Ads,2024-02-28,1,0,0.0
5337,Google Ads,2024-03-02,2,0,0.0
5337,Organic/SEO,2024-03-02,3,0,0.0
5338,Cold Outbound,2024-07-02,1,0,0.0
5338,Email,2024-07-02,2,0,0.0
5338,Organic/SEO,2024-07-04,3,0,0.0
5339,Organic/SEO,2024-11-07,1,0,0.0
5339,Referral,2024-11-11,2,0,0.0
5339,Organic/SEO,2024-11-13,3,0,0.0
5339,LinkedIn Ads,2024-11-16,4,0,0.0
5340,Google Ads,2024-10-29,1,0,0.0
5341,Google Ads,2024-01-07,1,0,0.0
5341,Cold Outbound,2024-01-09,2,0,0.0
5341,LinkedIn Ads,2024-01-09,3,0,0.0
5342,Referral,2024-05-24,1,0,0.0
5342,Organic/SEO,2024-05-26,2,0,0.0
5343,Cold Outbound,2024-11-24,1,0,0.0
5344,Cold Outbound,2024-07-11,1,0,0.0
5345,Email,2024-11-15,1,0,0.0
5345,LinkedIn Ads,2024-11-19,2,0,0.0
5345,Google Ads,2024-11-22,3,0,0.0
5346,Cold Outbound,2024-07-05,1,0,0.0
5346,Cold Outbound,2024-07-07,2,0,0.0
5346,Content/Webinar,2024-07-12,3,0,0.0
5347,Cold Outbound,2024-01-13,1,0,0.0
5348,Google Ads,2024-11-21,1,1,8245.25
5348,Organic/SEO,2024-11-21,2,1,8245.25
5349,Organic/SEO,2024-05-15,1,0,0.0
5349,Google Ads,2024-05-18,2,0,0.0
5349,Referral,2024-05-21,3,0,0.0
5349,Email,2024-05-25,4,0,0.0
5350,LinkedIn Ads,2024-07-04,1,0,0.0
5350,Content/Webinar,2024-07-09,2,0,0.0
5350,Organic/SEO,2024-07-11,3,0,0.0
5351,Content/Webinar,2024-07-13,1,0,0.0
5352,Cold Outbound,2024-06-02,1,0,0.0
5352,Email,2024-06-06,2,0,0.0
5353,Organic/SEO,2024-02-10,1,0,0.0
5354,Email,2024-03-04,1,1,10352.52
5354,LinkedIn Ads,2024-03-05,2,1,10352.52
5354,LinkedIn Ads,2024-03-05,3,1,10352.52
5354,Google Ads,2024-03-09,4,1,10352.52
5355,Google Ads,2024-04-26,1,1,4017.3
5355,Cold Outbound,2024-04-29,2,1,4017.3
5356,LinkedIn Ads,2024-04-13,1,0,0.0
5356,Content/Webinar,2024-04-17,2,0,0.0
5356,Content/Webinar,2024-04-21,3,0,0.0
5357,Google Ads,2024-04-12,1,1,5670.89
5358,Google Ads,2024-04-25,1,0,0.0
5358,LinkedIn Ads,2024-04-28,2,0,0.0
5358,Organic/SEO,2024-04-30,3,0,0.0
5359,LinkedIn Ads,2024-11-02,1,0,0.0
5359,Email,2024-11-02,2,0,0.0
5360,Google Ads,2024-08-21,1,0,0.0
5361,Email,2024-05-20,1,0,0.0
5362,Google Ads,2024-06-03,1,0,0.0
5363,Organic/SEO,2024-02-13,1,0,0.0
5363,Cold Outbound,2024-02-15,2,0,0.0
5364,LinkedIn Ads,2024-11-25,1,0,0.0
5365,Referral,2024-01-04,1,0,0.0
5365,Content/Webinar,2024-01-04,2,0,0.0
5366,Cold Outbound,2024-01-20,1,0,0.0
5366,Organic/SEO,2024-01-21,2,0,0.0
5366,Google Ads,2024-01-23,3,0,0.0
5367,Cold Outbound,2024-01-11,1,0,0.0
5368,Organic/SEO,2024-06-22,1,0,0.0
5369,Google Ads,2024-03-11,1,0,0.0
5370,Organic/SEO,2024-07-28,1,0,0.0
5370,Cold Outbound,2024-07-28,2,0,0.0
5370,Google Ads,2024-07-30,3,0,0.0
5371,Cold Outbound,2024-03-19,1,0,0.0
5371,Email,2024-03-22,2,0,0.0
5372,Cold Outbound,2024-11-04,1,0,0.0
5372,Google Ads,2024-11-07,2,0,0.0
5372,Cold Outbound,2024-11-11,3,0,0.0
5372,Email,2024-11-14,4,0,0.0
5373,Cold Outbound,2024-01-04,1,0,0.0
5373,Cold Outbound,2024-01-09,2,0,0.0
5374,Google Ads,2024-07-11,1,0,0.0
5374,Content/Webinar,2024-07-16,2,0,0.0
5374,LinkedIn Ads,2024-07-18,3,0,0.0
5375,Cold Outbound,2024-01-11,1,0,0.0
5375,Cold Outbound,2024-01-15,2,0,0.0
5375,LinkedIn Ads,2024-01-15,3,0,0.0
5376,Cold Outbound,2024-07-05,1,0,0.0
5376,Cold Outbound,2024-07-06,2,0,0.0
5377,Cold Outbound,2024-09-07,1,0,0.0
5377,Cold Outbound,2024-09-07,2,0,0.0
5378,Content/Webinar,2024-11-28,1,1,9540.7
5378,Google Ads,2024-12-01,2,1,9540.7
5378,Email,2024-12-06,3,1,9540.7
5379,Content/Webinar,2024-07-30,1,0,0.0
5379,Google Ads,2024-08-03,2,0,0.0
5380,LinkedIn Ads,2024-01-01,1,1,6534.19
5380,Content/Webinar,2024-01-06,2,1,6534.19
5380,Cold Outbound,2024-01-07,3,1,6534.19
5381,Cold Outbound,2024-09-16,1,1,2553.55
5382,Google Ads,2024-02-15,1,0,0.0
5383,Cold Outbound,2024-08-04,1,0,0.0
5383,Email,2024-08-07,2,0,0.0
5384,LinkedIn Ads,2024-02-14,1,1,6438.23
5384,Email,2024-02-16,2,1,6438.23
5385,Google Ads,2024-08-24,1,0,0.0
5385,Organic/SEO,2024-08-27,2,0,0.0
5386,Organic/SEO,2024-03-18,1,0,0.0
5386,Google Ads,2024-03-18,2,0,0.0
5387,Email,2024-04-20,1,0,0.0
5387,Google Ads,2024-04-24,2,0,0.0
5388,Email,2024-08-06,1,0,0.0
5388,Organic/SEO,2024-08-09,2,0,0.0
5389,Organic/SEO,2024-05-25,1,0,0.0
5390,Cold Outbound,2024-01-27,1,0,0.0
5390,Referral,2024-02-01,2,0,0.0
5391,Email,2024-02-18,1,1,12701.54
5391,Email,2024-02-22,2,1,12701.54
5391,Referral,2024-02-25,3,1,12701.54
5392,Organic/SEO,2024-02-23,1,1,2947.05
5392,Email,2024-02-28,2,1,2947.05
5392,Google Ads,2024-03-03,3,1,2947.05
5392,Cold Outbound,2024-03-08,4,1,2947.05
5393,Email,2024-06-27,1,0,0.0
5394,Email,2024-04-17,1,0,0.0
5394,Google Ads,2024-04-17,2,0,0.0
5395,Email,2024-08-05,1,0,0.0
5395,Email,2024-08-07,2,0,0.0
5395,Cold Outbound,2024-08-12,3,0,0.0
5395,Cold Outbound,2024-08-12,4,0,0.0
5396,Google Ads,2024-01-24,1,0,0.0
5396,Organic/SEO,2024-01-27,2,0,0.0
5396,Cold Outbound,2024-02-01,3,0,0.0
5397,Email,2024-06-05,1,0,0.0
5397,Google Ads,2024-06-07,2,0,0.0
5398,Email,2024-07-31,1,1,8292.89
5398,Organic/SEO,2024-08-05,2,1,8292.89
5399,Email,2024-06-26,1,1,8464.66
5399,Organic/SEO,2024-06-29,2,1,8464.66
5400,Cold Outbound,2024-06-13,1,0,0.0
5401,Cold Outbound,2024-01-10,1,0,0.0
5401,Cold Outbound,2024-01-11,2,0,0.0
5401,Cold Outbound,2024-01-14,3,0,0.0
5402,Google Ads,2024-04-11,1,0,0.0
5402,Google Ads,2024-04-15,2,0,0.0
5403,Google Ads,2024-02-08,1,1,6128.2
5403,Cold Outbound,2024-02-13,2,1,6128.2
5403,Google Ads,2024-02-14,3,1,6128.2
5404,Google Ads,2024-01-11,1,0,0.0
5404,Google Ads,2024-01-16,2,0,0.0
5405,LinkedIn Ads,2024-02-22,1,1,8996.83
5406,Referral,2024-03-12,1,1,8680.19
5406,Google Ads,2024-03-17,2,1,8680.19
5407,LinkedIn Ads,2024-08-02,1,0,0.0
5408,Google Ads,2024-11-16,1,0,0.0
5408,Email,2024-11-17,2,0,0.0
5409,Content/Webinar,2024-01-29,1,0,0.0
5409,LinkedIn Ads,2024-01-30,2,0,0.0
5410,Google Ads,2024-02-03,1,0,0.0
5410,Cold Outbound,2024-02-08,2,0,0.0
5410,Google Ads,2024-02-12,3,0,0.0
5411,Cold Outbound,2024-07-04,1,0,0.0
5411,Google Ads,2024-07-08,2,0,0.0
5411,Cold Outbound,2024-07-10,3,0,0.0
5412,Content/Webinar,2024-03-26,1,1,4416.55
5412,Organic/SEO,2024-03-29,2,1,4416.55
5413,Google Ads,2024-11-15,1,0,0.0
5413,Organic/SEO,2024-11-18,2,0,0.0
5414,Google Ads,2024-04-24,1,1,5172.25
5414,Organic/SEO,2024-04-29,2,1,5172.25
5414,Cold Outbound,2024-04-29,3,1,5172.25
5415,Cold Outbound,2024-05-04,1,1,4608.8
5415,Cold Outbound,2024-05-08,2,1,4608.8
5415,Cold Outbound,2024-05-08,3,1,4608.8
5415,Google Ads,2024-05-08,4,1,4608.8
5416,Email,2024-01-13,1,0,0.0
5417,Cold Outbound,2024-07-15,1,0,0.0
5418,LinkedIn Ads,2024-11-04,1,0,0.0
5419,Referral,2024-03-13,1,0,0.0
5419,Google Ads,2024-03-14,2,0,0.0
5419,Cold Outbound,2024-03-18,3,0,0.0
5420,Cold Outbound,2024-08-05,1,0,0.0
5421,Google Ads,2024-10-28,1,0,0.0
5421,Organic/SEO,2024-10-29,2,0,0.0
5421,Google Ads,2024-11-01,3,0,0.0
5421,Referral,2024-11-02,4,0,0.0
5422,Organic/SEO,2024-11-27,1,0,0.0
5422,LinkedIn Ads,2024-11-27,2,0,0.0
5422,Cold Outbound,2024-11-29,3,0,0.0
5422,Google Ads,2024-12-01,4,0,0.0
5423,LinkedIn Ads,2024-04-27,1,0,0.0
5423,Google Ads,2024-05-01,2,0,0.0
5424,LinkedIn Ads,2024-03-17,1,0,0.0
5424,Google Ads,2024-03-19,2,0,0.0
5424,Content/Webinar,2024-03-22,3,0,0.0
5425,LinkedIn Ads,2024-05-11,1,0,0.0
5425,Email,2024-05-15,2,0,0.0
5425,LinkedIn Ads,2024-05-19,3,0,0.0
5426,Cold Outbound,2024-07-07,1,0,0.0
5426,Google Ads,2024-07-12,2,0,0.0
5426,Organic/SEO,2024-07-16,3,0,0.0
5427,Organic/SEO,2024-04-20,1,1,3442.29
5427,Organic/SEO,2024-04-21,2,1,3442.29
5427,Organic/SEO,2024-04-25,3,1,3442.29
5427,Cold Outbound,2024-04-28,4,1,3442.29
5427,Email,2024-04-28,5,1,3442.29
5428,Content/Webinar,2024-04-08,1,1,4795.44
5428,Cold Outbound,2024-04-10,2,1,4795.44
5428,Google Ads,2024-04-10,3,1,4795.44
5428,Cold Outbound,2024-04-13,4,1,4795.44
5429,Content/Webinar,2024-10-23,1,0,0.0
5429,Cold Outbound,2024-10-24,2,0,0.0
5429,Referral,2024-10-27,3,0,0.0
5430,Cold Outbound,2024-07-24,1,0,0.0
5431,Content/Webinar,2024-07-03,1,0,0.0
5431,Content/Webinar,2024-07-05,2,0,0.0
5432,Organic/SEO,2024-11-08,1,1,17767.72
5432,Referral,2024-11-13,2,1,17767.72
5433,Content/Webinar,2024-11-11,1,1,9838.29
5434,Cold Outbound,2024-02-26,1,0,0.0
5434,Content/Webinar,2024-03-01,2,0,0.0
5435,Content/Webinar,2024-05-23,1,1,4207.11
5436,Content/Webinar,2024-01-23,1,0,0.0
5436,Email,2024-01-25,2,0,0.0
5437,LinkedIn Ads,2024-08-02,1,0,0.0
5438,Content/Webinar,2024-05-10,1,0,0.0
5439,Organic/SEO,2024-09-13,1,0,0.0
5440,Referral,2024-10-18,1,0,0.0
5440,Organic/SEO,2024-10-23,2,0,0.0
5440,Organic/SEO,2024-10-27,3,0,0.0
5441,Cold Outbound,2024-06-01,1,0,0.0
5441,Cold Outbound,2024-06-01,2,0,0.0
5442,Google Ads,2024-04-02,1,0,0.0
5442,Cold Outbound,2024-04-06,2,0,0.0
5442,Google Ads,2024-04-06,3,0,0.0
5443,Google Ads,2024-01-19,1,0,0.0
5443,LinkedIn Ads,2024-01-24,2,0,0.0
5443,Email,2024-01-26,3,0,0.0
5444,Google Ads,2024-09-15,1,0,0.0
5444,Google Ads,2024-09-17,2,0,0.0
5445,Google Ads,2024-03-22,1,0,0.0
5445,Content/Webinar,2024-03-27,2,0,0.0
5446,Referral,2024-09-05,1,1,5130.57
5446,Content/Webinar,2024-09-05,2,1,5130.57
5447,Google Ads,2024-10-21,1,0,0.0
5447,Cold Outbound,2024-10-22,2,0,0.0
5447,LinkedIn Ads,2024-10-26,3,0,0.0
5447,Google Ads,2024-10-30,4,0,0.0
5447,Cold Outbound,2024-11-04,5,0,0.0
5448,Cold Outbound,2024-10-26,1,0,0.0
5448,LinkedIn Ads,2024-10-26,2,0,0.0
5449,Organic/SEO,2024-03-26,1,0,0.0
5449,Referral,2024-03-29,2,0,0.0
5450,Cold Outbound,2024-02-05,1,0,0.0
5450,LinkedIn Ads,2024-02-09,2,0,0.0
5450,Cold Outbound,2024-02-11,3,0,0.0
5450,LinkedIn Ads,2024-02-16,4,0,0.0
5451,Email,2024-06-06,1,0,0.0
5451,Cold Outbound,2024-06-10,2,0,0.0
5451,Organic/SEO,2024-06-10,3,0,0.0
5452,Cold Outbound,2024-06-16,1,0,0.0
5453,Email,2024-07-05,1,0,0.0
5453,Organic/SEO,2024-07-08,2,0,0.0
5453,Email,2024-07-09,3,0,0.0
5454,Organic/SEO,2024-04-20,1,0,0.0
5454,Google Ads,2024-04-22,2,0,0.0
5454,Google Ads,2024-04-24,3,0,0.0
5454,Email,2024-04-26,4,0,0.0
5455,Organic/SEO,2024-03-17,1,0,0.0
5455,LinkedIn Ads,2024-03-21,2,0,0.0
5456,Organic/SEO,2024-04-08,1,0,0.0
5456,Email,2024-04-09,2,0,0.0
5456,Google Ads,2024-04-09,3,0,0.0
5456,LinkedIn Ads,2024-04-11,4,0,0.0
5456,Cold Outbound,2024-04-16,5,0,0.0
5457,Google Ads,2024-07-17,1,0,0.0
5457,Referral,2024-07-17,2,0,0.0
5457,Google Ads,2024-07-21,3,0,0.0
5458,Cold Outbound,2024-08-12,1,0,0.0
5458,Google Ads,2024-08-13,2,0,0.0
5459,Cold Outbound,2024-09-13,1,0,0.0
5459,LinkedIn Ads,2024-09-15,2,0,0.0
5459,Cold Outbound,2024-09-19,3,0,0.0
5460,Content/Webinar,2024-05-11,1,0,0.0
5461,Organic/SEO,2024-10-15,1,0,0.0
5462,Email,2024-01-30,1,0,0.0
5463,Google Ads,2024-05-30,1,0,0.0
5463,Content/Webinar,2024-06-04,2,0,0.0
5463,Organic/SEO,2024-06-07,3,0,0.0
5464,LinkedIn Ads,2024-07-30,1,0,0.0
5464,LinkedIn Ads,2024-08-04,2,0,0.0
5465,LinkedIn Ads,2024-03-09,1,0,0.0
5465,Content/Webinar,2024-03-10,2,0,0.0
5466,Cold Outbound,2024-07-31,1,0,0.0
5466,Organic/SEO,2024-08-04,2,0,0.0
5467,Google Ads,2024-10-17,1,0,0.0
5467,LinkedIn Ads,2024-10-17,2,0,0.0
5467,Email,2024-10-22,3,0,0.0
5467,Cold Outbound,2024-10-24,4,0,0.0
5468,Organic/SEO,2024-07-15,1,0,0.0
5468,Content/Webinar,2024-07-15,2,0,0.0
5469,LinkedIn Ads,2024-08-05,1,0,0.0
5469,Email,2024-08-06,2,0,0.0
5469,Organic/SEO,2024-08-06,3,0,0.0
5470,Google Ads,2024-06-23,1,0,0.0
5470,Cold Outbound,2024-06-27,2,0,0.0
5470,Content/Webinar,2024-06-28,3,0,0.0
5471,Cold Outbound,2024-07-17,1,0,0.0
5471,Email,2024-07-18,2,0,0.0
5471,Google Ads,2024-07-19,3,0,0.0
5472,Referral,2024-01-12,1,1,19496.64
5473,Cold Outbound,2024-08-29,1,0,0.0
5473,Organic/SEO,2024-09-01,2,0,0.0
5473,Content/Webinar,2024-09-02,3,0,0.0
5473,Email,2024-09-02,4,0,0.0
5474,Organic/SEO,2024-05-04,1,0,0.0
5474,Organic/SEO,2024-05-07,2,0,0.0
5474,Cold Outbound,2024-05-12,3,0,0.0
5475,Google Ads,2024-10-15,1,0,0.0
5475,Content/Webinar,2024-10-20,2,0,0.0
5476,Organic/SEO,2024-09-08,1,0,0.0
5476,Google Ads,2024-09-12,2,0,0.0
5476,Google Ads,2024-09-16,3,0,0.0
5477,Google Ads,2024-05-22,1,0,0.0
5477,LinkedIn Ads,2024-05-25,2,0,0.0
5477,LinkedIn Ads,2024-05-29,3,0,0.0
5478,Content/Webinar,2024-02-05,1,0,0.0
5478,Google Ads,2024-02-10,2,0,0.0
5478,Email,2024-02-14,3,0,0.0
5479,Cold Outbound,2024-01-30,1,0,0.0
5480,Content/Webinar,2024-02-13,1,0,0.0
5480,Google Ads,2024-02-14,2,0,0.0
5481,Email,2024-11-25,1,0,0.0
5482,Cold Outbound,2024-02-07,1,0,0.0
5483,Organic/SEO,2024-06-19,1,0,0.0
5483,Organic/SEO,2024-06-23,2,0,0.0
5483,Cold Outbound,2024-06-28,3,0,0.0
5484,Cold Outbound,2024-08-02,1,0,0.0
5485,Google Ads,2024-05-03,1,0,0.0
5485,Organic/SEO,2024-05-03,2,0,0.0
5485,LinkedIn Ads,2024-05-06,3,0,0.0
5485,Cold Outbound,2024-05-08,4,0,0.0
5486,Email,2024-05-10,1,0,0.0
5486,Google Ads,2024-05-15,2,0,0.0
5487,Content/Webinar,2024-06-30,1,0,0.0
5487,Organic/SEO,2024-07-01,2,0,0.0
5487,Content/Webinar,2024-07-05,3,0,0.0
5487,Email,2024-07-07,4,0,0.0
5487,Google Ads,2024-07-07,5,0,0.0
5488,Google Ads,2024-08-15,1,0,0.0
5488,Cold Outbound,2024-08-16,2,0,0.0
5488,Google Ads,2024-08-21,3,0,0.0
5489,Content/Webinar,2024-05-08,1,0,0.0
5489,LinkedIn Ads,2024-05-11,2,0,0.0
5489,Email,2024-05-12,3,0,0.0
5489,Content/Webinar,2024-05-13,4,0,0.0
5490,Email,2024-05-28,1,1,7063.37
5490,Cold Outbound,2024-05-28,2,1,7063.37
5490,Google Ads,2024-05-29,3,1,7063.37
5490,Cold Outbound,2024-06-03,4,1,7063.37
5491,Organic/SEO,2024-05-01,1,0,0.0
5492,Google Ads,2024-04-15,1,0,0.0
5492,Google Ads,2024-04-19,2,0,0.0
5492,Organic/SEO,2024-04-21,3,0,0.0
5492,Cold Outbound,2024-04-24,4,0,0.0
5493,Email,2024-10-31,1,0,0.0
5493,Google Ads,2024-11-02,2,0,0.0
5494,Cold Outbound,2024-11-09,1,0,0.0
5494,Email,2024-11-12,2,0,0.0
5494,LinkedIn Ads,2024-11-13,3,0,0.0
5494,Google Ads,2024-11-18,4,0,0.0
5495,LinkedIn Ads,2024-09-22,1,0,0.0
5495,Cold Outbound,2024-09-25,2,0,0.0
5495,LinkedIn Ads,2024-09-28,3,0,0.0
5496,Email,2024-02-08,1,0,0.0
5496,LinkedIn Ads,2024-02-09,2,0,0.0
5496,Cold Outbound,2024-02-11,3,0,0.0
5496,LinkedIn Ads,2024-02-12,4,0,0.0
5497,Email,2024-09-25,1,0,0.0
5498,LinkedIn Ads,2024-03-19,1,0,0.0
5498,LinkedIn Ads,2024-03-19,2,0,0.0
5499,LinkedIn Ads,2024-07-14,1,0,0.0
5499,Cold Outbound,2024-07-16,2,0,0.0
5499,LinkedIn Ads,2024-07-20,3,0,0.0
5499,Email,2024-07-25,4,0,0.0
5500,Content/Webinar,2024-02-28,1,1,4829.66
5500,Email,2024-03-02,2,1,4829.66
5501,Email,2024-08-25,1,0,0.0
5501,Content/Webinar,2024-08-28,2,0,0.0
5501,Content/Webinar,2024-08-31,3,0,0.0
5501,Google Ads,2024-08-31,4,0,0.0
5502,Organic/SEO,2024-08-03,1,0,0.0
5503,Content/Webinar,2024-06-26,1,1,9416.06
5503,Email,2024-06-30,2,1,9416.06
5504,LinkedIn Ads,2024-01-22,1,0,0.0
5504,Cold Outbound,2024-01-25,2,0,0.0
5504,Google Ads,2024-01-25,3,0,0.0
5504,Email,2024-01-25,4,0,0.0
5505,LinkedIn Ads,2024-05-05,1,0,0.0
5505,Email,2024-05-05,2,0,0.0
5505,Google Ads,2024-05-08,3,0,0.0
5505,Cold Outbound,2024-05-09,4,0,0.0
5506,LinkedIn Ads,2024-04-09,1,0,0.0
5506,Content/Webinar,2024-04-14,2,0,0.0
5506,Google Ads,2024-04-16,3,0,0.0
5506,LinkedIn Ads,2024-04-20,4,0,0.0
5506,Content/Webinar,2024-04-23,5,0,0.0
5507,Referral,2024-01-02,1,0,0.0
5508,LinkedIn Ads,2024-03-27,1,0,0.0
5509,Email,2024-04-13,1,0,0.0
5509,Email,2024-04-16,2,0,0.0
5509,Organic/SEO,2024-04-16,3,0,0.0
5509,Cold Outbound,2024-04-21,4,0,0.0
5509,Organic/SEO,2024-04-26,5,0,0.0
5510,LinkedIn Ads,2024-01-19,1,0,0.0
5510,Cold Outbound,2024-01-20,2,0,0.0
5510,Content/Webinar,2024-01-20,3,0,0.0
5510,Cold Outbound,2024-01-20,4,0,0.0
5511,Email,2024-09-15,1,1,4413.53
5512,Email,2024-07-17,1,0,0.0
5512,LinkedIn Ads,2024-07-17,2,0,0.0
5513,Organic/SEO,2024-08-30,1,0,0.0
5513,Email,2024-08-31,2,0,0.0
5514,Google Ads,2024-01-17,1,1,3479.01
5515,Email,2024-07-15,1,0,0.0
5516,Email,2024-08-18,1,0,0.0
5516,Content/Webinar,2024-08-21,2,0,0.0
5516,Cold Outbound,2024-08-21,3,0,0.0
5516,Google Ads,2024-08-21,4,0,0.0
5516,Content/Webinar,2024-08-23,5,0,0.0
5517,Organic/SEO,2024-05-23,1,0,0.0
5517,Cold Outbound,2024-05-27,2,0,0.0
5517,LinkedIn Ads,2024-06-01,3,0,0.0
5518,Referral,2024-02-11,1,0,0.0
5518,LinkedIn Ads,2024-02-11,2,0,0.0
5518,Organic/SEO,2024-02-15,3,0,0.0
5518,LinkedIn Ads,2024-02-16,4,0,0.0
5519,Cold Outbound,2024-08-17,1,0,0.0
5520,Cold Outbound,2024-04-06,1,1,7002.48
5521,Content/Webinar,2024-01-19,1,1,13683.07
5522,Email,2024-04-30,1,0,0.0
5523,Cold Outbound,2024-03-13,1,0,0.0
5524,Google Ads,2024-08-09,1,1,11129.82
5524,Email,2024-08-11,2,1,11129.82
5524,Organic/SEO,2024-08-15,3,1,11129.82
5524,LinkedIn Ads,2024-08-18,4,1,11129.82
5525,LinkedIn Ads,2024-05-23,1,0,0.0
5526,Organic/SEO,2024-11-21,1,0,0.0
5527,Cold Outbound,2024-02-27,1,0,0.0
5527,Cold Outbound,2024-03-02,2,0,0.0
5528,Cold Outbound,2024-03-07,1,0,0.0
5529,LinkedIn Ads,2024-06-28,1,0,0.0
5529,Content/Webinar,2024-07-01,2,0,0.0
5529,Google Ads,2024-07-02,3,0,0.0
5529,Organic/SEO,2024-07-06,4,0,0.0
5529,Organic/SEO,2024-07-09,5,0,0.0
5530,Email,2024-10-20,1,0,0.0
5531,Content/Webinar,2024-03-19,1,0,0.0
5531,Organic/SEO,2024-03-19,2,0,0.0
5532,Organic/SEO,2024-04-03,1,0,0.0
5532,Content/Webinar,2024-04-07,2,0,0.0
5532,Referral,2024-04-08,3,0,0.0
5532,Google Ads,2024-04-09,4,0,0.0
5533,Email,2024-08-11,1,0,0.0
5534,LinkedIn Ads,2024-03-18,1,0,0.0
5535,Referral,2024-06-28,1,1,10008.68
5535,Organic/SEO,2024-06-29,2,1,10008.68
5535,LinkedIn Ads,2024-07-04,3,1,10008.68
5536,Google Ads,2024-11-25,1,0,0.0
5537,Google Ads,2024-05-17,1,0,0.0
5537,Organic/SEO,2024-05-17,2,0,0.0
5537,Cold Outbound,2024-05-21,3,0,0.0
5537,Organic/SEO,2024-05-22,4,0,0.0
5537,Google Ads,2024-05-27,5,0,0.0
5538,Google Ads,2024-04-26,1,0,0.0
5538,Email,2024-04-27,2,0,0.0
5538,Cold Outbound,2024-05-01,3,0,0.0
5539,Cold Outbound,2024-03-15,1,0,0.0
5540,Google Ads,2024-05-26,1,0,0.0
5540,Cold Outbound,2024-05-30,2,0,0.0
5541,Google Ads,2024-03-22,1,0,0.0
5541,Cold Outbound,2024-03-25,2,0,0.0
5542,LinkedIn Ads,2024-04-11,1,1,7321.83
5542,Email,2024-04-11,2,1,7321.83
5543,Organic/SEO,2024-02-23,1,0,0.0
5543,Cold Outbound,2024-02-24,2,0,0.0
5544,Cold Outbound,2024-11-23,1,0,0.0
5544,Cold Outbound,2024-11-25,2,0,0.0
5544,Google Ads,2024-11-28,3,0,0.0
5545,Google Ads,2024-07-26,1,1,11263.2
5545,Content/Webinar,2024-07-31,2,1,11263.2
5546,Organic/SEO,2024-07-07,1,0,0.0
5546,Email,2024-07-09,2,0,0.0
5547,Organic/SEO,2024-08-21,1,0,0.0
5548,Email,2024-01-08,1,0,0.0
5548,Google Ads,2024-01-13,2,0,0.0
5549,Referral,2024-02-03,1,0,0.0
5549,Cold Outbound,2024-02-07,2,0,0.0
5550,Organic/SEO,2024-07-27,1,0,0.0
5550,Google Ads,2024-07-28,2,0,0.0
5550,Google Ads,2024-07-29,3,0,0.0
5550,Cold Outbound,2024-07-29,4,0,0.0
5550,Google Ads,2024-07-31,5,0,0.0
5551,LinkedIn Ads,2024-03-01,1,0,0.0
5551,Referral,2024-03-01,2,0,0.0
5552,Email,2024-06-12,1,0,0.0
5552,Content/Webinar,2024-06-13,2,0,0.0
5553,Google Ads,2024-01-15,1,0,0.0
5553,Cold Outbound,2024-01-19,2,0,0.0
5553,LinkedIn Ads,2024-01-22,3,0,0.0
5554,Email,2024-10-01,1,0,0.0
5555,Cold Outbound,2024-10-21,1,0,0.0
5556,Google Ads,2024-08-26,1,0,0.0
5556,Email,2024-08-28,2,0,0.0
5556,Organic/SEO,2024-08-30,3,0,0.0
5557,Content/Webinar,2024-09-08,1,1,5728.87
5557,Organic/SEO,2024-09-12,2,1,5728.87
5557,Google Ads,2024-09-12,3,1,5728.87
5557,Google Ads,2024-09-16,4,1,5728.87
5558,Cold Outbound,2024-02-17,1,0,0.0
5558,Content/Webinar,2024-02-18,2,0,0.0
5558,LinkedIn Ads,2024-02-20,3,0,0.0
5559,Organic/SEO,2024-09-04,1,0,0.0
5560,Google Ads,2024-03-25,1,1,4035.5
5560,LinkedIn Ads,2024-03-26,2,1,4035.5
5560,Email,2024-03-27,3,1,4035.5
5561,Cold Outbound,2024-05-22,1,0,0.0
5562,Google Ads,2024-11-19,1,0,0.0
5562,Google Ads,2024-11-21,2,0,0.0
5562,Google Ads,2024-11-22,3,0,0.0
5563,Organic/SEO,2024-01-29,1,0,0.0
5563,LinkedIn Ads,2024-02-03,2,0,0.0
5563,Google Ads,2024-02-05,3,0,0.0
5564,Email,2024-05-07,1,0,0.0
5564,Organic/SEO,2024-05-09,2,0,0.0
5565,Google Ads,2024-01-10,1,0,0.0
5565,LinkedIn Ads,2024-01-10,2,0,0.0
5566,LinkedIn Ads,2024-04-18,1,0,0.0
5566,LinkedIn Ads,2024-04-23,2,0,0.0
5566,Organic/SEO,2024-04-23,3,0,0.0
5567,Email,2024-08-06,1,0,0.0
5568,Google Ads,2024-02-08,1,0,0.0
5568,Cold Outbound,2024-02-13,2,0,0.0
5568,Organic/SEO,2024-02-14,3,0,0.0
5569,Cold Outbound,2024-09-24,1,0,0.0
5569,Google Ads,2024-09-25,2,0,0.0
5570,Google Ads,2024-03-12,1,0,0.0
5570,Organic/SEO,2024-03-15,2,0,0.0
5571,Cold Outbound,2024-06-28,1,0,0.0
5572,Google Ads,2024-02-16,1,0,0.0
5573,Google Ads,2024-04-13,1,0,0.0
5573,Google Ads,2024-04-18,2,0,0.0
5574,Google Ads,2024-09-09,1,0,0.0
5574,Content/Webinar,2024-09-09,2,0,0.0
5575,LinkedIn Ads,2024-06-06,1,0,0.0
5575,LinkedIn Ads,2024-06-09,2,0,0.0
5576,Email,2024-03-04,1,0,0.0
5577,Referral,2024-01-25,1,0,0.0
5577,Organic/SEO,2024-01-27,2,0,0.0
5577,Email,2024-02-01,3,0,0.0
5577,Organic/SEO,2024-02-03,4,0,0.0
5577,LinkedIn Ads,2024-02-07,5,0,0.0
5578,Cold Outbound,2024-08-31,1,1,8863.53
5578,Organic/SEO,2024-09-03,2,1,8863.53
5578,Google Ads,2024-09-03,3,1,8863.53
5579,Google Ads,2024-09-01,1,0,0.0
5579,Organic/SEO,2024-09-05,2,0,0.0
5579,Organic/SEO,2024-09-09,3,0,0.0
5580,Email,2024-01-31,1,1,6904.78
5580,Organic/SEO,2024-02-04,2,1,6904.78
5580,Google Ads,2024-02-08,3,1,6904.78
5580,Google Ads,2024-02-09,4,1,6904.78
5580,LinkedIn Ads,2024-02-13,5,1,6904.78
5581,Organic/SEO,2024-03-12,1,0,0.0
5581,Cold Outbound,2024-03-16,2,0,0.0
5581,Organic/SEO,2024-03-20,3,0,0.0
5582,LinkedIn Ads,2024-02-12,1,0,0.0
5583,LinkedIn Ads,2024-11-13,1,0,0.0
5584,Email,2024-06-04,1,0,0.0
5584,Cold Outbound,2024-06-07,2,0,0.0
5585,Google Ads,2024-09-20,1,0,0.0
5585,Content/Webinar,2024-09-21,2,0,0.0
5585,Google Ads,2024-09-21,3,0,0.0
5585,LinkedIn Ads,2024-09-22,4,0,0.0
5585,Email,2024-09-23,5,0,0.0
5586,LinkedIn Ads,2024-02-25,1,0,0.0
5587,Google Ads,2024-03-23,1,0,0.0
5587,Google Ads,2024-03-23,2,0,0.0
5587,Cold Outbound,2024-03-28,3,0,0.0
5587,Google Ads,2024-03-29,4,0,0.0
5587,Email,2024-03-31,5,0,0.0
5588,Content/Webinar,2024-05-28,1,0,0.0
5588,LinkedIn Ads,2024-05-30,2,0,0.0
5589,Organic/SEO,2024-04-27,1,0,0.0
5589,LinkedIn Ads,2024-04-29,2,0,0.0
5589,Organic/SEO,2024-05-03,3,0,0.0
5590,Cold Outbound,2024-02-20,1,0,0.0
5591,LinkedIn Ads,2024-10-10,1,1,7849.18
5591,Content/Webinar,2024-10-15,2,1,7849.18
5591,Content/Webinar,2024-10-17,3,1,7849.18
5591,Organic/SEO,2024-10-18,4,1,7849.18
5592,Referral,2024-11-14,1,1,10858.43
5592,Content/Webinar,2024-11-19,2,1,10858.43
5592,Organic/SEO,2024-11-21,3,1,10858.43
5592,Organic/SEO,2024-11-21,4,1,10858.43
5592,LinkedIn Ads,2024-11-24,5,1,10858.43
5593,Email,2024-11-18,1,0,0.0
5594,Organic/SEO,2024-01-12,1,0,0.0
5594,Google Ads,2024-01-12,2,0,0.0
5594,Email,2024-01-16,3,0,0.0
5595,LinkedIn Ads,2024-01-19,1,0,0.0
5596,LinkedIn Ads,2024-03-26,1,0,0.0
5597,Cold Outbound,2024-05-19,1,0,0.0
5597,Content/Webinar,2024-05-24,2,0,0.0
5598,Content/Webinar,2024-08-30,1,1,13331.74
5598,LinkedIn Ads,2024-09-03,2,1,13331.74
5599,Cold Outbound,2024-06-08,1,1,3876.65
5599,Organic/SEO,2024-06-09,2,1,3876.65
5599,Email,2024-06-12,3,1,3876.65
5600,Content/Webinar,2024-04-01,1,0,0.0
5600,Content/Webinar,2024-04-03,2,0,0.0
5600,LinkedIn Ads,2024-04-07,3,0,0.0
5601,Organic/SEO,2024-10-05,1,0,0.0
5601,LinkedIn Ads,2024-10-06,2,0,0.0
5601,Google Ads,2024-10-11,3,0,0.0
5602,Organic/SEO,2024-02-18,1,0,0.0
5603,LinkedIn Ads,2024-11-01,1,0,0.0
5603,Cold Outbound,2024-11-02,2,0,0.0
5603,Cold Outbound,2024-11-02,3,0,0.0
5603,Google Ads,2024-11-04,4,0,0.0
5604,Cold Outbound,2024-09-13,1,1,4885.6
5604,Cold Outbound,2024-09-15,2,1,4885.6
5604,Google Ads,2024-09-15,3,1,4885.6
5604,LinkedIn Ads,2024-09-15,4,1,4885.6
5604,LinkedIn Ads,2024-09-19,5,1,4885.6
5605,Google Ads,2024-04-11,1,0,0.0
5605,Google Ads,2024-04-11,2,0,0.0
5606,Email,2024-07-05,1,0,0.0
5606,LinkedIn Ads,2024-07-09,2,0,0.0
5607,Organic/SEO,2024-01-23,1,0,0.0
5607,Cold Outbound,2024-01-28,2,0,0.0
5607,Organic/SEO,2024-01-31,3,0,0.0
5608,LinkedIn Ads,2024-02-29,1,1,5367.4
5608,Google Ads,2024-03-04,2,1,5367.4
5608,Content/Webinar,2024-03-08,3,1,5367.4
5609,Organic/SEO,2024-07-22,1,0,0.0
5609,Cold Outbound,2024-07-25,2,0,0.0
5609,Organic/SEO,2024-07-28,3,0,0.0
5609,Email,2024-07-29,4,0,0.0
5609,LinkedIn Ads,2024-07-31,5,0,0.0
5610,Google Ads,2024-05-04,1,0,0.0
5610,Email,2024-05-07,2,0,0.0
5611,Organic/SEO,2024-09-15,1,0,0.0
5611,Organic/SEO,2024-09-19,2,0,0.0
5612,Organic/SEO,2024-11-28,1,0,0.0
5613,Google Ads,2024-11-17,1,0,0.0
5613,Email,2024-11-22,2,0,0.0
5614,Google Ads,2024-06-13,1,0,0.0
5614,Organic/SEO,2024-06-17,2,0,0.0
5615,Cold Outbound,2024-03-28,1,0,0.0
5615,Content/Webinar,2024-04-01,2,0,0.0
5615,Cold Outbound,2024-04-04,3,0,0.0
5615,Referral,2024-04-07,4,0,0.0
5616,Google Ads,2024-08-12,1,0,0.0
5616,Cold Outbound,2024-08-14,2,0,0.0
5617,Organic/SEO,2024-03-04,1,0,0.0
5617,Organic/SEO,2024-03-04,2,0,0.0
5617,Organic/SEO,2024-03-05,3,0,0.0
5618,Cold Outbound,2024-03-31,1,1,8832.51
5618,LinkedIn Ads,2024-04-04,2,1,8832.51
5618,Content/Webinar,2024-04-05,3,1,8832.51
5618,Google Ads,2024-04-07,4,1,8832.51
5618,Email,2024-04-12,5,1,8832.51
5619,Email,2024-08-10,1,0,0.0
5619,Cold Outbound,2024-08-13,2,0,0.0
5619,Organic/SEO,2024-08-13,3,0,0.0
5620,Content/Webinar,2024-07-15,1,1,9713.25
5620,Content/Webinar,2024-07-16,2,1,9713.25
5620,Content/Webinar,2024-07-21,3,1,9713.25
5621,Google Ads,2024-06-02,1,1,7710.46
5621,Cold Outbound,2024-06-02,2,1,7710.46
5621,Content/Webinar,2024-06-02,3,1,7710.46
5622,Referral,2024-10-01,1,0,0.0
5622,Google Ads,2024-10-06,2,0,0.0
5623,Google Ads,2024-08-21,1,1,7938.58
5624,Google Ads,2024-09-13,1,0,0.0
5625,Organic/SEO,2024-10-23,1,0,0.0
5626,LinkedIn Ads,2024-07-22,1,0,0.0
5626,Google Ads,2024-07-22,2,0,0.0
5626,Google Ads,2024-07-23,3,0,0.0
5626,Google Ads,2024-07-23,4,0,0.0
5627,Content/Webinar,2024-04-02,1,1,14134.38
5628,Cold Outbound,2024-06-09,1,0,0.0
5628,Cold Outbound,2024-06-12,2,0,0.0
5628,Google Ads,2024-06-12,3,0,0.0
5629,Cold Outbound,2024-06-08,1,1,6011.63
5629,LinkedIn Ads,2024-06-08,2,1,6011.63
5629,Google Ads,2024-06-10,3,1,6011.63
5629,LinkedIn Ads,2024-06-12,4,1,6011.63
5630,Organic/SEO,2024-04-09,1,0,0.0
5630,Cold Outbound,2024-04-13,2,0,0.0
5630,Content/Webinar,2024-04-13,3,0,0.0
5631,Content/Webinar,2024-11-08,1,0,0.0
5632,LinkedIn Ads,2024-01-20,1,0,0.0
5633,Referral,2024-09-29,1,0,0.0
5634,Google Ads,2024-02-07,1,0,0.0
5634,Cold Outbound,2024-02-08,2,0,0.0
5635,Google Ads,2024-03-11,1,0,0.0
5635,Cold Outbound,2024-03-14,2,0,0.0
5635,Content/Webinar,2024-03-17,3,0,0.0
5636,Organic/SEO,2024-01-15,1,1,5561.59
5636,Content/Webinar,2024-01-17,2,1,5561.59
5636,Cold Outbound,2024-01-19,3,1,5561.59
5637,Organic/SEO,2024-03-18,1,0,0.0
5638,Organic/SEO,2024-01-02,1,0,0.0
5639,LinkedIn Ads,2024-08-11,1,0,0.0
5640,Google Ads,2024-01-18,1,0,0.0
5640,Cold Outbound,2024-01-21,2,0,0.0
5641,Referral,2024-03-30,1,0,0.0
5641,LinkedIn Ads,2024-04-04,2,0,0.0
5641,Content/Webinar,2024-04-08,3,0,0.0
5641,Organic/SEO,2024-04-08,4,0,0.0
5642,LinkedIn Ads,2024-06-22,1,0,0.0
5643,Email,2024-10-08,1,0,0.0
5643,Cold Outbound,2024-10-09,2,0,0.0
5643,Cold Outbound,2024-10-14,3,0,0.0
5643,Organic/SEO,2024-10-16,4,0,0.0
5644,Email,2024-03-05,1,0,0.0
5645,LinkedIn Ads,2024-01-10,1,1,8632.17
5645,Cold Outbound,2024-01-11,2,1,8632.17
5645,Email,2024-01-15,3,1,8632.17
5646,Organic/SEO,2024-10-03,1,0,0.0
5647,Organic/SEO,2024-05-26,1,0,0.0
5647,Content/Webinar,2024-05-26,2,0,0.0
5648,Organic/SEO,2024-07-06,1,0,0.0
5648,Content/Webinar,2024-07-07,2,0,0.0
5649,Content/Webinar,2024-02-05,1,0,0.0
5649,Cold Outbound,2024-02-06,2,0,0.0
5650,Email,2024-04-26,1,0,0.0
5650,Content/Webinar,2024-04-29,2,0,0.0
5650,Email,2024-04-29,3,0,0.0
5651,LinkedIn Ads,2024-10-07,1,0,0.0
5651,Google Ads,2024-10-12,2,0,0.0
5651,Referral,2024-10-13,3,0,0.0
5651,Cold Outbound,2024-10-17,4,0,0.0
5652,Email,2024-04-18,1,0,0.0
5652,Organic/SEO,2024-04-18,2,0,0.0
5652,Cold Outbound,2024-04-20,3,0,0.0
5652,Cold Outbound,2024-04-21,4,0,0.0
5652,Google Ads,2024-04-23,5,0,0.0
5653,Google Ads,2024-06-13,1,0,0.0
5654,Organic/SEO,2024-07-19,1,0,0.0
5654,Google Ads,2024-07-21,2,0,0.0
5655,Email,2024-11-24,1,0,0.0
5656,Referral,2024-03-31,1,0,0.0
5656,Content/Webinar,2024-04-01,2,0,0.0
5656,Content/Webinar,2024-04-01,3,0,0.0
5657,Content/Webinar,2024-04-11,1,0,0.0
5657,Google Ads,2024-04-12,2,0,0.0
5657,Email,2024-04-16,3,0,0.0
5658,Cold Outbound,2024-05-24,1,0,0.0
5659,Google Ads,2024-01-20,1,1,10183.23
5659,Content/Webinar,2024-01-20,2,1,10183.23
5659,Organic/SEO,2024-01-20,3,1,10183.23
5659,Content/Webinar,2024-01-25,4,1,10183.23
5660,Email,2024-01-21,1,0,0.0
5661,Google Ads,2024-01-21,1,0,0.0
5662,Google Ads,2024-09-09,1,0,0.0
5662,LinkedIn Ads,2024-09-13,2,0,0.0
5663,Email,2024-06-18,1,1,9318.01
5663,Email,2024-06-22,2,1,9318.01
5663,Cold Outbound,2024-06-26,3,1,9318.01
5663,LinkedIn Ads,2024-07-01,4,1,9318.01
5664,Email,2024-01-26,1,0,0.0
5664,Cold Outbound,2024-01-30,2,0,0.0
5664,Google Ads,2024-02-04,3,0,0.0
5664,Google Ads,2024-02-07,4,0,0.0
5665,Email,2024-03-25,1,1,8260.41
5666,Organic/SEO,2024-07-23,1,0,0.0
5666,LinkedIn Ads,2024-07-28,2,0,0.0
5666,Google Ads,2024-07-30,3,0,0.0
5666,Google Ads,2024-07-31,4,0,0.0
5667,Content/Webinar,2024-02-06,1,1,12240.58
5667,Google Ads,2024-02-09,2,1,12240.58
5667,Content/Webinar,2024-02-11,3,1,12240.58
5667,LinkedIn Ads,2024-02-15,4,1,12240.58
5668,Google Ads,2024-09-14,1,0,0.0
5668,Cold Outbound,2024-09-17,2,0,0.0
5668,Cold Outbound,2024-09-19,3,0,0.0
5668,Google Ads,2024-09-23,4,0,0.0
5669,Organic/SEO,2024-05-30,1,0,0.0
5669,Organic/SEO,2024-06-04,2,0,0.0
5669,Google Ads,2024-06-04,3,0,0.0
5670,Email,2024-03-11,1,0,0.0
5671,LinkedIn Ads,2024-09-13,1,1,3454.39
5671,Cold Outbound,2024-09-15,2,1,3454.39
5671,Cold Outbound,2024-09-20,3,1,3454.39
5671,Cold Outbound,2024-09-20,4,1,3454.39
5671,Cold Outbound,2024-09-20,5,1,3454.39
5672,Organic/SEO,2024-02-24,1,0,0.0
5673,Email,2024-08-20,1,1,7732.69
5674,Google Ads,2024-03-15,1,0,0.0
5674,Google Ads,2024-03-15,2,0,0.0
5674,Cold Outbound,2024-03-15,3,0,0.0
5674,Google Ads,2024-03-19,4,0,0.0
5675,Cold Outbound,2024-03-13,1,0,0.0
5675,Content/Webinar,2024-03-17,2,0,0.0
5675,Cold Outbound,2024-03-20,3,0,0.0
5676,Organic/SEO,2024-11-18,1,0,0.0
5676,Email,2024-11-19,2,0,0.0
5677,Email,2024-01-13,1,0,0.0
5677,Organic/SEO,2024-01-14,2,0,0.0
5677,Email,2024-01-14,3,0,0.0
5677,Google Ads,2024-01-14,4,0,0.0
5678,Cold Outbound,2024-04-10,1,0,0.0
5679,Content/Webinar,2024-01-16,1,0,0.0
5679,Google Ads,2024-01-18,2,0,0.0
5679,Email,2024-01-20,3,0,0.0
5680,Organic/SEO,2024-01-08,1,0,0.0
5680,Google Ads,2024-01-11,2,0,0.0
5680,Content/Webinar,2024-01-12,3,0,0.0
5680,Referral,2024-01-16,4,0,0.0
5680,Content/Webinar,2024-01-20,5,0,0.0
5681,Organic/SEO,2024-06-17,1,1,4242.94
5681,Organic/SEO,2024-06-17,2,1,4242.94
5681,LinkedIn Ads,2024-06-18,3,1,4242.94
5682,LinkedIn Ads,2024-01-27,1,0,0.0
5682,Google Ads,2024-01-31,2,0,0.0
5683,Email,2024-03-17,1,0,0.0
5683,LinkedIn Ads,2024-03-20,2,0,0.0
5683,Organic/SEO,2024-03-21,3,0,0.0
5683,Cold Outbound,2024-03-22,4,0,0.0
5684,Cold Outbound,2024-09-28,1,0,0.0
5684,Content/Webinar,2024-09-30,2,0,0.0
5685,Email,2024-03-10,1,1,5075.1
5685,Google Ads,2024-03-13,2,1,5075.1
5686,Organic/SEO,2024-01-27,1,0,0.0
5686,Email,2024-01-29,2,0,0.0
5687,Email,2024-02-15,1,0,0.0
5687,Organic/SEO,2024-02-16,2,0,0.0
5687,Email,2024-02-18,3,0,0.0
5688,Google Ads,2024-11-13,1,0,0.0
5688,Cold Outbound,2024-11-16,2,0,0.0
5688,Cold Outbound,2024-11-19,3,0,0.0
5688,Cold Outbound,2024-11-24,4,0,0.0
5689,Email,2024-03-29,1,0,0.0
5690,Organic/SEO,2024-07-11,1,1,9069.37
5690,Cold Outbound,2024-07-16,2,1,9069.37
5690,Referral,2024-07-20,3,1,9069.37
5691,Content/Webinar,2024-09-09,1,0,0.0
5691,Cold Outbound,2024-09-14,2,0,0.0
5691,Email,2024-09-16,3,0,0.0
5691,Email,2024-09-16,4,0,0.0
5691,Google Ads,2024-09-18,5,0,0.0
5692,Referral,2024-02-13,1,0,0.0
5692,Cold Outbound,2024-02-16,2,0,0.0
5693,Google Ads,2024-02-05,1,0,0.0
5693,Organic/SEO,2024-02-10,2,0,0.0
5694,Cold Outbound,2024-10-02,1,0,0.0
5694,Google Ads,2024-10-03,2,0,0.0
5694,LinkedIn Ads,2024-10-06,3,0,0.0
5694,Referral,2024-10-09,4,0,0.0
5695,LinkedIn Ads,2024-08-14,1,0,0.0
5696,Content/Webinar,2024-02-21,1,0,0.0
5696,Content/Webinar,2024-02-24,2,0,0.0
5697,Organic/SEO,2024-03-10,1,0,0.0
5697,Google Ads,2024-03-15,2,0,0.0
5697,Organic/SEO,2024-03-20,3,0,0.0
5697,Google Ads,2024-03-20,4,0,0.0
5697,Content/Webinar,2024-03-24,5,0,0.0
5698,Cold Outbound,2024-08-15,1,0,0.0
5699,Google Ads,2024-02-20,1,0,0.0
5699,Cold Outbound,2024-02-20,2,0,0.0
5699,Google Ads,2024-02-24,3,0,0.0
5700,LinkedIn Ads,2024-03-09,1,0,0.0
5700,LinkedIn Ads,2024-03-13,2,0,0.0
5701,Content/Webinar,2024-09-17,1,0,0.0
5701,Email,2024-09-18,2,0,0.0
5701,Cold Outbound,2024-09-19,3,0,0.0
5702,Email,2024-02-17,1,0,0.0
5703,Cold Outbound,2024-06-19,1,0,0.0
5703,Cold Outbound,2024-06-22,2,0,0.0
5704,Organic/SEO,2024-02-02,1,0,0.0
5705,Email,2024-08-11,1,0,0.0
5706,Email,2024-05-22,1,0,0.0
5707,LinkedIn Ads,2024-11-03,1,0,0.0
5707,Referral,2024-11-06,2,0,0.0
5708,Email,2024-06-02,1,0,0.0
5708,Cold Outbound,2024-06-02,2,0,0.0
5708,Cold Outbound,2024-06-02,3,0,0.0
5709,Cold Outbound,2024-01-31,1,0,0.0
5710,LinkedIn Ads,2024-07-29,1,0,0.0
5710,Cold Outbound,2024-08-03,2,0,0.0
5711,LinkedIn Ads,2024-10-05,1,0,0.0
5711,Email,2024-10-06,2,0,0.0
5711,Organic/SEO,2024-10-09,3,0,0.0
5711,Cold Outbound,2024-10-10,4,0,0.0
5712,Organic/SEO,2024-05-23,1,0,0.0
5712,Email,2024-05-23,2,0,0.0
5712,Email,2024-05-25,3,0,0.0
5712,Content/Webinar,2024-05-27,4,0,0.0
5713,Cold Outbound,2024-09-10,1,0,0.0
5713,Organic/SEO,2024-09-14,2,0,0.0
5713,Email,2024-09-18,3,0,0.0
5713,Content/Webinar,2024-09-21,4,0,0.0
5714,Google Ads,2024-06-09,1,0,0.0
5714,LinkedIn Ads,2024-06-13,2,0,0.0
5714,Cold Outbound,2024-06-18,3,0,0.0
5715,Google Ads,2024-08-30,1,0,0.0
5716,Email,2024-10-24,1,1,3137.49
5716,LinkedIn Ads,2024-10-25,2,1,3137.49
5716,Google Ads,2024-10-30,3,1,3137.49
5717,Email,2024-09-09,1,0,0.0
5717,Google Ads,2024-09-09,2,0,0.0
5718,Google Ads,2024-05-17,1,0,0.0
5718,LinkedIn Ads,2024-05-21,2,0,0.0
5719,Google Ads,2024-09-10,1,0,0.0
5719,Email,2024-09-11,2,0,0.0
5720,Organic/SEO,2024-08-10,1,1,6591.57
5720,Google Ads,2024-08-12,2,1,6591.57
5720,Organic/SEO,2024-08-16,3,1,6591.57
5721,Email,2024-03-13,1,0,0.0
5721,Content/Webinar,2024-03-14,2,0,0.0
5722,Organic/SEO,2024-03-24,1,0,0.0
5722,LinkedIn Ads,2024-03-29,2,0,0.0
5722,LinkedIn Ads,2024-03-30,3,0,0.0
5723,Google Ads,2024-06-07,1,0,0.0
5723,Email,2024-06-10,2,0,0.0
5723,Email,2024-06-14,3,0,0.0
5724,Email,2024-11-15,1,0,0.0
5724,Cold Outbound,2024-11-18,2,0,0.0
5724,Organic/SEO,2024-11-20,3,0,0.0
5725,Google Ads,2024-11-12,1,0,0.0
5725,Google Ads,2024-11-14,2,0,0.0
5725,Google Ads,2024-11-19,3,0,0.0
5726,Content/Webinar,2024-02-21,1,0,0.0
5726,Content/Webinar,2024-02-24,2,0,0.0
5727,Google Ads,2024-06-13,1,0,0.0
5727,Content/Webinar,2024-06-13,2,0,0.0
5727,Organic/SEO,2024-06-18,3,0,0.0
5728,Referral,2024-02-13,1,0,0.0
5728,Cold Outbound,2024-02-17,2,0,0.0
5728,Cold Outbound,2024-02-18,3,0,0.0
5728,Email,2024-02-19,4,0,0.0
5729,LinkedIn Ads,2024-02-10,1,0,0.0
5729,Referral,2024-02-14,2,0,0.0
5729,Email,2024-02-14,3,0,0.0
5730,Content/Webinar,2024-08-22,1,0,0.0
5730,Content/Webinar,2024-08-26,2,0,0.0
5730,Organic/SEO,2024-08-30,3,0,0.0
5730,Cold Outbound,2024-09-04,4,0,0.0
5730,Google Ads,2024-09-09,5,0,0.0
5731,Google Ads,2024-08-29,1,0,0.0
5731,Email,2024-09-01,2,0,0.0
5732,LinkedIn Ads,2024-01-21,1,1,14114.67
5732,Content/Webinar,2024-01-26,2,1,14114.67
5733,Cold Outbound,2024-04-09,1,0,0.0
5734,Email,2024-07-01,1,0,0.0
5735,Organic/SEO,2024-08-17,1,0,0.0
5736,Content/Webinar,2024-08-18,1,0,0.0
5736,LinkedIn Ads,2024-08-19,2,0,0.0
5737,Cold Outbound,2024-03-17,1,0,0.0
5738,Cold Outbound,2024-11-09,1,0,0.0
5738,Cold Outbound,2024-11-13,2,0,0.0
5739,Organic/SEO,2024-11-01,1,0,0.0
5739,Google Ads,2024-11-06,2,0,0.0
5739,Google Ads,2024-11-08,3,0,0.0
5739,LinkedIn Ads,2024-11-12,4,0,0.0
5740,Google Ads,2024-06-04,1,0,0.0
5740,Organic/SEO,2024-06-05,2,0,0.0
5740,Organic/SEO,2024-06-05,3,0,0.0
5740,LinkedIn Ads,2024-06-09,4,0,0.0
5741,Cold Outbound,2024-07-07,1,0,0.0
5742,LinkedIn Ads,2024-09-05,1,0,0.0
5743,Cold Outbound,2024-04-14,1,1,11634.29
5743,Cold Outbound,2024-04-16,2,1,11634.29
5743,Organic/SEO,2024-04-16,3,1,11634.29
5744,Cold Outbound,2024-08-27,1,0,0.0
5744,Cold Outbound,2024-09-01,2,0,0.0
5744,Organic/SEO,2024-09-03,3,0,0.0
5745,Google Ads,2024-06-11,1,1,3939.42
5745,Content/Webinar,2024-06-13,2,1,3939.42
5745,Google Ads,2024-06-15,3,1,3939.42
5745,Organic/SEO,2024-06-20,4,1,3939.42
5746,Cold Outbound,2024-05-15,1,0,0.0
5746,Organic/SEO,2024-05-15,2,0,0.0
5747,Content/Webinar,2024-07-19,1,0,0.0
5747,Cold Outbound,2024-07-22,2,0,0.0
5747,Cold Outbound,2024-07-24,3,0,0.0
5748,Email,2024-01-11,1,0,0.0
5749,Referral,2024-05-03,1,1,12427.14
5750,Google Ads,2024-02-14,1,0,0.0
5750,Referral,2024-02-19,2,0,0.0
5751,Cold Outbound,2024-04-26,1,0,0.0
5751,LinkedIn Ads,2024-04-28,2,0,0.0
5752,Cold Outbound,2024-02-02,1,1,4955.1
5752,LinkedIn Ads,2024-02-02,2,1,4955.1
5752,LinkedIn Ads,2024-02-04,3,1,4955.1
5753,Content/Webinar,2024-04-07,1,0,0.0
5753,Email,2024-04-07,2,0,0.0
5753,Google Ads,2024-04-10,3,0,0.0
5753,Email,2024-04-15,4,0,0.0
5753,Cold Outbound,2024-04-19,5,0,0.0
5754,Cold Outbound,2024-02-14,1,0,0.0
5754,Email,2024-02-17,2,0,0.0
5755,Cold Outbound,2024-04-07,1,0,0.0
5756,Email,2024-10-11,1,0,0.0
5756,Google Ads,2024-10-11,2,0,0.0
5756,LinkedIn Ads,2024-10-13,3,0,0.0
5757,Email,2024-05-11,1,0,0.0
5757,Cold Outbound,2024-05-13,2,0,0.0
5757,Google Ads,2024-05-18,3,0,0.0
5757,Cold Outbound,2024-05-20,4,0,0.0
5758,Cold Outbound,2024-01-14,1,0,0.0
5758,Content/Webinar,2024-01-19,2,0,0.0
5758,Google Ads,2024-01-24,3,0,0.0
5759,Email,2024-07-15,1,1,8454.33
5759,Email,2024-07-18,2,1,8454.33
5760,Cold Outbound,2024-09-25,1,0,0.0
5761,Google Ads,2024-01-06,1,0,0.0
5761,Organic/SEO,2024-01-08,2,0,0.0
5762,Google Ads,2024-06-27,1,0,0.0
5763,LinkedIn Ads,2024-06-25,1,1,6080.35
5763,Referral,2024-06-26,2,1,6080.35
5763,Cold Outbound,2024-06-26,3,1,6080.35
5763,Content/Webinar,2024-06-29,4,1,6080.35
5763,Cold Outbound,2024-07-04,5,1,6080.35
5764,Google Ads,2024-10-05,1,0,0.0
5765,Content/Webinar,2024-03-18,1,0,0.0
5766,Google Ads,2024-07-27,1,0,0.0
5766,Cold Outbound,2024-07-30,2,0,0.0
5766,Cold Outbound,2024-08-02,3,0,0.0
5766,LinkedIn Ads,2024-08-02,4,0,0.0
5766,Organic/SEO,2024-08-02,5,0,0.0
5767,Organic/SEO,2024-06-21,1,0,0.0
5767,Cold Outbound,2024-06-21,2,0,0.0
5768,Google Ads,2024-05-20,1,0,0.0
5768,Google Ads,2024-05-20,2,0,0.0
5768,Referral,2024-05-20,3,0,0.0
5768,Email,2024-05-21,4,0,0.0
5768,Cold Outbound,2024-05-22,5,0,0.0
5769,Content/Webinar,2024-04-27,1,0,0.0
5769,Organic/SEO,2024-04-29,2,0,0.0
5769,Cold Outbound,2024-04-30,3,0,0.0
5770,Google Ads,2024-10-25,1,0,0.0
5771,Referral,2024-01-10,1,0,0.0
5771,Cold Outbound,2024-01-10,2,0,0.0
5772,Content/Webinar,2024-10-16,1,0,0.0
5772,LinkedIn Ads,2024-10-18,2,0,0.0
5773,Google Ads,2024-03-20,1,0,0.0
5774,Organic/SEO,2024-01-17,1,0,0.0
5774,Organic/SEO,2024-01-19,2,0,0.0
5775,Email,2024-07-11,1,0,0.0
5775,Content/Webinar,2024-07-12,2,0,0.0
5775,LinkedIn Ads,2024-07-16,3,0,0.0
5775,Email,2024-07-21,4,0,0.0
5775,Cold Outbound,2024-07-25,5,0,0.0
5776,LinkedIn Ads,2024-08-08,1,0,0.0
5776,LinkedIn Ads,2024-08-11,2,0,0.0
5777,LinkedIn Ads,2024-05-12,1,0,0.0
5777,Google Ads,2024-05-12,2,0,0.0
5777,Cold Outbound,2024-05-14,3,0,0.0
5778,Content/Webinar,2024-08-24,1,0,0.0
5779,Organic/SEO,2024-04-07,1,0,0.0
5779,Google Ads,2024-04-07,2,0,0.0
5779,Content/Webinar,2024-04-07,3,0,0.0
5780,Organic/SEO,2024-11-21,1,0,0.0
5780,Content/Webinar,2024-11-24,2,0,0.0
5781,Email,2024-06-12,1,0,0.0
5781,Email,2024-06-13,2,0,0.0
5782,LinkedIn Ads,2024-04-15,1,1,3378.58
5782,Cold Outbound,2024-04-19,2,1,3378.58
5783,Email,2024-03-07,1,1,5676.45
5783,LinkedIn Ads,2024-03-07,2,1,5676.45
5783,Google Ads,2024-03-11,3,1,5676.45
5783,LinkedIn Ads,2024-03-12,4,1,5676.45
5784,Google Ads,2024-08-09,1,1,3658.32
5785,Content/Webinar,2024-05-15,1,0,0.0
5785,Organic/SEO,2024-05-19,2,0,0.0
5785,LinkedIn Ads,2024-05-19,3,0,0.0
5785,Organic/SEO,2024-05-23,4,0,0.0
5785,Organic/SEO,2024-05-28,5,0,0.0
5786,Cold Outbound,2024-07-02,1,0,0.0
5786,LinkedIn Ads,2024-07-03,2,0,0.0
5787,Email,2024-11-15,1,0,0.0
5787,Google Ads,2024-11-15,2,0,0.0
5788,Content/Webinar,2024-10-30,1,1,5647.38
5788,Cold Outbound,2024-11-01,2,1,5647.38
5789,Email,2024-07-14,1,0,0.0
5789,LinkedIn Ads,2024-07-15,2,0,0.0
5789,Google Ads,2024-07-18,3,0,0.0
5790,Cold Outbound,2024-07-18,1,0,0.0
5790,Cold Outbound,2024-07-21,2,0,0.0
5790,Content/Webinar,2024-07-25,3,0,0.0
5790,Cold Outbound,2024-07-25,4,0,0.0
5791,Google Ads,2024-05-03,1,0,0.0
5791,Content/Webinar,2024-05-04,2,0,0.0
5791,Organic/SEO,2024-05-09,3,0,0.0
5791,Cold Outbound,2024-05-11,4,0,0.0
5792,Content/Webinar,2024-04-02,1,0,0.0
5792,LinkedIn Ads,2024-04-06,2,0,0.0
5792,Cold Outbound,2024-04-07,3,0,0.0
5793,Organic/SEO,2024-03-14,1,0,0.0
5793,Email,2024-03-17,2,0,0.0
5794,Cold Outbound,2024-04-09,1,0,0.0
5794,Content/Webinar,2024-04-14,2,0,0.0
5795,Content/Webinar,2024-02-26,1,0,0.0
5795,Organic/SEO,2024-02-28,2,0,0.0
5796,Content/Webinar,2024-06-11,1,0,0.0
5796,Email,2024-06-16,2,0,0.0
5796,LinkedIn Ads,2024-06-21,3,0,0.0
5797,Content/Webinar,2024-09-15,1,0,0.0
5798,Organic/SEO,2024-04-23,1,0,0.0
5799,Google Ads,2024-09-30,1,0,0.0
5799,Organic/SEO,2024-09-30,2,0,0.0
5799,Referral,2024-10-02,3,0,0.0
5799,LinkedIn Ads,2024-10-04,4,0,0.0
5799,Google Ads,2024-10-09,5,0,0.0
5800,Referral,2024-09-03,1,0,0.0
5800,Email,2024-09-05,2,0,0.0
5801,Email,2024-11-08,1,0,0.0
5801,Organic/SEO,2024-11-09,2,0,0.0
5801,Google Ads,2024-11-13,3,0,0.0
5801,Google Ads,2024-11-16,4,0,0.0
5802,Email,2024-03-13,1,1,4873.0
5802,Google Ads,2024-03-17,2,1,4873.0
5803,Organic/SEO,2024-06-10,1,0,0.0
5803,Cold Outbound,2024-06-14,2,0,0.0
5803,Organic/SEO,2024-06-15,3,0,0.0
5804,Content/Webinar,2024-11-28,1,0,0.0
5804,Google Ads,2024-12-02,2,0,0.0
5804,Cold Outbound,2024-12-07,3,0,0.0
5805,Cold Outbound,2024-09-19,1,0,0.0
5805,Email,2024-09-24,2,0,0.0
5805,Cold Outbound,2024-09-26,3,0,0.0
5805,Organic/SEO,2024-10-01,4,0,0.0
5806,Cold Outbound,2024-11-15,1,0,0.0
5806,Content/Webinar,2024-11-17,2,0,0.0
5807,Content/Webinar,2024-09-20,1,0,0.0
5807,Organic/SEO,2024-09-25,2,0,0.0
5808,LinkedIn Ads,2024-07-27,1,0,0.0
5808,Google Ads,2024-08-01,2,0,0.0
5808,LinkedIn Ads,2024-08-06,3,0,0.0
5808,Google Ads,2024-08-07,4,0,0.0
5809,Email,2024-06-26,1,0,0.0
5809,Cold Outbound,2024-06-26,2,0,0.0
5809,Cold Outbound,2024-06-29,3,0,0.0
5809,Content/Webinar,2024-07-03,4,0,0.0
5810,LinkedIn Ads,2024-05-11,1,0,0.0
5811,Organic/SEO,2024-06-28,1,0,0.0
5812,Google Ads,2024-04-23,1,0,0.0
5813,Cold Outbound,2024-07-30,1,0,0.0
5813,LinkedIn Ads,2024-07-30,2,0,0.0
5813,Content/Webinar,2024-07-30,3,0,0.0
5813,Organic/SEO,2024-07-30,4,0,0.0
5813,LinkedIn Ads,2024-07-30,5,0,0.0
5814,LinkedIn Ads,2024-05-04,1,1,5240.26
5814,Cold Outbound,2024-05-06,2,1,5240.26
5815,Cold Outbound,2024-02-14,1,0,0.0
5815,Email,2024-02-15,2,0,0.0
5816,LinkedIn Ads,2024-06-14,1,1,12303.67
5816,Content/Webinar,2024-06-16,2,1,12303.67
5817,Content/Webinar,2024-10-05,1,0,0.0
5818,Cold Outbound,2024-07-15,1,0,0.0
5818,Google Ads,2024-07-17,2,0,0.0
5819,Email,2024-11-04,1,0,0.0
5819,Email,2024-11-07,2,0,0.0
5820,Cold Outbound,2024-01-16,1,0,0.0
5820,Content/Webinar,2024-01-17,2,0,0.0
5820,Referral,2024-01-20,3,0,0.0
5820,Content/Webinar,2024-01-25,4,0,0.0
5821,Google Ads,2024-03-20,1,0,0.0
5822,Cold Outbound,2024-08-26,1,0,0.0
5823,LinkedIn Ads,2024-11-01,1,0,0.0
5824,LinkedIn Ads,2024-04-29,1,0,0.0
5824,Google Ads,2024-05-04,2,0,0.0
5824,Google Ads,2024-05-06,3,0,0.0
5824,Organic/SEO,2024-05-08,4,0,0.0
5824,LinkedIn Ads,2024-05-10,5,0,0.0
5825,Cold Outbound,2024-04-23,1,0,0.0
5825,Organic/SEO,2024-04-26,2,0,0.0
5826,Content/Webinar,2024-09-20,1,0,0.0
5827,Email,2024-08-18,1,0,0.0
5827,Organic/SEO,2024-08-23,2,0,0.0
5827,LinkedIn Ads,2024-08-24,3,0,0.0
5828,LinkedIn Ads,2024-02-10,1,0,0.0
5828,Cold Outbound,2024-02-15,2,0,0.0
5828,LinkedIn Ads,2024-02-19,3,0,0.0
5828,Google Ads,2024-02-21,4,0,0.0
5829,Content/Webinar,2024-03-07,1,0,0.0
5829,Email,2024-03-07,2,0,0.0
5829,Google Ads,2024-03-07,3,0,0.0
5830,Organic/SEO,2024-11-11,1,1,6824.61
5831,Cold Outbound,2024-06-19,1,0,0.0
5832,Content/Webinar,2024-03-15,1,1,12082.68
5833,LinkedIn Ads,2024-03-24,1,0,0.0
5833,Cold Outbound,2024-03-28,2,0,0.0
5834,Email,2024-09-26,1,0,0.0
5834,Google Ads,2024-10-01,2,0,0.0
5834,Content/Webinar,2024-10-02,3,0,0.0
5835,Email,2024-07-21,1,0,0.0
5836,Email,2024-08-29,1,0,0.0
5836,Cold Outbound,2024-08-31,2,0,0.0
5836,Organic/SEO,2024-09-01,3,0,0.0
5836,Email,2024-09-05,4,0,0.0
5836,Organic/SEO,2024-09-05,5,0,0.0
5837,Content/Webinar,2024-04-07,1,0,0.0
5838,Content/Webinar,2024-03-29,1,0,0.0
5838,Content/Webinar,2024-03-30,2,0,0.0
5839,LinkedIn Ads,2024-08-30,1,0,0.0
5839,Organic/SEO,2024-08-31,2,0,0.0
5840,Email,2024-06-10,1,0,0.0
5840,Google Ads,2024-06-12,2,0,0.0
5840,LinkedIn Ads,2024-06-16,3,0,0.0
5841,Organic/SEO,2024-06-07,1,0,0.0
5841,Email,2024-06-09,2,0,0.0
5841,Organic/SEO,2024-06-10,3,0,0.0
5842,LinkedIn Ads,2024-06-03,1,0,0.0
5842,Google Ads,2024-06-06,2,0,0.0
5843,Google Ads,2024-03-31,1,1,5528.74
5844,LinkedIn Ads,2024-10-24,1,0,0.0
5845,LinkedIn Ads,2024-11-03,1,1,11924.06
5846,Organic/SEO,2024-09-28,1,0,0.0
5846,LinkedIn Ads,2024-09-30,2,0,0.0
5847,Cold Outbound,2024-05-14,1,0,0.0
5848,LinkedIn Ads,2024-03-19,1,0,0.0
5848,Cold Outbound,2024-03-20,2,0,0.0
5848,LinkedIn Ads,2024-03-23,3,0,0.0
5849,Google Ads,2024-03-20,1,0,0.0
5849,Google Ads,2024-03-23,2,0,0.0
5849,Google Ads,2024-03-27,3,0,0.0
5849,Content/Webinar,2024-03-31,4,0,0.0
5849,Cold Outbound,2024-04-02,5,0,0.0
5850,Google Ads,2024-08-25,1,0,0.0
5850,Referral,2024-08-30,2,0,0.0
5850,Google Ads,2024-09-02,3,0,0.0
5851,Organic/SEO,2024-04-23,1,0,0.0
5851,Referral,2024-04-28,2,0,0.0
5851,Organic/SEO,2024-04-29,3,0,0.0
5851,Google Ads,2024-05-03,4,0,0.0
5852,LinkedIn Ads,2024-06-03,1,1,10661.35
5852,Cold Outbound,2024-06-05,2,1,10661.35
5852,Content/Webinar,2024-06-10,3,1,10661.35
5853,LinkedIn Ads,2024-04-02,1,0,0.0
5854,Organic/SEO,2024-07-31,1,0,0.0
5854,Cold Outbound,2024-08-03,2,0,0.0
5855,Content/Webinar,2024-08-09,1,0,0.0
5855,Google Ads,2024-08-09,2,0,0.0
5856,Google Ads,2024-05-21,1,0,0.0
5856,Cold Outbound,2024-05-22,2,0,0.0
5857,Google Ads,2024-01-05,1,0,0.0
5857,Cold Outbound,2024-01-08,2,0,0.0
5858,LinkedIn Ads,2024-01-23,1,0,0.0
5858,Cold Outbound,2024-01-28,2,0,0.0
5858,LinkedIn Ads,2024-01-29,3,0,0.0
5859,Google Ads,2024-01-06,1,0,0.0
5859,Cold Outbound,2024-01-08,2,0,0.0
5860,Organic/SEO,2024-08-05,1,0,0.0
5861,Content/Webinar,2024-10-24,1,1,3389.25
5861,Google Ads,2024-10-28,2,1,3389.25
5862,Google Ads,2024-06-05,1,1,7042.8
5862,Cold Outbound,2024-06-07,2,1,7042.8
5863,Google Ads,2024-10-20,1,0,0.0
5864,Referral,2024-05-17,1,0,0.0
5864,Email,2024-05-21,2,0,0.0
5864,Organic/SEO,2024-05-22,3,0,0.0
5865,Google Ads,2024-01-13,1,0,0.0
5865,Content/Webinar,2024-01-15,2,0,0.0
5866,LinkedIn Ads,2024-07-02,1,0,0.0
5866,Google Ads,2024-07-06,2,0,0.0
5867,Referral,2024-01-22,1,0,0.0
5867,Content/Webinar,2024-01-22,2,0,0.0
5867,Email,2024-01-26,3,0,0.0
5867,Content/Webinar,2024-01-30,4,0,0.0
5867,Organic/SEO,2024-02-02,5,0,0.0
5868,Google Ads,2024-05-20,1,0,0.0
5869,Google Ads,2024-06-14,1,0,0.0
5870,Google Ads,2024-02-18,1,0,0.0
5870,LinkedIn Ads,2024-02-22,2,0,0.0
5870,Cold Outbound,2024-02-22,3,0,0.0
5871,LinkedIn Ads,2024-10-22,1,0,0.0
5872,LinkedIn Ads,2024-11-03,1,0,0.0
5872,Cold Outbound,2024-11-05,2,0,0.0
5872,Content/Webinar,2024-11-06,3,0,0.0
5872,LinkedIn Ads,2024-11-10,4,0,0.0
5873,Google Ads,2024-01-07,1,0,0.0
5873,Google Ads,2024-01-09,2,0,0.0
5873,Google Ads,2024-01-11,3,0,0.0
5874,Google Ads,2024-11-05,1,0,0.0
5874,Organic/SEO,2024-11-06,2,0,0.0
5874,Email,2024-11-09,3,0,0.0
5875,Google Ads,2024-09-16,1,0,0.0
5875,Cold Outbound,2024-09-17,2,0,0.0
5875,Email,2024-09-22,3,0,0.0
5876,Email,2024-08-17,1,0,0.0
5877,Content/Webinar,2024-05-11,1,0,0.0
5877,Cold Outbound,2024-05-16,2,0,0.0
5878,Cold Outbound,2024-04-30,1,0,0.0
5878,Cold Outbound,2024-04-30,2,0,0.0
5878,Cold Outbound,2024-05-05,3,0,0.0
5879,Email,2024-05-17,1,0,0.0
5879,Cold Outbound,2024-05-17,2,0,0.0
5880,Cold Outbound,2024-02-02,1,0,0.0
5881,Organic/SEO,2024-04-22,1,0,0.0
5881,Google Ads,2024-04-23,2,0,0.0
5881,Email,2024-04-24,3,0,0.0
5881,Email,2024-04-27,4,0,0.0
5882,Google Ads,2024-07-24,1,0,0.0
5882,Email,2024-07-24,2,0,0.0
5882,Referral,2024-07-24,3,0,0.0
5883,Email,2024-07-08,1,0,0.0
5883,Google Ads,2024-07-13,2,0,0.0
5883,Cold Outbound,2024-07-15,3,0,0.0
5883,Email,2024-07-18,4,0,0.0
5883,LinkedIn Ads,2024-07-21,5,0,0.0
5884,Google Ads,2024-02-07,1,1,9618.37
5884,Google Ads,2024-02-09,2,1,9618.37
5884,Google Ads,2024-02-10,3,1,9618.37
5884,Google Ads,2024-02-12,4,1,9618.37
5885,Google Ads,2024-10-30,1,0,0.0
5885,Cold Outbound,2024-11-01,2,0,0.0
5886,Organic/SEO,2024-09-22,1,0,0.0
5886,Content/Webinar,2024-09-25,2,0,0.0
5886,LinkedIn Ads,2024-09-30,3,0,0.0
5887,Google Ads,2024-08-29,1,0,0.0
5887,Organic/SEO,2024-08-30,2,0,0.0
5888,Google Ads,2024-09-30,1,0,0.0
5888,Content/Webinar,2024-09-30,2,0,0.0
5888,Email,2024-10-03,3,0,0.0
5889,LinkedIn Ads,2024-09-18,1,0,0.0
5889,Referral,2024-09-19,2,0,0.0
5890,LinkedIn Ads,2024-04-27,1,0,0.0
5891,Organic/SEO,2024-03-17,1,0,0.0
5892,Referral,2024-08-15,1,0,0.0
5892,Cold Outbound,2024-08-18,2,0,0.0
5892,LinkedIn Ads,2024-08-20,3,0,0.0
5892,Organic/SEO,2024-08-21,4,0,0.0
5892,LinkedIn Ads,2024-08-22,5,0,0.0
5893,LinkedIn Ads,2024-04-11,1,1,7317.46
5894,Cold Outbound,2024-01-28,1,0,0.0
5894,Referral,2024-02-01,2,0,0.0
5894,Cold Outbound,2024-02-05,3,0,0.0
5895,LinkedIn Ads,2024-08-27,1,0,0.0
5895,Google Ads,2024-08-30,2,0,0.0
5896,LinkedIn Ads,2024-09-23,1,1,10708.66
5896,LinkedIn Ads,2024-09-27,2,1,10708.66
5896,Email,2024-10-02,3,1,10708.66
5896,Google Ads,2024-10-05,4,1,10708.66
5897,Organic/SEO,2024-08-24,1,0,0.0
5897,Organic/SEO,2024-08-24,2,0,0.0
5898,Organic/SEO,2024-07-24,1,0,0.0
5899,LinkedIn Ads,2024-01-02,1,1,6195.63
5899,Content/Webinar,2024-01-03,2,1,6195.63
5899,LinkedIn Ads,2024-01-05,3,1,6195.63
5899,Google Ads,2024-01-10,4,1,6195.63
5899,LinkedIn Ads,2024-01-13,5,1,6195.63
5900,Email,2024-04-06,1,0,0.0
5900,Content/Webinar,2024-04-08,2,0,0.0
5900,Organic/SEO,2024-04-12,3,0,0.0
5900,Google Ads,2024-04-13,4,0,0.0
5900,Content/Webinar,2024-04-15,5,0,0.0
5901,Email,2024-03-16,1,1,9792.39
5902,Content/Webinar,2024-09-13,1,1,7287.42
5902,Organic/SEO,2024-09-17,2,1,7287.42
5902,Google Ads,2024-09-18,3,1,7287.42
5903,Content/Webinar,2024-05-01,1,0,0.0
5904,Email,2024-04-04,1,0,0.0
5904,Content/Webinar,2024-04-07,2,0,0.0
5904,Content/Webinar,2024-04-08,3,0,0.0
5905,LinkedIn Ads,2024-06-22,1,0,0.0
5905,LinkedIn Ads,2024-06-24,2,0,0.0
5906,Google Ads,2024-11-16,1,0,0.0
5906,Referral,2024-11-16,2,0,0.0
5907,Cold Outbound,2024-01-07,1,0,0.0
5907,Google Ads,2024-01-10,2,0,0.0
5907,Google Ads,2024-01-10,3,0,0.0
5908,Cold Outbound,2024-05-28,1,1,5381.66
5909,Referral,2024-02-17,1,0,0.0
5910,Organic/SEO,2024-09-24,1,0,0.0
5910,LinkedIn Ads,2024-09-24,2,0,0.0
5910,LinkedIn Ads,2024-09-25,3,0,0.0
5911,Email,2024-05-26,1,1,10003.23
5911,Google Ads,2024-05-26,2,1,10003.23
5911,LinkedIn Ads,2024-05-30,3,1,10003.23
5911,Google Ads,2024-06-02,4,1,10003.23
5912,Google Ads,2024-06-25,1,0,0.0
5912,LinkedIn Ads,2024-06-27,2,0,0.0
5912,Organic/SEO,2024-06-29,3,0,0.0
5913,Content/Webinar,2024-03-07,1,0,0.0
5913,Google Ads,2024-03-09,2,0,0.0
5914,LinkedIn Ads,2024-10-31,1,0,0.0
5915,Email,2024-01-25,1,0,0.0
5915,Cold Outbound,2024-01-28,2,0,0.0
5915,Email,2024-01-30,3,0,0.0
5916,Google Ads,2024-04-24,1,0,0.0
5916,Cold Outbound,2024-04-28,2,0,0.0
5917,Cold Outbound,2024-10-24,1,0,0.0
5918,Google Ads,2024-01-16,1,0,0.0
5918,Content/Webinar,2024-01-17,2,0,0.0
5918,Google Ads,2024-01-22,3,0,0.0
5918,Email,2024-01-22,4,0,0.0
5919,Organic/SEO,2024-07-09,1,0,0.0
5920,LinkedIn Ads,2024-10-15,1,0,0.0
5920,Cold Outbound,2024-10-16,2,0,0.0
5920,Referral,2024-10-20,3,0,0.0
5921,Email,2024-07-17,1,0,0.0
5921,Content/Webinar,2024-07-17,2,0,0.0
5922,Google Ads,2024-08-19,1,0,0.0
5922,Google Ads,2024-08-24,2,0,0.0
5922,Google Ads,2024-08-24,3,0,0.0
5922,Google Ads,2024-08-24,4,0,0.0
5923,Google Ads,2024-04-29,1,0,0.0
5923,Email,2024-05-03,2,0,0.0
5923,Google Ads,2024-05-04,3,0,0.0
5923,Organic/SEO,2024-05-09,4,0,0.0
5924,Google Ads,2024-06-27,1,0,0.0
5924,Google Ads,2024-06-30,2,0,0.0
5925,Cold Outbound,2024-03-01,1,0,0.0
5925,Cold Outbound,2024-03-04,2,0,0.0
5925,Content/Webinar,2024-03-07,3,0,0.0
5926,Google Ads,2024-02-06,1,0,0.0
5927,Email,2024-05-22,1,0,0.0
5928,Content/Webinar,2024-04-09,1,1,5106.41
5928,Email,2024-04-12,2,1,5106.41
5929,Cold Outbound,2024-03-23,1,0,0.0
5930,Organic/SEO,2024-02-13,1,0,0.0
5930,Cold Outbound,2024-02-14,2,0,0.0
5931,Organic/SEO,2024-08-09,1,0,0.0
5932,Cold Outbound,2024-06-18,1,1,5694.71
5932,Email,2024-06-19,2,1,5694.71
5933,Email,2024-01-13,1,0,0.0
5934,Organic/SEO,2024-11-18,1,0,0.0
5935,Cold Outbound,2024-03-20,1,0,0.0
5936,Organic/SEO,2024-07-11,1,1,10431.33
5936,Referral,2024-07-16,2,1,10431.33
5936,Google Ads,2024-07-16,3,1,10431.33
5937,Content/Webinar,2024-10-15,1,0,0.0
5937,Cold Outbound,2024-10-19,2,0,0.0
5937,Content/Webinar,2024-10-20,3,0,0.0
5938,Content/Webinar,2024-05-18,1,1,5892.09
5938,Cold Outbound,2024-05-19,2,1,5892.09
5938,Content/Webinar,2024-05-24,3,1,5892.09
5939,Email,2024-06-26,1,0,0.0
5940,LinkedIn Ads,2024-07-15,1,0,0.0
5940,LinkedIn Ads,2024-07-19,2,0,0.0
5940,Email,2024-07-24,3,0,0.0
5940,Google Ads,2024-07-27,4,0,0.0
5941,Organic/SEO,2024-04-28,1,0,0.0
5941,LinkedIn Ads,2024-04-28,2,0,0.0
5942,Organic/SEO,2024-02-05,1,1,6432.12
5943,Cold Outbound,2024-09-27,1,0,0.0
5943,Email,2024-10-01,2,0,0.0
5943,Organic/SEO,2024-10-03,3,0,0.0
5944,LinkedIn Ads,2024-08-17,1,0,0.0
5944,Content/Webinar,2024-08-18,2,0,0.0
5945,Email,2024-03-24,1,0,0.0
5946,Cold Outbound,2024-07-02,1,0,0.0
5947,Referral,2024-02-11,1,1,11027.32
5947,Content/Webinar,2024-02-15,2,1,11027.32
5947,Email,2024-02-16,3,1,11027.32
5947,Content/Webinar,2024-02-16,4,1,11027.32
5948,Organic/SEO,2024-07-15,1,1,13490.8
5948,Organic/SEO,2024-07-15,2,1,13490.8
5948,Referral,2024-07-17,3,1,13490.8
5948,Referral,2024-07-21,4,1,13490.8
5949,Google Ads,2024-06-11,1,0,0.0
5950,LinkedIn Ads,2024-04-19,1,0,0.0
5950,Email,2024-04-19,2,0,0.0
5950,Google Ads,2024-04-19,3,0,0.0
5951,LinkedIn Ads,2024-08-17,1,1,8889.78
5951,LinkedIn Ads,2024-08-17,2,1,8889.78
5952,Organic/SEO,2024-08-21,1,0,0.0
5953,Google Ads,2024-03-13,1,1,11209.69
5953,Cold Outbound,2024-03-17,2,1,11209.69
5953,LinkedIn Ads,2024-03-21,3,1,11209.69
5954,Organic/SEO,2024-10-23,1,0,0.0
5954,Cold Outbound,2024-10-23,2,0,0.0
5955,Cold Outbound,2024-03-09,1,0,0.0
5955,LinkedIn Ads,2024-03-10,2,0,0.0
5955,LinkedIn Ads,2024-03-12,3,0,0.0
5955,Email,2024-03-13,4,0,0.0
5956,Cold Outbound,2024-10-10,1,0,0.0
5956,Email,2024-10-13,2,0,0.0
5957,LinkedIn Ads,2024-09-30,1,0,0.0
5958,Referral,2024-08-05,1,0,0.0
5958,Content/Webinar,2024-08-07,2,0,0.0
5958,Cold Outbound,2024-08-10,3,0,0.0
5959,Cold Outbound,2024-06-17,1,0,0.0
5959,LinkedIn Ads,2024-06-19,2,0,0.0
5959,Organic/SEO,2024-06-24,3,0,0.0
5959,Cold Outbound,2024-06-24,4,0,0.0
5960,Organic/SEO,2024-06-22,1,0,0.0
5960,Google Ads,2024-06-23,2,0,0.0
5961,Email,2024-08-10,1,0,0.0
5961,Cold Outbound,2024-08-11,2,0,0.0
5961,Organic/SEO,2024-08-12,3,0,0.0
5961,Cold Outbound,2024-08-12,4,0,0.0
5962,Organic/SEO,2024-02-23,1,0,0.0
5963,Cold Outbound,2024-03-31,1,0,0.0
5963,Content/Webinar,2024-04-02,2,0,0.0
5964,Email,2024-06-13,1,1,7316.13
5964,Email,2024-06-14,2,1,7316.13
5965,Email,2024-06-20,1,0,0.0
5965,Organic/SEO,2024-06-25,2,0,0.0
5966,Organic/SEO,2024-10-22,1,0,0.0
5966,Cold Outbound,2024-10-23,2,0,0.0
5966,Email,2024-10-27,3,0,0.0
5966,LinkedIn Ads,2024-11-01,4,0,0.0
5967,Referral,2024-07-05,1,0,0.0
5967,LinkedIn Ads,2024-07-07,2,0,0.0
5967,Google Ads,2024-07-09,3,0,0.0
5968,Organic/SEO,2024-08-02,1,0,0.0
5968,Email,2024-08-03,2,0,0.0
5969,Content/Webinar,2024-08-31,1,0,0.0
5969,Cold Outbound,2024-09-02,2,0,0.0
5969,Google Ads,2024-09-04,3,0,0.0
5970,Content/Webinar,2024-04-09,1,0,0.0
5970,Email,2024-04-11,2,0,0.0
5970,Email,2024-04-15,3,0,0.0
5971,Content/Webinar,2024-04-15,1,0,0.0
5972,LinkedIn Ads,2024-11-24,1,1,12371.46
5973,Cold Outbound,2024-02-20,1,0,0.0
5973,Cold Outbound,2024-02-21,2,0,0.0
5973,LinkedIn Ads,2024-02-25,3,0,0.0
5974,LinkedIn Ads,2024-08-18,1,0,0.0
5974,Google Ads,2024-08-23,2,0,0.0
5974,Content/Webinar,2024-08-24,3,0,0.0
5975,Cold Outbound,2024-05-19,1,0,0.0
5975,Email,2024-05-19,2,0,0.0
5975,Email,2024-05-21,3,0,0.0
5975,Google Ads,2024-05-24,4,0,0.0
5975,LinkedIn Ads,2024-05-27,5,0,0.0
5976,Content/Webinar,2024-10-20,1,0,0.0
5976,Google Ads,2024-10-23,2,0,0.0
5977,Email,2024-10-13,1,0,0.0
5977,Google Ads,2024-10-15,2,0,0.0
5977,Cold Outbound,2024-10-20,3,0,0.0
5978,Cold Outbound,2024-01-05,1,0,0.0
5979,Cold Outbound,2024-11-09,1,1,14846.42
5979,Content/Webinar,2024-11-09,2,1,14846.42
5980,Email,2024-06-06,1,0,0.0
5980,Google Ads,2024-06-11,2,0,0.0
5980,Google Ads,2024-06-14,3,0,0.0
5980,Content/Webinar,2024-06-14,4,0,0.0
5980,Organic/SEO,2024-06-17,5,0,0.0
5981,Organic/SEO,2024-06-22,1,0,0.0
5981,Organic/SEO,2024-06-25,2,0,0.0
5982,Email,2024-01-16,1,0,0.0
5983,Google Ads,2024-07-13,1,0,0.0
5983,Email,2024-07-16,2,0,0.0
5984,Cold Outbound,2024-06-23,1,0,0.0
5984,Organic/SEO,2024-06-28,2,0,0.0
5984,Google Ads,2024-07-03,3,0,0.0
5984,Google Ads,2024-07-08,4,0,0.0
5985,Organic/SEO,2024-11-01,1,1,5325.94
5985,Cold Outbound,2024-11-06,2,1,5325.94
5986,Organic/SEO,2024-02-06,1,0,0.0
5987,Content/Webinar,2024-05-07,1,1,7326.05
5987,Google Ads,2024-05-12,2,1,7326.05
5987,LinkedIn Ads,2024-05-16,3,1,7326.05
5988,Google Ads,2024-09-08,1,0,0.0
5988,Email,2024-09-13,2,0,0.0
5988,LinkedIn Ads,2024-09-15,3,0,0.0
5989,Cold Outbound,2024-04-18,1,0,0.0
5989,Organic/SEO,2024-04-20,2,0,0.0
5989,Cold Outbound,2024-04-23,3,0,0.0
5989,Organic/SEO,2024-04-26,4,0,0.0
5989,Cold Outbound,2024-04-28,5,0,0.0
5990,Content/Webinar,2024-01-21,1,0,0.0
5990,Google Ads,2024-01-22,2,0,0.0
5990,Google Ads,2024-01-22,3,0,0.0
5990,LinkedIn Ads,2024-01-23,4,0,0.0
5991,LinkedIn Ads,2024-11-09,1,1,5981.37
5991,LinkedIn Ads,2024-11-09,2,1,5981.37
5992,Cold Outbound,2024-11-13,1,0,0.0
5993,Cold Outbound,2024-02-19,1,0,0.0
5993,Content/Webinar,2024-02-20,2,0,0.0
5994,LinkedIn Ads,2024-03-12,1,0,0.0
5994,Referral,2024-03-15,2,0,0.0
5995,Cold Outbound,2024-10-15,1,0,0.0
5995,Google Ads,2024-10-18,2,0,0.0
5995,Referral,2024-10-21,3,0,0.0
5995,Google Ads,2024-10-25,4,0,0.0
5996,Cold Outbound,2024-02-04,1,0,0.0
5997,Google Ads,2024-04-09,1,0,0.0
5997,Google Ads,2024-04-10,2,0,0.0
5997,Cold Outbound,2024-04-12,3,0,0.0
5998,Cold Outbound,2024-03-24,1,0,0.0
5998,Cold Outbound,2024-03-27,2,0,0.0
5998,Google Ads,2024-03-28,3,0,0.0
5998,Organic/SEO,2024-03-28,4,0,0.0
5999,Content/Webinar,2024-05-28,1,0,0.0
5999,LinkedIn Ads,2024-06-01,2,0,0.0
6000,Organic/SEO,2024-09-29,1,0,0.0
6000,LinkedIn Ads,2024-09-30,2,0,0.0
6000,Google Ads,2024-10-01,3,0,0.0
